{
	"start":	{
		"connected":	[{
				"socket":	5,
				"local_host":	"192.0.1.254",
				"local_port":	52888,
				"remote_host":	"192.0.2.254",
				"remote_port":	5201
			}],
		"version":	"iperf 3.16",
		"system_info":	"Linux lab-dd2 6.8.0-100-generic #100-Ubuntu SMP PREEMPT_DYNAMIC Tue Jan 13 16:40:06 UTC 2026 x86_64",
		"timestamp":	{
			"time":	"Thu, 19 Mar 2026 06:16:41 GMT",
			"timesecs":	1773901001
		},
		"connecting_to":	{
			"host":	"192.0.2.254",
			"port":	5201
		},
		"cookie":	"ucx7nrqxz2n3j37ot4nb2ef53nlwlrdyoyqi",
		"tcp_mss_default":	8894,
		"target_bitrate":	15000000000,
		"fq_rate":	0,
		"sock_bufsize":	0,
		"sndbuf_actual":	16384,
		"rcvbuf_actual":	131072,
		"test_start":	{
			"protocol":	"TCP",
			"num_streams":	1,
			"blksize":	131072,
			"omit":	0,
			"duration":	10,
			"bytes":	0,
			"blocks":	0,
			"reverse":	0,
			"tos":	0,
			"target_bitrate":	15000000000,
			"bidir":	0,
			"fqrate":	0
		}
	},
	"intervals":	[{
			"streams":	[{
					"socket":	5,
					"start":	0,
					"end":	2.000055,
					"seconds":	2.0000550746917725,
					"bytes":	3746562048,
					"bits_per_second":	14985835521.86384,
					"retransmits":	5,
					"snd_cwnd":	2970596,
					"snd_wnd":	5220352,
					"rtt":	739,
					"rttvar":	32,
					"pmtu":	8946,
					"omitted":	false,
					"sender":	true
				}],
			"sum":	{
				"start":	0,
				"end":	2.000055,
				"seconds":	2.0000550746917725,
				"bytes":	3746562048,
				"bits_per_second":	14985835521.86384,
				"retransmits":	5,
				"omitted":	false,
				"sender":	true
			}
		}, {
			"streams":	[{
					"socket":	5,
					"start":	2.000055,
					"end":	4.000054,
					"seconds":	1.9999990463256836,
					"bytes":	3674865664,
					"bits_per_second":	14699469665.253342,
					"retransmits":	10,
					"snd_cwnd":	1983362,
					"snd_wnd":	5429760,
					"rtt":	1167,
					"rttvar":	104,
					"pmtu":	8946,
					"omitted":	false,
					"sender":	true
				}],
			"sum":	{
				"start":	2.000055,
				"end":	4.000054,
				"seconds":	1.9999990463256836,
				"bytes":	3674865664,
				"bits_per_second":	14699469665.253342,
				"retransmits":	10,
				"omitted":	false,
				"sender":	true
			}
		}, {
			"streams":	[{
					"socket":	5,
					"start":	4.000054,
					"end":	6.000053,
					"seconds":	1.9999990463256836,
					"bytes":	3025403904,
					"bits_per_second":	12101621386.502752,
					"retransmits":	102,
					"snd_cwnd":	2685988,
					"snd_wnd":	5220352,
					"rtt":	1223,
					"rttvar":	484,
					"pmtu":	8946,
					"omitted":	false,
					"sender":	true
				}],
			"sum":	{
				"start":	4.000054,
				"end":	6.000053,
				"seconds":	1.9999990463256836,
				"bytes":	3025403904,
				"bits_per_second":	12101621386.502752,
				"retransmits":	102,
				"omitted":	false,
				"sender":	true
			}
		}, {
			"streams":	[{
					"socket":	5,
					"start":	6.000053,
					"end":	8.000054,
					"seconds":	2.0000009536743164,
					"bytes":	3126853632,
					"bits_per_second":	12507408564.002844,
					"retransmits":	205,
					"snd_cwnd":	2783822,
					"snd_wnd":	5237888,
					"rtt":	2023,
					"rttvar":	58,
					"pmtu":	8946,
					"omitted":	false,
					"sender":	true
				}],
			"sum":	{
				"start":	6.000053,
				"end":	8.000054,
				"seconds":	2.0000009536743164,
				"bytes":	3126853632,
				"bits_per_second":	12507408564.002844,
				"retransmits":	205,
				"omitted":	false,
				"sender":	true
			}
		}, {
			"streams":	[{
					"socket":	5,
					"start":	8.000054,
					"end":	10.000339,
					"seconds":	2.0002849102020264,
					"bytes":	2684223488,
					"bits_per_second":	10735364644.545149,
					"retransmits":	159,
					"snd_cwnd":	2810504,
					"snd_wnd":	5281408,
					"rtt":	1767,
					"rttvar":	147,
					"pmtu":	8946,
					"omitted":	false,
					"sender":	true
				}],
			"sum":	{
				"start":	8.000054,
				"end":	10.000339,
				"seconds":	2.0002849102020264,
				"bytes":	2684223488,
				"bits_per_second":	10735364644.545149,
				"retransmits":	159,
				"omitted":	false,
				"sender":	true
			}
		}],
	"end":	{
		"streams":	[{
				"sender":	{
					"socket":	5,
					"start":	0,
					"end":	10.000339,
					"seconds":	10.000339,
					"bytes":	16305094656,
					"bits_per_second":	13043633545.6228,
					"retransmits":	481,
					"max_snd_cwnd":	2970596,
					"max_snd_wnd":	5429760,
					"max_rtt":	2023,
					"min_rtt":	739,
					"mean_rtt":	1383,
					"sender":	true
				},
				"receiver":	{
					"socket":	5,
					"start":	0,
					"end":	10.002184,
					"seconds":	10.000339,
					"bytes":	16305094656,
					"bits_per_second":	13041227520.709476,
					"sender":	true
				}
			}],
		"sum_sent":	{
			"start":	0,
			"end":	10.000339,
			"seconds":	10.000339,
			"bytes":	16305094656,
			"bits_per_second":	13043633545.6228,
			"retransmits":	481,
			"sender":	true
		},
		"sum_received":	{
			"start":	0,
			"end":	10.002184,
			"seconds":	10.002184,
			"bytes":	16305094656,
			"bits_per_second":	13041227520.709476,
			"sender":	true
		},
		"cpu_utilization_percent":	{
			"host_total":	87.62439234265,
			"host_user":	3.44016624207267,
			"host_system":	84.184206103215,
			"remote_total":	21.2897318066807,
			"remote_user":	0.864540838464544,
			"remote_system":	20.42522096165359
		},
		"sender_tcp_congestion":	"cubic",
		"receiver_tcp_congestion":	"cubic"
	}
}
