{
	"start":	{
		"connected":	[{
				"socket":	5,
				"local_host":	"192.0.1.254",
				"local_port":	46646,
				"remote_host":	"192.0.2.254",
				"remote_port":	5201
			}],
		"version":	"iperf 3.16",
		"system_info":	"Linux lab-dd2 6.8.0-100-generic #100-Ubuntu SMP PREEMPT_DYNAMIC Tue Jan 13 16:40:06 UTC 2026 x86_64",
		"timestamp":	{
			"time":	"Thu, 19 Mar 2026 06:21:41 GMT",
			"timesecs":	1773901301
		},
		"connecting_to":	{
			"host":	"192.0.2.254",
			"port":	5201
		},
		"cookie":	"pwb6eyq5o2bm4zikfkto4szpijownywxn4vg",
		"tcp_mss_default":	8894,
		"target_bitrate":	18000000000,
		"fq_rate":	0,
		"sock_bufsize":	0,
		"sndbuf_actual":	16384,
		"rcvbuf_actual":	131072,
		"test_start":	{
			"protocol":	"TCP",
			"num_streams":	1,
			"blksize":	131072,
			"omit":	0,
			"duration":	10,
			"bytes":	0,
			"blocks":	0,
			"reverse":	0,
			"tos":	0,
			"target_bitrate":	18000000000,
			"bidir":	0,
			"fqrate":	0
		}
	},
	"intervals":	[{
			"streams":	[{
					"socket":	5,
					"start":	0,
					"end":	2.000056,
					"seconds":	2.0000560283660889,
					"bytes":	3184787456,
					"bits_per_second":	12738792957.122334,
					"retransmits":	101,
					"snd_cwnd":	3877784,
					"snd_wnd":	5394944,
					"rtt":	1254,
					"rttvar":	737,
					"pmtu":	8946,
					"omitted":	false,
					"sender":	true
				}],
			"sum":	{
				"start":	0,
				"end":	2.000056,
				"seconds":	2.0000560283660889,
				"bytes":	3184787456,
				"bits_per_second":	12738792957.122334,
				"retransmits":	101,
				"omitted":	false,
				"sender":	true
			}
		}, {
			"streams":	[{
					"socket":	5,
					"start":	2.000056,
					"end":	4.000059,
					"seconds":	2.0000030994415283,
					"bytes":	3236560896,
					"bits_per_second":	12946223520.968592,
					"retransmits":	53,
					"snd_cwnd":	2739352,
					"snd_wnd":	5272576,
					"rtt":	1633,
					"rttvar":	113,
					"pmtu":	8946,
					"omitted":	false,
					"sender":	true
				}],
			"sum":	{
				"start":	2.000056,
				"end":	4.000059,
				"seconds":	2.0000030994415283,
				"bytes":	3236560896,
				"bits_per_second":	12946223520.968592,
				"retransmits":	53,
				"omitted":	false,
				"sender":	true
			}
		}, {
			"streams":	[{
					"socket":	5,
					"start":	4.000059,
					"end":	6.00006,
					"seconds":	2.0000009536743164,
					"bytes":	3089891328,
					"bits_per_second":	12359559418.50281,
					"retransmits":	304,
					"snd_cwnd":	2970596,
					"snd_wnd":	5394944,
					"rtt":	217,
					"rttvar":	49,
					"pmtu":	8946,
					"omitted":	false,
					"sender":	true
				}],
			"sum":	{
				"start":	4.000059,
				"end":	6.00006,
				"seconds":	2.0000009536743164,
				"bytes":	3089891328,
				"bits_per_second":	12359559418.50281,
				"retransmits":	304,
				"omitted":	false,
				"sender":	true
			}
		}, {
			"streams":	[{
					"socket":	5,
					"start":	6.00006,
					"end":	8.00006,
					"seconds":	2,
					"bytes":	3511681024,
					"bits_per_second":	14046724096,
					"retransmits":	137,
					"snd_cwnd":	2819398,
					"snd_wnd":	5368704,
					"rtt":	1022,
					"rttvar":	544,
					"pmtu":	8946,
					"omitted":	false,
					"sender":	true
				}],
			"sum":	{
				"start":	6.00006,
				"end":	8.00006,
				"seconds":	2,
				"bytes":	3511681024,
				"bits_per_second":	14046724096,
				"retransmits":	137,
				"omitted":	false,
				"sender":	true
			}
		}, {
			"streams":	[{
					"socket":	5,
					"start":	8.00006,
					"end":	10.000283,
					"seconds":	2.00022292137146,
					"bytes":	3252682752,
					"bits_per_second":	13009280984.6206,
					"retransmits":	40,
					"snd_cwnd":	3441978,
					"snd_wnd":	5394944,
					"rtt":	280,
					"rttvar":	40,
					"pmtu":	8946,
					"omitted":	false,
					"sender":	true
				}],
			"sum":	{
				"start":	8.00006,
				"end":	10.000283,
				"seconds":	2.00022292137146,
				"bytes":	3252682752,
				"bits_per_second":	13009280984.6206,
				"retransmits":	40,
				"omitted":	false,
				"sender":	true
			}
		}],
	"end":	{
		"streams":	[{
				"sender":	{
					"socket":	5,
					"start":	0,
					"end":	10.000283,
					"seconds":	10.000283,
					"bytes":	16391733248,
					"bits_per_second":	13113015500.061348,
					"retransmits":	635,
					"max_snd_cwnd":	3877784,
					"max_snd_wnd":	5394944,
					"max_rtt":	1633,
					"min_rtt":	217,
					"mean_rtt":	881,
					"sender":	true
				},
				"receiver":	{
					"socket":	5,
					"start":	0,
					"end":	10.000416,
					"seconds":	10.000283,
					"bytes":	16391733248,
					"bits_per_second":	13112841104.210066,
					"sender":	true
				}
			}],
		"sum_sent":	{
			"start":	0,
			"end":	10.000283,
			"seconds":	10.000283,
			"bytes":	16391733248,
			"bits_per_second":	13113015500.061348,
			"retransmits":	635,
			"sender":	true
		},
		"sum_received":	{
			"start":	0,
			"end":	10.000416,
			"seconds":	10.000416,
			"bytes":	16391733248,
			"bits_per_second":	13112841104.210066,
			"sender":	true
		},
		"cpu_utilization_percent":	{
			"host_total":	89.4706762054808,
			"host_user":	0.23142799350849777,
			"host_system":	89.2392582105895,
			"remote_total":	21.9688541268142,
			"remote_user":	0.90768133277522378,
			"remote_system":	21.061182793612993
		},
		"sender_tcp_congestion":	"cubic",
		"receiver_tcp_congestion":	"cubic"
	}
}
