{
	"start":	{
		"connected":	[{
				"socket":	5,
				"local_host":	"192.0.1.254",
				"local_port":	41466,
				"remote_host":	"192.0.2.254",
				"remote_port":	5201
			}],
		"version":	"iperf 3.16",
		"system_info":	"Linux lab-dd2 6.8.0-100-generic #100-Ubuntu SMP PREEMPT_DYNAMIC Tue Jan 13 16:40:06 UTC 2026 x86_64",
		"timestamp":	{
			"time":	"Thu, 19 Mar 2026 06:24:41 GMT",
			"timesecs":	1773901481
		},
		"connecting_to":	{
			"host":	"192.0.2.254",
			"port":	5201
		},
		"cookie":	"a53ishrtat4piplmfkcj67fgxzjvin4nbsz3",
		"tcp_mss_default":	8894,
		"target_bitrate":	20000000000,
		"fq_rate":	0,
		"sock_bufsize":	0,
		"sndbuf_actual":	16384,
		"rcvbuf_actual":	131072,
		"test_start":	{
			"protocol":	"TCP",
			"num_streams":	1,
			"blksize":	131072,
			"omit":	0,
			"duration":	10,
			"bytes":	0,
			"blocks":	0,
			"reverse":	0,
			"tos":	0,
			"target_bitrate":	20000000000,
			"bidir":	0,
			"fqrate":	0
		}
	},
	"intervals":	[{
			"streams":	[{
					"socket":	5,
					"start":	0,
					"end":	2.000053,
					"seconds":	2.00005292892456,
					"bytes":	3982884864,
					"bits_per_second":	15931117847.53264,
					"retransmits":	18,
					"snd_cwnd":	3237416,
					"snd_wnd":	5394944,
					"rtt":	1693,
					"rttvar":	266,
					"pmtu":	8946,
					"omitted":	false,
					"sender":	true
				}],
			"sum":	{
				"start":	0,
				"end":	2.000053,
				"seconds":	2.00005292892456,
				"bytes":	3982884864,
				"bits_per_second":	15931117847.53264,
				"retransmits":	18,
				"omitted":	false,
				"sender":	true
			}
		}, {
			"streams":	[{
					"socket":	5,
					"start":	2.000053,
					"end":	4.000058,
					"seconds":	2.0000050067901611,
					"bytes":	2983985152,
					"bits_per_second":	11935910727.6998,
					"retransmits":	19,
					"snd_cwnd":	2214606,
					"snd_wnd":	5333888,
					"rtt":	1364,
					"rttvar":	111,
					"pmtu":	8946,
					"omitted":	false,
					"sender":	true
				}],
			"sum":	{
				"start":	2.000053,
				"end":	4.000058,
				"seconds":	2.0000050067901611,
				"bytes":	2983985152,
				"bits_per_second":	11935910727.6998,
				"retransmits":	19,
				"omitted":	false,
				"sender":	true
			}
		}, {
			"streams":	[{
					"socket":	5,
					"start":	4.000058,
					"end":	6.000056,
					"seconds":	1.9999979734420776,
					"bytes":	3073114112,
					"bits_per_second":	12292468903.700121,
					"retransmits":	6,
					"snd_cwnd":	3459766,
					"snd_wnd":	5342464,
					"rtt":	1692,
					"rttvar":	475,
					"pmtu":	8946,
					"omitted":	false,
					"sender":	true
				}],
			"sum":	{
				"start":	4.000058,
				"end":	6.000056,
				"seconds":	1.9999979734420776,
				"bytes":	3073114112,
				"bits_per_second":	12292468903.700121,
				"retransmits":	6,
				"omitted":	false,
				"sender":	true
			}
		}, {
			"streams":	[{
					"socket":	5,
					"start":	6.000056,
					"end":	8.000056,
					"seconds":	2,
					"bytes":	3689152512,
					"bits_per_second":	14756610048,
					"retransmits":	9,
					"snd_cwnd":	2276864,
					"snd_wnd":	5159296,
					"rtt":	473,
					"rttvar":	88,
					"pmtu":	8946,
					"omitted":	false,
					"sender":	true
				}],
			"sum":	{
				"start":	6.000056,
				"end":	8.000056,
				"seconds":	2,
				"bytes":	3689152512,
				"bits_per_second":	14756610048,
				"retransmits":	9,
				"omitted":	false,
				"sender":	true
			}
		}, {
			"streams":	[{
					"socket":	5,
					"start":	8.000056,
					"end":	10.000287,
					"seconds":	2.00023102760315,
					"bytes":	4034920448,
					"bits_per_second":	16137817651.333975,
					"retransmits":	119,
					"snd_cwnd":	2472532,
					"snd_wnd":	5455872,
					"rtt":	246,
					"rttvar":	43,
					"pmtu":	8946,
					"omitted":	false,
					"sender":	true
				}],
			"sum":	{
				"start":	8.000056,
				"end":	10.000287,
				"seconds":	2.00023102760315,
				"bytes":	4034920448,
				"bits_per_second":	16137817651.333975,
				"retransmits":	119,
				"omitted":	false,
				"sender":	true
			}
		}],
	"end":	{
		"streams":	[{
				"sender":	{
					"socket":	5,
					"start":	0,
					"end":	10.000287,
					"seconds":	10.000287,
					"bytes":	17833394176,
					"bits_per_second":	14266305897.820732,
					"retransmits":	171,
					"max_snd_cwnd":	3459766,
					"max_snd_wnd":	5455872,
					"max_rtt":	1693,
					"min_rtt":	246,
					"mean_rtt":	1093,
					"sender":	true
				},
				"receiver":	{
					"socket":	5,
					"start":	0,
					"end":	10.000427,
					"seconds":	10.000287,
					"bytes":	17833394176,
					"bits_per_second":	14266106178.066196,
					"sender":	true
				}
			}],
		"sum_sent":	{
			"start":	0,
			"end":	10.000287,
			"seconds":	10.000287,
			"bytes":	17833394176,
			"bits_per_second":	14266305897.820732,
			"retransmits":	171,
			"sender":	true
		},
		"sum_received":	{
			"start":	0,
			"end":	10.000427,
			"seconds":	10.000427,
			"bytes":	17833394176,
			"bits_per_second":	14266106178.066196,
			"sender":	true
		},
		"cpu_utilization_percent":	{
			"host_total":	90.858483000184677,
			"host_user":	0.3313705926446367,
			"host_system":	90.527112407540031,
			"remote_total":	23.263904061830871,
			"remote_user":	1.055063471700898,
			"remote_system":	22.208850589688993
		},
		"sender_tcp_congestion":	"cubic",
		"receiver_tcp_congestion":	"cubic"
	}
}
