{
	"start":	{
		"connected":	[{
				"socket":	5,
				"local_host":	"192.0.1.254",
				"local_port":	36040,
				"remote_host":	"192.0.2.254",
				"remote_port":	5201
			}],
		"version":	"iperf 3.16",
		"system_info":	"Linux lab-dd2 6.8.0-100-generic #100-Ubuntu SMP PREEMPT_DYNAMIC Tue Jan 13 16:40:06 UTC 2026 x86_64",
		"timestamp":	{
			"time":	"Thu, 19 Mar 2026 06:15:11 GMT",
			"timesecs":	1773900911
		},
		"connecting_to":	{
			"host":	"192.0.2.254",
			"port":	5201
		},
		"cookie":	"pvtsnrkivpd3lokfkw5p34em2orumxwedck4",
		"tcp_mss_default":	8894,
		"target_bitrate":	14000000000,
		"fq_rate":	0,
		"sock_bufsize":	0,
		"sndbuf_actual":	16384,
		"rcvbuf_actual":	131072,
		"test_start":	{
			"protocol":	"TCP",
			"num_streams":	1,
			"blksize":	131072,
			"omit":	0,
			"duration":	10,
			"bytes":	0,
			"blocks":	0,
			"reverse":	0,
			"tos":	0,
			"target_bitrate":	14000000000,
			"bidir":	0,
			"fqrate":	0
		}
	},
	"intervals":	[{
			"streams":	[{
					"socket":	5,
					"start":	0,
					"end":	2.000059,
					"seconds":	2.0000588893890381,
					"bytes":	3499884544,
					"bits_per_second":	13999125976.0121,
					"retransmits":	175,
					"snd_cwnd":	3940042,
					"snd_wnd":	5342464,
					"rtt":	799,
					"rttvar":	203,
					"pmtu":	8946,
					"omitted":	false,
					"sender":	true
				}],
			"sum":	{
				"start":	0,
				"end":	2.000059,
				"seconds":	2.0000588893890381,
				"bytes":	3499884544,
				"bits_per_second":	13999125976.0121,
				"retransmits":	175,
				"omitted":	false,
				"sender":	true
			}
		}, {
			"streams":	[{
					"socket":	5,
					"start":	2.000059,
					"end":	4.000061,
					"seconds":	2.0000019073486328,
					"bytes":	3496738816,
					"bits_per_second":	13986941925.01272,
					"retransmits":	22,
					"snd_cwnd":	2534790,
					"snd_wnd":	5394944,
					"rtt":	1825,
					"rttvar":	400,
					"pmtu":	8946,
					"omitted":	false,
					"sender":	true
				}],
			"sum":	{
				"start":	2.000059,
				"end":	4.000061,
				"seconds":	2.0000019073486328,
				"bytes":	3496738816,
				"bits_per_second":	13986941925.01272,
				"retransmits":	22,
				"omitted":	false,
				"sender":	true
			}
		}, {
			"streams":	[{
					"socket":	5,
					"start":	4.000061,
					"end":	6.00006,
					"seconds":	1.9999990463256836,
					"bytes":	3497787392,
					"bits_per_second":	13991156239.503181,
					"retransmits":	308,
					"snd_cwnd":	2703776,
					"snd_wnd":	5179264,
					"rtt":	459,
					"rttvar":	24,
					"pmtu":	8946,
					"omitted":	false,
					"sender":	true
				}],
			"sum":	{
				"start":	4.000061,
				"end":	6.00006,
				"seconds":	1.9999990463256836,
				"bytes":	3497787392,
				"bits_per_second":	13991156239.503181,
				"retransmits":	308,
				"omitted":	false,
				"sender":	true
			}
		}, {
			"streams":	[{
					"socket":	5,
					"start":	6.00006,
					"end":	8.000059,
					"seconds":	1.9999990463256836,
					"bytes":	3497132032,
					"bits_per_second":	13988534798.253181,
					"retransmits":	37,
					"snd_cwnd":	2597048,
					"snd_wnd":	5394944,
					"rtt":	498,
					"rttvar":	46,
					"pmtu":	8946,
					"omitted":	false,
					"sender":	true
				}],
			"sum":	{
				"start":	6.00006,
				"end":	8.000059,
				"seconds":	1.9999990463256836,
				"bytes":	3497132032,
				"bits_per_second":	13988534798.253181,
				"retransmits":	37,
				"omitted":	false,
				"sender":	true
			}
		}, {
			"streams":	[{
					"socket":	5,
					"start":	8.000059,
					"end":	10.000295,
					"seconds":	2.00023603439331,
					"bytes":	3499884544,
					"bits_per_second":	13997886184.713381,
					"retransmits":	48,
					"snd_cwnd":	3530918,
					"snd_wnd":	5098240,
					"rtt":	1374,
					"rttvar":	18,
					"pmtu":	8946,
					"omitted":	false,
					"sender":	true
				}],
			"sum":	{
				"start":	8.000059,
				"end":	10.000295,
				"seconds":	2.00023603439331,
				"bytes":	3499884544,
				"bits_per_second":	13997886184.713381,
				"retransmits":	48,
				"omitted":	false,
				"sender":	true
			}
		}],
	"end":	{
		"streams":	[{
				"sender":	{
					"socket":	5,
					"start":	0,
					"end":	10.000295,
					"seconds":	10.000295,
					"bytes":	17499422720,
					"bits_per_second":	13999125201.806547,
					"retransmits":	590,
					"max_snd_cwnd":	3940042,
					"max_snd_wnd":	5394944,
					"max_rtt":	1825,
					"min_rtt":	459,
					"mean_rtt":	991,
					"sender":	true
				},
				"receiver":	{
					"socket":	5,
					"start":	0,
					"end":	10.001334,
					"seconds":	10.000295,
					"bytes":	17499422720,
					"bits_per_second":	13997670886.703714,
					"sender":	true
				}
			}],
		"sum_sent":	{
			"start":	0,
			"end":	10.000295,
			"seconds":	10.000295,
			"bytes":	17499422720,
			"bits_per_second":	13999125201.806547,
			"retransmits":	590,
			"sender":	true
		},
		"sum_received":	{
			"start":	0,
			"end":	10.001334,
			"seconds":	10.001334,
			"bytes":	17499422720,
			"bits_per_second":	13997670886.703714,
			"sender":	true
		},
		"cpu_utilization_percent":	{
			"host_total":	90.3744025584163,
			"host_user":	13.383181416365877,
			"host_system":	76.991221142050435,
			"remote_total":	22.714188127440423,
			"remote_user":	0.54914597512255348,
			"remote_system":	22.165052150970048
		},
		"sender_tcp_congestion":	"cubic",
		"receiver_tcp_congestion":	"cubic"
	}
}
