{
	"start":	{
		"connected":	[{
				"socket":	5,
				"local_host":	"192.0.1.254",
				"local_port":	47792,
				"remote_host":	"192.0.2.254",
				"remote_port":	5201
			}],
		"version":	"iperf 3.16",
		"system_info":	"Linux lab-dd2 6.8.0-100-generic #100-Ubuntu SMP PREEMPT_DYNAMIC Tue Jan 13 16:40:06 UTC 2026 x86_64",
		"timestamp":	{
			"time":	"Thu, 19 Mar 2026 06:10:11 GMT",
			"timesecs":	1773900611
		},
		"connecting_to":	{
			"host":	"192.0.2.254",
			"port":	5201
		},
		"cookie":	"ilc2bii4fln4v3nf3vwhp3txvqicvvcgvh37",
		"tcp_mss_default":	8894,
		"target_bitrate":	11000000000,
		"fq_rate":	0,
		"sock_bufsize":	0,
		"sndbuf_actual":	16384,
		"rcvbuf_actual":	131072,
		"test_start":	{
			"protocol":	"TCP",
			"num_streams":	1,
			"blksize":	131072,
			"omit":	0,
			"duration":	10,
			"bytes":	0,
			"blocks":	0,
			"reverse":	0,
			"tos":	0,
			"target_bitrate":	11000000000,
			"bidir":	0,
			"fqrate":	0
		}
	},
	"intervals":	[{
			"streams":	[{
					"socket":	5,
					"start":	0,
					"end":	2.000059,
					"seconds":	2.0000588893890381,
					"bytes":	2749235200,
					"bits_per_second":	10996617007.971457,
					"retransmits":	27,
					"snd_cwnd":	4002300,
					"snd_wnd":	5394944,
					"rtt":	807,
					"rttvar":	503,
					"pmtu":	8946,
					"omitted":	false,
					"sender":	true
				}],
			"sum":	{
				"start":	0,
				"end":	2.000059,
				"seconds":	2.0000588893890381,
				"bytes":	2749235200,
				"bits_per_second":	10996617007.971457,
				"retransmits":	27,
				"omitted":	false,
				"sender":	true
			}
		}, {
			"streams":	[{
					"socket":	5,
					"start":	2.000059,
					"end":	4.000059,
					"seconds":	2,
					"bytes":	2749759488,
					"bits_per_second":	10999037952,
					"retransmits":	157,
					"snd_cwnd":	4002300,
					"snd_wnd":	5455872,
					"rtt":	1040,
					"rttvar":	396,
					"pmtu":	8946,
					"omitted":	false,
					"sender":	true
				}],
			"sum":	{
				"start":	2.000059,
				"end":	4.000059,
				"seconds":	2,
				"bytes":	2749759488,
				"bits_per_second":	10999037952,
				"retransmits":	157,
				"omitted":	false,
				"sender":	true
			}
		}, {
			"streams":	[{
					"socket":	5,
					"start":	4.000059,
					"end":	6.000059,
					"seconds":	2,
					"bytes":	2750545920,
					"bits_per_second":	11002183680,
					"retransmits":	17,
					"snd_cwnd":	4002300,
					"snd_wnd":	5394944,
					"rtt":	1463,
					"rttvar":	107,
					"pmtu":	8946,
					"omitted":	false,
					"sender":	true
				}],
			"sum":	{
				"start":	4.000059,
				"end":	6.000059,
				"seconds":	2,
				"bytes":	2750545920,
				"bits_per_second":	11002183680,
				"retransmits":	17,
				"omitted":	false,
				"sender":	true
			}
		}, {
			"streams":	[{
					"socket":	5,
					"start":	6.000059,
					"end":	8.00006,
					"seconds":	2.0000009536743164,
					"bytes":	2747531264,
					"bits_per_second":	10990119815.5025,
					"retransmits":	73,
					"snd_cwnd":	4002300,
					"snd_wnd":	5394944,
					"rtt":	2156,
					"rttvar":	95,
					"pmtu":	8946,
					"omitted":	false,
					"sender":	true
				}],
			"sum":	{
				"start":	6.000059,
				"end":	8.00006,
				"seconds":	2.0000009536743164,
				"bytes":	2747531264,
				"bits_per_second":	10990119815.5025,
				"retransmits":	73,
				"omitted":	false,
				"sender":	true
			}
		}, {
			"streams":	[{
					"socket":	5,
					"start":	8.00006,
					"end":	10.000282,
					"seconds":	2.0002219676971436,
					"bytes":	2750021632,
					"bits_per_second":	10998865831.540091,
					"retransmits":	45,
					"snd_cwnd":	3326356,
					"snd_wnd":	5394944,
					"rtt":	2219,
					"rttvar":	135,
					"pmtu":	8946,
					"omitted":	false,
					"sender":	true
				}],
			"sum":	{
				"start":	8.00006,
				"end":	10.000282,
				"seconds":	2.0002219676971436,
				"bytes":	2750021632,
				"bits_per_second":	10998865831.540091,
				"retransmits":	45,
				"omitted":	false,
				"sender":	true
			}
		}],
	"end":	{
		"streams":	[{
				"sender":	{
					"socket":	5,
					"start":	0,
					"end":	10.000282,
					"seconds":	10.000282,
					"bytes":	13748928512,
					"bits_per_second":	10998832642.51948,
					"retransmits":	319,
					"max_snd_cwnd":	4002300,
					"max_snd_wnd":	5455872,
					"max_rtt":	2219,
					"min_rtt":	807,
					"mean_rtt":	1537,
					"sender":	true
				},
				"receiver":	{
					"socket":	5,
					"start":	0,
					"end":	10.001879,
					"seconds":	10.000282,
					"bytes":	13748928512,
					"bits_per_second":	10997076458.933365,
					"sender":	true
				}
			}],
		"sum_sent":	{
			"start":	0,
			"end":	10.000282,
			"seconds":	10.000282,
			"bytes":	13748928512,
			"bits_per_second":	10998832642.51948,
			"retransmits":	319,
			"sender":	true
		},
		"sum_received":	{
			"start":	0,
			"end":	10.001879,
			"seconds":	10.001879,
			"bytes":	13748928512,
			"bits_per_second":	10997076458.933365,
			"sender":	true
		},
		"cpu_utilization_percent":	{
			"host_total":	95.690237932333261,
			"host_user":	22.043148313290754,
			"host_system":	73.6470896190425,
			"remote_total":	18.489491449777105,
			"remote_user":	0.6999468001239364,
			"remote_system":	17.789554647750531
		},
		"sender_tcp_congestion":	"cubic",
		"receiver_tcp_congestion":	"cubic"
	}
}
