{
	"start":	{
		"connected":	[{
				"socket":	5,
				"local_host":	"192.0.1.254",
				"local_port":	38728,
				"remote_host":	"192.0.2.254",
				"remote_port":	5201
			}],
		"version":	"iperf 3.16",
		"system_info":	"Linux lab-dd2 6.8.0-100-generic #100-Ubuntu SMP PREEMPT_DYNAMIC Tue Jan 13 16:40:06 UTC 2026 x86_64",
		"timestamp":	{
			"time":	"Thu, 19 Mar 2026 06:19:41 GMT",
			"timesecs":	1773901181
		},
		"connecting_to":	{
			"host":	"192.0.2.254",
			"port":	5201
		},
		"cookie":	"iupjwsving4qmhg26ypulbrv2nghvx3kbrtr",
		"tcp_mss_default":	8894,
		"target_bitrate":	17000000000,
		"fq_rate":	0,
		"sock_bufsize":	0,
		"sndbuf_actual":	16384,
		"rcvbuf_actual":	131072,
		"test_start":	{
			"protocol":	"TCP",
			"num_streams":	1,
			"blksize":	131072,
			"omit":	0,
			"duration":	10,
			"bytes":	0,
			"blocks":	0,
			"reverse":	0,
			"tos":	0,
			"target_bitrate":	17000000000,
			"bidir":	0,
			"fqrate":	0
		}
	},
	"intervals":	[{
			"streams":	[{
					"socket":	5,
					"start":	0,
					"end":	2.000055,
					"seconds":	2.0000550746917725,
					"bytes":	3892445184,
					"bits_per_second":	15569351997.368824,
					"retransmits":	99,
					"snd_cwnd":	3886678,
					"snd_wnd":	5351168,
					"rtt":	2380,
					"rttvar":	286,
					"pmtu":	8946,
					"omitted":	false,
					"sender":	true
				}],
			"sum":	{
				"start":	0,
				"end":	2.000055,
				"seconds":	2.0000550746917725,
				"bytes":	3892445184,
				"bits_per_second":	15569351997.368824,
				"retransmits":	99,
				"omitted":	false,
				"sender":	true
			}
		}, {
			"streams":	[{
					"socket":	5,
					"start":	2.000055,
					"end":	4.000055,
					"seconds":	2,
					"bytes":	3373531136,
					"bits_per_second":	13494124544,
					"retransmits":	36,
					"snd_cwnd":	2863868,
					"snd_wnd":	5450880,
					"rtt":	2021,
					"rttvar":	164,
					"pmtu":	8946,
					"omitted":	false,
					"sender":	true
				}],
			"sum":	{
				"start":	2.000055,
				"end":	4.000055,
				"seconds":	2,
				"bytes":	3373531136,
				"bits_per_second":	13494124544,
				"retransmits":	36,
				"omitted":	false,
				"sender":	true
			}
		}, {
			"streams":	[{
					"socket":	5,
					"start":	4.000055,
					"end":	6.000056,
					"seconds":	2.0000009536743164,
					"bytes":	4193779712,
					"bits_per_second":	16775110849.003815,
					"retransmits":	20,
					"snd_cwnd":	2490320,
					"snd_wnd":	5332736,
					"rtt":	511,
					"rttvar":	29,
					"pmtu":	8946,
					"omitted":	false,
					"sender":	true
				}],
			"sum":	{
				"start":	4.000055,
				"end":	6.000056,
				"seconds":	2.0000009536743164,
				"bytes":	4193779712,
				"bits_per_second":	16775110849.003815,
				"retransmits":	20,
				"omitted":	false,
				"sender":	true
			}
		}, {
			"streams":	[{
					"socket":	5,
					"start":	6.000056,
					"end":	8.000055,
					"seconds":	1.9999990463256836,
					"bytes":	3722838016,
					"bits_per_second":	14891359164.753386,
					"retransmits":	121,
					"snd_cwnd":	3272992,
					"snd_wnd":	5455872,
					"rtt":	986,
					"rttvar":	581,
					"pmtu":	8946,
					"omitted":	false,
					"sender":	true
				}],
			"sum":	{
				"start":	6.000056,
				"end":	8.000055,
				"seconds":	1.9999990463256836,
				"bytes":	3722838016,
				"bits_per_second":	14891359164.753386,
				"retransmits":	121,
				"omitted":	false,
				"sender":	true
			}
		}, {
			"streams":	[{
					"socket":	5,
					"start":	8.000055,
					"end":	10.000209,
					"seconds":	2.0001540184021,
					"bytes":	3327000576,
					"bits_per_second":	13306977544.290926,
					"retransmits":	37,
					"snd_cwnd":	3566494,
					"snd_wnd":	5122048,
					"rtt":	435,
					"rttvar":	72,
					"pmtu":	8946,
					"omitted":	false,
					"sender":	true
				}],
			"sum":	{
				"start":	8.000055,
				"end":	10.000209,
				"seconds":	2.0001540184021,
				"bytes":	3327000576,
				"bits_per_second":	13306977544.290926,
				"retransmits":	37,
				"omitted":	false,
				"sender":	true
			}
		}],
	"end":	{
		"streams":	[{
				"sender":	{
					"socket":	5,
					"start":	0,
					"end":	10.000209,
					"seconds":	10.000209,
					"bytes":	18538823680,
					"bits_per_second":	14830748981.346291,
					"retransmits":	313,
					"max_snd_cwnd":	3886678,
					"max_snd_wnd":	5455872,
					"max_rtt":	2380,
					"min_rtt":	435,
					"mean_rtt":	1266,
					"sender":	true
				},
				"receiver":	{
					"socket":	5,
					"start":	0,
					"end":	10.000361,
					"seconds":	10.000209,
					"bytes":	18538823680,
					"bits_per_second":	14830523562.099409,
					"sender":	true
				}
			}],
		"sum_sent":	{
			"start":	0,
			"end":	10.000209,
			"seconds":	10.000209,
			"bytes":	18538823680,
			"bits_per_second":	14830748981.346291,
			"retransmits":	313,
			"sender":	true
		},
		"sum_received":	{
			"start":	0,
			"end":	10.000361,
			"seconds":	10.000361,
			"bytes":	18538823680,
			"bits_per_second":	14830523562.099409,
			"sender":	true
		},
		"cpu_utilization_percent":	{
			"host_total":	92.360868500122479,
			"host_user":	0.41115271743749471,
			"host_system":	91.949715782685,
			"remote_total":	24.744136941346863,
			"remote_user":	0.95131489648032,
			"remote_system":	23.792832044497558
		},
		"sender_tcp_congestion":	"cubic",
		"receiver_tcp_congestion":	"cubic"
	}
}
