{
	"start":	{
		"connected":	[{
				"socket":	5,
				"local_host":	"192.0.1.254",
				"local_port":	58208,
				"remote_host":	"192.0.2.254",
				"remote_port":	5201
			}],
		"version":	"iperf 3.16",
		"system_info":	"Linux lab-dd2 6.8.0-100-generic #100-Ubuntu SMP PREEMPT_DYNAMIC Tue Jan 13 16:40:06 UTC 2026 x86_64",
		"timestamp":	{
			"time":	"Thu, 19 Mar 2026 06:18:41 GMT",
			"timesecs":	1773901121
		},
		"connecting_to":	{
			"host":	"192.0.2.254",
			"port":	5201
		},
		"cookie":	"ho6pq432cjd4kr3pc43kipt2gl7n237aykzo",
		"tcp_mss_default":	8894,
		"target_bitrate":	16000000000,
		"fq_rate":	0,
		"sock_bufsize":	0,
		"sndbuf_actual":	16384,
		"rcvbuf_actual":	131072,
		"test_start":	{
			"protocol":	"TCP",
			"num_streams":	1,
			"blksize":	131072,
			"omit":	0,
			"duration":	10,
			"bytes":	0,
			"blocks":	0,
			"reverse":	0,
			"tos":	0,
			"target_bitrate":	16000000000,
			"bidir":	0,
			"fqrate":	0
		}
	},
	"intervals":	[{
			"streams":	[{
					"socket":	5,
					"start":	0,
					"end":	2.000061,
					"seconds":	2.00006103515625,
					"bytes":	3999137792,
					"bits_per_second":	15996063006.897495,
					"retransmits":	16,
					"snd_cwnd":	3344144,
					"snd_wnd":	5101184,
					"rtt":	523,
					"rttvar":	46,
					"pmtu":	8946,
					"omitted":	false,
					"sender":	true
				}],
			"sum":	{
				"start":	0,
				"end":	2.000061,
				"seconds":	2.00006103515625,
				"bytes":	3999137792,
				"bits_per_second":	15996063006.897495,
				"retransmits":	16,
				"omitted":	false,
				"sender":	true
			}
		}, {
			"streams":	[{
					"socket":	5,
					"start":	2.000061,
					"end":	4.00006,
					"seconds":	1.9999990463256836,
					"bytes":	3989831680,
					"bits_per_second":	15959334330.00363,
					"retransmits":	11,
					"snd_cwnd":	3095112,
					"snd_wnd":	5104128,
					"rtt":	1278,
					"rttvar":	31,
					"pmtu":	8946,
					"omitted":	false,
					"sender":	true
				}],
			"sum":	{
				"start":	2.000061,
				"end":	4.00006,
				"seconds":	1.9999990463256836,
				"bytes":	3989831680,
				"bits_per_second":	15959334330.00363,
				"retransmits":	11,
				"omitted":	false,
				"sender":	true
			}
		}, {
			"streams":	[{
					"socket":	5,
					"start":	4.00006,
					"end":	6.00006,
					"seconds":	2,
					"bytes":	3932160000,
					"bits_per_second":	15728640000,
					"retransmits":	187,
					"snd_cwnd":	1983362,
					"snd_wnd":	5106944,
					"rtt":	931,
					"rttvar":	27,
					"pmtu":	8946,
					"omitted":	false,
					"sender":	true
				}],
			"sum":	{
				"start":	4.00006,
				"end":	6.00006,
				"seconds":	2,
				"bytes":	3932160000,
				"bits_per_second":	15728640000,
				"retransmits":	187,
				"omitted":	false,
				"sender":	true
			}
		}, {
			"streams":	[{
					"socket":	5,
					"start":	6.00006,
					"end":	8.00006,
					"seconds":	2,
					"bytes":	3975151616,
					"bits_per_second":	15900606464,
					"retransmits":	84,
					"snd_cwnd":	2899444,
					"snd_wnd":	5394944,
					"rtt":	1075,
					"rttvar":	38,
					"pmtu":	8946,
					"omitted":	false,
					"sender":	true
				}],
			"sum":	{
				"start":	6.00006,
				"end":	8.00006,
				"seconds":	2,
				"bytes":	3975151616,
				"bits_per_second":	15900606464,
				"retransmits":	84,
				"omitted":	false,
				"sender":	true
			}
		}, {
			"streams":	[{
					"socket":	5,
					"start":	8.00006,
					"end":	10.000322,
					"seconds":	2.0002620220184326,
					"bytes":	3944480768,
					"bits_per_second":	15775856261.149975,
					"retransmits":	8,
					"snd_cwnd":	1912210,
					"snd_wnd":	5394944,
					"rtt":	489,
					"rttvar":	23,
					"pmtu":	8946,
					"omitted":	false,
					"sender":	true
				}],
			"sum":	{
				"start":	8.00006,
				"end":	10.000322,
				"seconds":	2.0002620220184326,
				"bytes":	3944480768,
				"bits_per_second":	15775856261.149975,
				"retransmits":	8,
				"omitted":	false,
				"sender":	true
			}
		}],
	"end":	{
		"streams":	[{
				"sender":	{
					"socket":	5,
					"start":	0,
					"end":	10.000322,
					"seconds":	10.000322,
					"bytes":	19999490048,
					"bits_per_second":	15999076868.124846,
					"retransmits":	306,
					"max_snd_cwnd":	3344144,
					"max_snd_wnd":	5394944,
					"max_rtt":	1278,
					"min_rtt":	489,
					"mean_rtt":	859,
					"sender":	true
				},
				"receiver":	{
					"socket":	5,
					"start":	0,
					"end":	10.000483,
					"seconds":	10.000322,
					"bytes":	19999358976,
					"bits_per_second":	15998714442.89241,
					"sender":	true
				}
			}],
		"sum_sent":	{
			"start":	0,
			"end":	10.000322,
			"seconds":	10.000322,
			"bytes":	19999490048,
			"bits_per_second":	15999076868.124846,
			"retransmits":	306,
			"sender":	true
		},
		"sum_received":	{
			"start":	0,
			"end":	10.000483,
			"seconds":	10.000483,
			"bytes":	19999358976,
			"bits_per_second":	15998714442.89241,
			"sender":	true
		},
		"cpu_utilization_percent":	{
			"host_total":	94.428174220205761,
			"host_user":	2.5192506360218965,
			"host_system":	91.908923584183867,
			"remote_total":	24.997642614804658,
			"remote_user":	0.833299418318328,
			"remote_system":	24.164343196486332
		},
		"sender_tcp_congestion":	"cubic",
		"receiver_tcp_congestion":	"cubic"
	}
}
