{
	"start":	{
		"connected":	[{
				"socket":	5,
				"local_host":	"192.0.1.254",
				"local_port":	48338,
				"remote_host":	"192.0.2.254",
				"remote_port":	5201
			}],
		"version":	"iperf 3.16",
		"system_info":	"Linux lab-dd2 6.8.0-100-generic #100-Ubuntu SMP PREEMPT_DYNAMIC Tue Jan 13 16:40:06 UTC 2026 x86_64",
		"timestamp":	{
			"time":	"Thu, 19 Mar 2026 06:13:31 GMT",
			"timesecs":	1773900811
		},
		"connecting_to":	{
			"host":	"192.0.2.254",
			"port":	5201
		},
		"cookie":	"vtlyltslvqkkxpedqs7oto6urfxafsprbhko",
		"tcp_mss_default":	8894,
		"target_bitrate":	13000000000,
		"fq_rate":	0,
		"sock_bufsize":	0,
		"sndbuf_actual":	16384,
		"rcvbuf_actual":	131072,
		"test_start":	{
			"protocol":	"TCP",
			"num_streams":	1,
			"blksize":	131072,
			"omit":	0,
			"duration":	10,
			"bytes":	0,
			"blocks":	0,
			"reverse":	0,
			"tos":	0,
			"target_bitrate":	13000000000,
			"bidir":	0,
			"fqrate":	0
		}
	},
	"intervals":	[{
			"streams":	[{
					"socket":	5,
					"start":	0,
					"end":	2.000011,
					"seconds":	2.0000109672546387,
					"bytes":	3249405952,
					"bits_per_second":	12997552534.265839,
					"retransmits":	130,
					"snd_cwnd":	3104006,
					"snd_wnd":	5455872,
					"rtt":	365,
					"rttvar":	46,
					"pmtu":	8946,
					"omitted":	false,
					"sender":	true
				}],
			"sum":	{
				"start":	0,
				"end":	2.000011,
				"seconds":	2.0000109672546387,
				"bytes":	3249405952,
				"bits_per_second":	12997552534.265839,
				"retransmits":	130,
				"omitted":	false,
				"sender":	true
			}
		}, {
			"streams":	[{
					"socket":	5,
					"start":	2.000011,
					"end":	4.000013,
					"seconds":	2.0000019073486328,
					"bytes":	3249930240,
					"bits_per_second":	12999708562.511824,
					"retransmits":	77,
					"snd_cwnd":	3726586,
					"snd_wnd":	5342464,
					"rtt":	821,
					"rttvar":	213,
					"pmtu":	8946,
					"omitted":	false,
					"sender":	true
				}],
			"sum":	{
				"start":	2.000011,
				"end":	4.000013,
				"seconds":	2.0000019073486328,
				"bytes":	3249930240,
				"bits_per_second":	12999708562.511824,
				"retransmits":	77,
				"omitted":	false,
				"sender":	true
			}
		}, {
			"streams":	[{
					"socket":	5,
					"start":	4.000013,
					"end":	6.000011,
					"seconds":	1.9999979734420776,
					"bytes":	3233546240,
					"bits_per_second":	12934198065.950781,
					"retransmits":	12,
					"snd_cwnd":	3673222,
					"snd_wnd":	5281408,
					"rtt":	1843,
					"rttvar":	343,
					"pmtu":	8946,
					"omitted":	false,
					"sender":	true
				}],
			"sum":	{
				"start":	4.000013,
				"end":	6.000011,
				"seconds":	1.9999979734420776,
				"bytes":	3233546240,
				"bits_per_second":	12934198065.950781,
				"retransmits":	12,
				"omitted":	false,
				"sender":	true
			}
		}, {
			"streams":	[{
					"socket":	5,
					"start":	6.000011,
					"end":	8.00001,
					"seconds":	1.9999990463256836,
					"bytes":	3256614912,
					"bits_per_second":	13026465859.502962,
					"retransmits":	41,
					"snd_cwnd":	3806632,
					"snd_wnd":	5220352,
					"rtt":	1585,
					"rttvar":	757,
					"pmtu":	8946,
					"omitted":	false,
					"sender":	true
				}],
			"sum":	{
				"start":	6.000011,
				"end":	8.00001,
				"seconds":	1.9999990463256836,
				"bytes":	3256614912,
				"bits_per_second":	13026465859.502962,
				"retransmits":	41,
				"omitted":	false,
				"sender":	true
			}
		}, {
			"streams":	[{
					"socket":	5,
					"start":	8.00001,
					"end":	10.000231,
					"seconds":	2.0002210140228271,
					"bytes":	3241279488,
					"bits_per_second":	12963685373.872427,
					"retransmits":	44,
					"snd_cwnd":	2614836,
					"snd_wnd":	5447552,
					"rtt":	428,
					"rttvar":	50,
					"pmtu":	8946,
					"omitted":	false,
					"sender":	true
				}],
			"sum":	{
				"start":	8.00001,
				"end":	10.000231,
				"seconds":	2.0002210140228271,
				"bytes":	3241279488,
				"bits_per_second":	12963685373.872427,
				"retransmits":	44,
				"omitted":	false,
				"sender":	true
			}
		}],
	"end":	{
		"streams":	[{
				"sender":	{
					"socket":	5,
					"start":	0,
					"end":	10.000231,
					"seconds":	10.000231,
					"bytes":	16249651200,
					"bits_per_second":	12999420673.382446,
					"retransmits":	304,
					"max_snd_cwnd":	3806632,
					"max_snd_wnd":	5455872,
					"max_rtt":	1843,
					"min_rtt":	365,
					"mean_rtt":	1008,
					"sender":	true
				},
				"receiver":	{
					"socket":	5,
					"start":	0,
					"end":	10.000363,
					"seconds":	10.000231,
					"bytes":	16249651200,
					"bits_per_second":	12999249087.258133,
					"sender":	true
				}
			}],
		"sum_sent":	{
			"start":	0,
			"end":	10.000231,
			"seconds":	10.000231,
			"bytes":	16249651200,
			"bits_per_second":	12999420673.382446,
			"retransmits":	304,
			"sender":	true
		},
		"sum_received":	{
			"start":	0,
			"end":	10.000363,
			"seconds":	10.000363,
			"bytes":	16249651200,
			"bits_per_second":	12999249087.258133,
			"sender":	true
		},
		"cpu_utilization_percent":	{
			"host_total":	89.815606008097745,
			"host_user":	27.821917586330258,
			"host_system":	61.993698420465662,
			"remote_total":	21.476765359681689,
			"remote_user":	1.1032491797803481,
			"remote_system":	20.373536179161373
		},
		"sender_tcp_congestion":	"cubic",
		"receiver_tcp_congestion":	"cubic"
	}
}
