{
	"start":	{
		"connected":	[{
				"socket":	5,
				"local_host":	"192.0.1.254",
				"local_port":	56256,
				"remote_host":	"192.0.2.254",
				"remote_port":	5201
			}],
		"version":	"iperf 3.16",
		"system_info":	"Linux lab-dd2 6.8.0-100-generic #100-Ubuntu SMP PREEMPT_DYNAMIC Tue Jan 13 16:40:06 UTC 2026 x86_64",
		"timestamp":	{
			"time":	"Thu, 19 Mar 2026 06:24:51 GMT",
			"timesecs":	1773901491
		},
		"connecting_to":	{
			"host":	"192.0.2.254",
			"port":	5201
		},
		"cookie":	"47actqf4tpobjhxv775hev2ytw57qqpoai7m",
		"tcp_mss_default":	8894,
		"target_bitrate":	20000000000,
		"fq_rate":	0,
		"sock_bufsize":	0,
		"sndbuf_actual":	16384,
		"rcvbuf_actual":	131072,
		"test_start":	{
			"protocol":	"TCP",
			"num_streams":	1,
			"blksize":	131072,
			"omit":	0,
			"duration":	10,
			"bytes":	0,
			"blocks":	0,
			"reverse":	0,
			"tos":	0,
			"target_bitrate":	20000000000,
			"bidir":	0,
			"fqrate":	0
		}
	},
	"intervals":	[{
			"streams":	[{
					"socket":	5,
					"start":	0,
					"end":	2.000056,
					"seconds":	2.0000560283660889,
					"bytes":	3082682368,
					"bits_per_second":	12330384046.364317,
					"retransmits":	280,
					"snd_cwnd":	2641518,
					"snd_wnd":	5412224,
					"rtt":	755,
					"rttvar":	386,
					"pmtu":	8946,
					"omitted":	false,
					"sender":	true
				}],
			"sum":	{
				"start":	0,
				"end":	2.000056,
				"seconds":	2.0000560283660889,
				"bytes":	3082682368,
				"bits_per_second":	12330384046.364317,
				"retransmits":	280,
				"omitted":	false,
				"sender":	true
			}
		}, {
			"streams":	[{
					"socket":	5,
					"start":	2.000056,
					"end":	4.000055,
					"seconds":	1.9999990463256836,
					"bytes":	4022861824,
					"bits_per_second":	16091454969.003658,
					"retransmits":	10,
					"snd_cwnd":	1903316,
					"snd_wnd":	5351168,
					"rtt":	227,
					"rttvar":	34,
					"pmtu":	8946,
					"omitted":	false,
					"sender":	true
				}],
			"sum":	{
				"start":	2.000056,
				"end":	4.000055,
				"seconds":	1.9999990463256836,
				"bytes":	4022861824,
				"bits_per_second":	16091454969.003658,
				"retransmits":	10,
				"omitted":	false,
				"sender":	true
			}
		}, {
			"streams":	[{
					"socket":	5,
					"start":	4.000055,
					"end":	6.000055,
					"seconds":	2,
					"bytes":	4082106368,
					"bits_per_second":	16328425472,
					"retransmits":	32,
					"snd_cwnd":	1965574,
					"snd_wnd":	5159168,
					"rtt":	467,
					"rttvar":	64,
					"pmtu":	8946,
					"omitted":	false,
					"sender":	true
				}],
			"sum":	{
				"start":	4.000055,
				"end":	6.000055,
				"seconds":	2,
				"bytes":	4082106368,
				"bits_per_second":	16328425472,
				"retransmits":	32,
				"omitted":	false,
				"sender":	true
			}
		}, {
			"streams":	[{
					"socket":	5,
					"start":	6.000055,
					"end":	8.000055,
					"seconds":	2,
					"bytes":	3915382784,
					"bits_per_second":	15661531136,
					"retransmits":	9,
					"snd_cwnd":	1992256,
					"snd_wnd":	5115776,
					"rtt":	568,
					"rttvar":	44,
					"pmtu":	8946,
					"omitted":	false,
					"sender":	true
				}],
			"sum":	{
				"start":	6.000055,
				"end":	8.000055,
				"seconds":	2,
				"bytes":	3915382784,
				"bits_per_second":	15661531136,
				"retransmits":	9,
				"omitted":	false,
				"sender":	true
			}
		}, {
			"streams":	[{
					"socket":	5,
					"start":	8.000055,
					"end":	10.00018,
					"seconds":	2.0001249313354492,
					"bytes":	4157734912,
					"bits_per_second":	16629900850.1392,
					"retransmits":	45,
					"snd_cwnd":	1912210,
					"snd_wnd":	5168000,
					"rtt":	446,
					"rttvar":	31,
					"pmtu":	8946,
					"omitted":	false,
					"sender":	true
				}],
			"sum":	{
				"start":	8.000055,
				"end":	10.00018,
				"seconds":	2.0001249313354492,
				"bytes":	4157734912,
				"bits_per_second":	16629900850.1392,
				"retransmits":	45,
				"omitted":	false,
				"sender":	true
			}
		}],
	"end":	{
		"streams":	[{
				"sender":	{
					"socket":	5,
					"start":	0,
					"end":	10.00018,
					"seconds":	10.00018,
					"bytes":	19318964224,
					"bits_per_second":	15454893191.122559,
					"retransmits":	376,
					"max_snd_cwnd":	2641518,
					"max_snd_wnd":	5412224,
					"max_rtt":	755,
					"min_rtt":	227,
					"mean_rtt":	492,
					"sender":	true
				},
				"receiver":	{
					"socket":	5,
					"start":	0,
					"end":	10.000312,
					"seconds":	10.00018,
					"bytes":	19318833152,
					"bits_per_second":	15454584338.568638,
					"sender":	true
				}
			}],
		"sum_sent":	{
			"start":	0,
			"end":	10.00018,
			"seconds":	10.00018,
			"bytes":	19318964224,
			"bits_per_second":	15454893191.122559,
			"retransmits":	376,
			"sender":	true
		},
		"sum_received":	{
			"start":	0,
			"end":	10.000312,
			"seconds":	10.000312,
			"bytes":	19318833152,
			"bits_per_second":	15454584338.568638,
			"sender":	true
		},
		"cpu_utilization_percent":	{
			"host_total":	90.7270568628286,
			"host_user":	0.44118591060735951,
			"host_system":	90.2858609534471,
			"remote_total":	24.817128479898706,
			"remote_user":	1.2083604866120878,
			"remote_system":	23.608777992959631
		},
		"sender_tcp_congestion":	"cubic",
		"receiver_tcp_congestion":	"cubic"
	}
}
