{
	"start":	{
		"connected":	[{
				"socket":	5,
				"local_host":	"192.0.1.254",
				"local_port":	54368,
				"remote_host":	"192.0.2.254",
				"remote_port":	5201
			}],
		"version":	"iperf 3.16",
		"system_info":	"Linux lab-dd2 6.8.0-100-generic #100-Ubuntu SMP PREEMPT_DYNAMIC Tue Jan 13 16:40:06 UTC 2026 x86_64",
		"timestamp":	{
			"time":	"Thu, 19 Mar 2026 06:20:11 GMT",
			"timesecs":	1773901211
		},
		"connecting_to":	{
			"host":	"192.0.2.254",
			"port":	5201
		},
		"cookie":	"uge5rom5rzm2yhulkv3te4hmtjhyabtxjj77",
		"tcp_mss_default":	8894,
		"target_bitrate":	17000000000,
		"fq_rate":	0,
		"sock_bufsize":	0,
		"sndbuf_actual":	16384,
		"rcvbuf_actual":	131072,
		"test_start":	{
			"protocol":	"TCP",
			"num_streams":	1,
			"blksize":	131072,
			"omit":	0,
			"duration":	10,
			"bytes":	0,
			"blocks":	0,
			"reverse":	0,
			"tos":	0,
			"target_bitrate":	17000000000,
			"bidir":	0,
			"fqrate":	0
		}
	},
	"intervals":	[{
			"streams":	[{
					"socket":	5,
					"start":	0,
					"end":	2.000057,
					"seconds":	2.0000569820404053,
					"bytes":	3329622016,
					"bits_per_second":	13318108617.498318,
					"retransmits":	16,
					"snd_cwnd":	2846080,
					"snd_wnd":	5333888,
					"rtt":	3221,
					"rttvar":	107,
					"pmtu":	8946,
					"omitted":	false,
					"sender":	true
				}],
			"sum":	{
				"start":	0,
				"end":	2.000057,
				"seconds":	2.0000569820404053,
				"bytes":	3329622016,
				"bits_per_second":	13318108617.498318,
				"retransmits":	16,
				"omitted":	false,
				"sender":	true
			}
		}, {
			"streams":	[{
					"socket":	5,
					"start":	2.000057,
					"end":	4.000056,
					"seconds":	1.9999990463256836,
					"bytes":	3953262592,
					"bits_per_second":	15813057908.253595,
					"retransmits":	6,
					"snd_cwnd":	3344144,
					"snd_wnd":	5168000,
					"rtt":	1283,
					"rttvar":	15,
					"pmtu":	8946,
					"omitted":	false,
					"sender":	true
				}],
			"sum":	{
				"start":	2.000057,
				"end":	4.000056,
				"seconds":	1.9999990463256836,
				"bytes":	3953262592,
				"bits_per_second":	15813057908.253595,
				"retransmits":	6,
				"omitted":	false,
				"sender":	true
			}
		}, {
			"streams":	[{
					"socket":	5,
					"start":	4.000056,
					"end":	6.000057,
					"seconds":	2.0000009536743164,
					"bytes":	4407951360,
					"bits_per_second":	17631797032.504009,
					"retransmits":	165,
					"snd_cwnd":	2677094,
					"snd_wnd":	5394944,
					"rtt":	1032,
					"rttvar":	38,
					"pmtu":	8946,
					"omitted":	false,
					"sender":	true
				}],
			"sum":	{
				"start":	4.000056,
				"end":	6.000057,
				"seconds":	2.0000009536743164,
				"bytes":	4407951360,
				"bits_per_second":	17631797032.504009,
				"retransmits":	165,
				"omitted":	false,
				"sender":	true
			}
		}, {
			"streams":	[{
					"socket":	5,
					"start":	6.000057,
					"end":	8.000057,
					"seconds":	2,
					"bytes":	4320788480,
					"bits_per_second":	17283153920,
					"retransmits":	360,
					"snd_cwnd":	2170136,
					"snd_wnd":	5104768,
					"rtt":	433,
					"rttvar":	27,
					"pmtu":	8946,
					"omitted":	false,
					"sender":	true
				}],
			"sum":	{
				"start":	6.000057,
				"end":	8.000057,
				"seconds":	2,
				"bytes":	4320788480,
				"bits_per_second":	17283153920,
				"retransmits":	360,
				"omitted":	false,
				"sender":	true
			}
		}, {
			"streams":	[{
					"socket":	5,
					"start":	8.000057,
					"end":	10.000294,
					"seconds":	2.000236988067627,
					"bytes":	4104126464,
					"bits_per_second":	16414560828.474157,
					"retransmits":	42,
					"snd_cwnd":	2267970,
					"snd_wnd":	5394944,
					"rtt":	483,
					"rttvar":	26,
					"pmtu":	8946,
					"omitted":	false,
					"sender":	true
				}],
			"sum":	{
				"start":	8.000057,
				"end":	10.000294,
				"seconds":	2.000236988067627,
				"bytes":	4104126464,
				"bits_per_second":	16414560828.474157,
				"retransmits":	42,
				"omitted":	false,
				"sender":	true
			}
		}],
	"end":	{
		"streams":	[{
				"sender":	{
					"socket":	5,
					"start":	0,
					"end":	10.000294,
					"seconds":	10.000294,
					"bytes":	20548026368,
					"bits_per_second":	16437937819.02812,
					"retransmits":	589,
					"max_snd_cwnd":	3344144,
					"max_snd_wnd":	5394944,
					"max_rtt":	3221,
					"min_rtt":	433,
					"mean_rtt":	1290,
					"sender":	true
				},
				"receiver":	{
					"socket":	5,
					"start":	0,
					"end":	10.000461,
					"seconds":	10.000294,
					"bytes":	20547895296,
					"bits_per_second":	16437558465.354748,
					"sender":	true
				}
			}],
		"sum_sent":	{
			"start":	0,
			"end":	10.000294,
			"seconds":	10.000294,
			"bytes":	20548026368,
			"bits_per_second":	16437937819.02812,
			"retransmits":	589,
			"sender":	true
		},
		"sum_received":	{
			"start":	0,
			"end":	10.000461,
			"seconds":	10.000461,
			"bytes":	20547895296,
			"bits_per_second":	16437558465.354748,
			"sender":	true
		},
		"cpu_utilization_percent":	{
			"host_total":	95.968440342534237,
			"host_user":	0.39145598247512287,
			"host_system":	95.577004358321261,
			"remote_total":	25.597775062124651,
			"remote_user":	0.94177677244614477,
			"remote_system":	24.656018288760546
		},
		"sender_tcp_congestion":	"cubic",
		"receiver_tcp_congestion":	"cubic"
	}
}
