{
	"start":	{
		"connected":	[{
				"socket":	5,
				"local_host":	"192.0.1.254",
				"local_port":	58414,
				"remote_host":	"192.0.2.254",
				"remote_port":	5201
			}],
		"version":	"iperf 3.16",
		"system_info":	"Linux lab-dd2 6.8.0-100-generic #100-Ubuntu SMP PREEMPT_DYNAMIC Tue Jan 13 16:40:06 UTC 2026 x86_64",
		"timestamp":	{
			"time":	"Thu, 19 Mar 2026 06:18:11 GMT",
			"timesecs":	1773901091
		},
		"connecting_to":	{
			"host":	"192.0.2.254",
			"port":	5201
		},
		"cookie":	"24wbbt7gcvyuy2jtbf7y4dmtdcw6vwpteu2k",
		"tcp_mss_default":	8894,
		"target_bitrate":	16000000000,
		"fq_rate":	0,
		"sock_bufsize":	0,
		"sndbuf_actual":	16384,
		"rcvbuf_actual":	131072,
		"test_start":	{
			"protocol":	"TCP",
			"num_streams":	1,
			"blksize":	131072,
			"omit":	0,
			"duration":	10,
			"bytes":	0,
			"blocks":	0,
			"reverse":	0,
			"tos":	0,
			"target_bitrate":	16000000000,
			"bidir":	0,
			"fqrate":	0
		}
	},
	"intervals":	[{
			"streams":	[{
					"socket":	5,
					"start":	0,
					"end":	2.000056,
					"seconds":	2.0000560283660889,
					"bytes":	3243376640,
					"bits_per_second":	12973143127.993752,
					"retransmits":	101,
					"snd_cwnd":	3851102,
					"snd_wnd":	5403520,
					"rtt":	630,
					"rttvar":	420,
					"pmtu":	8946,
					"omitted":	false,
					"sender":	true
				}],
			"sum":	{
				"start":	0,
				"end":	2.000056,
				"seconds":	2.0000560283660889,
				"bytes":	3243376640,
				"bits_per_second":	12973143127.993752,
				"retransmits":	101,
				"omitted":	false,
				"sender":	true
			}
		}, {
			"streams":	[{
					"socket":	5,
					"start":	2.000056,
					"end":	4.000057,
					"seconds":	2.0000009536743164,
					"bytes":	3265265664,
					"bits_per_second":	13061056428.00297,
					"retransmits":	8,
					"snd_cwnd":	2872762,
					"snd_wnd":	5394944,
					"rtt":	1818,
					"rttvar":	120,
					"pmtu":	8946,
					"omitted":	false,
					"sender":	true
				}],
			"sum":	{
				"start":	2.000056,
				"end":	4.000057,
				"seconds":	2.0000009536743164,
				"bytes":	3265265664,
				"bits_per_second":	13061056428.00297,
				"retransmits":	8,
				"omitted":	false,
				"sender":	true
			}
		}, {
			"streams":	[{
					"socket":	5,
					"start":	4.000057,
					"end":	6.000056,
					"seconds":	1.9999990463256836,
					"bytes":	3105357824,
					"bits_per_second":	12421437219.002825,
					"retransmits":	95,
					"snd_cwnd":	2481426,
					"snd_wnd":	5307648,
					"rtt":	1062,
					"rttvar":	302,
					"pmtu":	8946,
					"omitted":	false,
					"sender":	true
				}],
			"sum":	{
				"start":	4.000057,
				"end":	6.000056,
				"seconds":	1.9999990463256836,
				"bytes":	3105357824,
				"bits_per_second":	12421437219.002825,
				"retransmits":	95,
				"omitted":	false,
				"sender":	true
			}
		}, {
			"streams":	[{
					"socket":	5,
					"start":	6.000056,
					"end":	8.000059,
					"seconds":	2.0000030994415283,
					"bytes":	3187539968,
					"bits_per_second":	12750140112.843121,
					"retransmits":	4,
					"snd_cwnd":	2659306,
					"snd_wnd":	5394944,
					"rtt":	1590,
					"rttvar":	140,
					"pmtu":	8946,
					"omitted":	false,
					"sender":	true
				}],
			"sum":	{
				"start":	6.000056,
				"end":	8.000059,
				"seconds":	2.0000030994415283,
				"bytes":	3187539968,
				"bits_per_second":	12750140112.843121,
				"retransmits":	4,
				"omitted":	false,
				"sender":	true
			}
		}, {
			"streams":	[{
					"socket":	5,
					"start":	8.000059,
					"end":	10.000307,
					"seconds":	2.0002479553222656,
					"bytes":	3356622848,
					"bits_per_second":	13424827013.345774,
					"retransmits":	16,
					"snd_cwnd":	3077324,
					"snd_wnd":	5133184,
					"rtt":	1064,
					"rttvar":	32,
					"pmtu":	8946,
					"omitted":	false,
					"sender":	true
				}],
			"sum":	{
				"start":	8.000059,
				"end":	10.000307,
				"seconds":	2.0002479553222656,
				"bytes":	3356622848,
				"bits_per_second":	13424827013.345774,
				"retransmits":	16,
				"omitted":	false,
				"sender":	true
			}
		}],
	"end":	{
		"streams":	[{
				"sender":	{
					"socket":	5,
					"start":	0,
					"end":	10.000307,
					"seconds":	10.000307,
					"bytes":	16207314944,
					"bits_per_second":	12965453915.764788,
					"retransmits":	224,
					"max_snd_cwnd":	3851102,
					"max_snd_wnd":	5403520,
					"max_rtt":	1818,
					"min_rtt":	630,
					"mean_rtt":	1232,
					"sender":	true
				},
				"receiver":	{
					"socket":	5,
					"start":	0,
					"end":	10.001016,
					"seconds":	10.000307,
					"bytes":	16207314944,
					"bits_per_second":	12964534758.46854,
					"sender":	true
				}
			}],
		"sum_sent":	{
			"start":	0,
			"end":	10.000307,
			"seconds":	10.000307,
			"bytes":	16207314944,
			"bits_per_second":	12965453915.764788,
			"retransmits":	224,
			"sender":	true
		},
		"sum_received":	{
			"start":	0,
			"end":	10.001016,
			"seconds":	10.001016,
			"bytes":	16207314944,
			"bits_per_second":	12964534758.46854,
			"sender":	true
		},
		"cpu_utilization_percent":	{
			"host_total":	86.8974009151714,
			"host_user":	0.2712718862999749,
			"host_system":	86.626139027466635,
			"remote_total":	21.897588927858216,
			"remote_user":	0.92278513768784576,
			"remote_system":	20.974813789142477
		},
		"sender_tcp_congestion":	"cubic",
		"receiver_tcp_congestion":	"cubic"
	}
}
