{
	"start":	{
		"connected":	[{
				"socket":	5,
				"local_host":	"192.0.1.254",
				"local_port":	41120,
				"remote_host":	"192.0.2.254",
				"remote_port":	5201
			}],
		"version":	"iperf 3.16",
		"system_info":	"Linux lab-dd2 6.8.0-100-generic #100-Ubuntu SMP PREEMPT_DYNAMIC Tue Jan 13 16:40:06 UTC 2026 x86_64",
		"timestamp":	{
			"time":	"Thu, 19 Mar 2026 06:08:01 GMT",
			"timesecs":	1773900481
		},
		"connecting_to":	{
			"host":	"192.0.2.254",
			"port":	5201
		},
		"cookie":	"kpkcxehzhkuiwf7dfbxcp36zfqpj3orrb53x",
		"tcp_mss_default":	8894,
		"target_bitrate":	10000000000,
		"fq_rate":	0,
		"sock_bufsize":	0,
		"sndbuf_actual":	16384,
		"rcvbuf_actual":	131072,
		"test_start":	{
			"protocol":	"TCP",
			"num_streams":	1,
			"blksize":	131072,
			"omit":	0,
			"duration":	10,
			"bytes":	0,
			"blocks":	0,
			"reverse":	0,
			"tos":	0,
			"target_bitrate":	10000000000,
			"bidir":	0,
			"fqrate":	0
		}
	},
	"intervals":	[{
			"streams":	[{
					"socket":	5,
					"start":	0,
					"end":	2.000055,
					"seconds":	2.0000550746917725,
					"bytes":	2499149824,
					"bits_per_second":	9996324023.767767,
					"retransmits":	19,
					"snd_cwnd":	3895572,
					"snd_wnd":	5455872,
					"rtt":	370,
					"rttvar":	72,
					"pmtu":	8946,
					"omitted":	false,
					"sender":	true
				}],
			"sum":	{
				"start":	0,
				"end":	2.000055,
				"seconds":	2.0000550746917725,
				"bytes":	2499149824,
				"bits_per_second":	9996324023.767767,
				"retransmits":	19,
				"omitted":	false,
				"sender":	true
			}
		}, {
			"streams":	[{
					"socket":	5,
					"start":	2.000055,
					"end":	4.000055,
					"seconds":	2,
					"bytes":	2500591616,
					"bits_per_second":	10002366464,
					"retransmits":	23,
					"snd_cwnd":	3895572,
					"snd_wnd":	5342464,
					"rtt":	1667,
					"rttvar":	114,
					"pmtu":	8946,
					"omitted":	false,
					"sender":	true
				}],
			"sum":	{
				"start":	2.000055,
				"end":	4.000055,
				"seconds":	2,
				"bytes":	2500591616,
				"bits_per_second":	10002366464,
				"retransmits":	23,
				"omitted":	false,
				"sender":	true
			}
		}, {
			"streams":	[{
					"socket":	5,
					"start":	4.000055,
					"end":	6.000054,
					"seconds":	1.9999990463256836,
					"bytes":	2499674112,
					"bits_per_second":	9998701215.7522736,
					"retransmits":	46,
					"snd_cwnd":	2321334,
					"snd_wnd":	5455872,
					"rtt":	501,
					"rttvar":	67,
					"pmtu":	8946,
					"omitted":	false,
					"sender":	true
				}],
			"sum":	{
				"start":	4.000055,
				"end":	6.000054,
				"seconds":	1.9999990463256836,
				"bytes":	2499674112,
				"bits_per_second":	9998701215.7522736,
				"retransmits":	46,
				"omitted":	false,
				"sender":	true
			}
		}, {
			"streams":	[{
					"socket":	5,
					"start":	6.000054,
					"end":	8.000055,
					"seconds":	2.0000009536743164,
					"bytes":	2499805184,
					"bits_per_second":	9999215968.0022736,
					"retransmits":	21,
					"snd_cwnd":	2677094,
					"snd_wnd":	5342464,
					"rtt":	1296,
					"rttvar":	68,
					"pmtu":	8946,
					"omitted":	false,
					"sender":	true
				}],
			"sum":	{
				"start":	6.000054,
				"end":	8.000055,
				"seconds":	2.0000009536743164,
				"bytes":	2499805184,
				"bits_per_second":	9999215968.0022736,
				"retransmits":	21,
				"omitted":	false,
				"sender":	true
			}
		}, {
			"streams":	[{
					"socket":	5,
					"start":	8.000055,
					"end":	10.000179,
					"seconds":	2.0001239776611328,
					"bytes":	2500853760,
					"bits_per_second":	10002794978.436892,
					"retransmits":	129,
					"snd_cwnd":	2187924,
					"snd_wnd":	5202816,
					"rtt":	330,
					"rttvar":	96,
					"pmtu":	8946,
					"omitted":	false,
					"sender":	true
				}],
			"sum":	{
				"start":	8.000055,
				"end":	10.000179,
				"seconds":	2.0001239776611328,
				"bytes":	2500853760,
				"bits_per_second":	10002794978.436892,
				"retransmits":	129,
				"omitted":	false,
				"sender":	true
			}
		}],
	"end":	{
		"streams":	[{
				"sender":	{
					"socket":	5,
					"start":	0,
					"end":	10.000179,
					"seconds":	10.000179,
					"bytes":	12500074496,
					"bits_per_second":	9999880598.93728,
					"retransmits":	238,
					"max_snd_cwnd":	3895572,
					"max_snd_wnd":	5455872,
					"max_rtt":	1667,
					"min_rtt":	330,
					"mean_rtt":	832,
					"sender":	true
				},
				"receiver":	{
					"socket":	5,
					"start":	0,
					"end":	10.000326,
					"seconds":	10.000179,
					"bytes":	12500074496,
					"bits_per_second":	9999733605.48446,
					"sender":	true
				}
			}],
		"sum_sent":	{
			"start":	0,
			"end":	10.000179,
			"seconds":	10.000179,
			"bytes":	12500074496,
			"bits_per_second":	9999880598.93728,
			"retransmits":	238,
			"sender":	true
		},
		"sum_received":	{
			"start":	0,
			"end":	10.000326,
			"seconds":	10.000326,
			"bytes":	12500074496,
			"bits_per_second":	9999733605.48446,
			"sender":	true
		},
		"cpu_utilization_percent":	{
			"host_total":	97.231617290480756,
			"host_user":	9.89940116647052,
			"host_system":	87.3322061251201,
			"remote_total":	17.547353918379127,
			"remote_user":	0.91998927235830319,
			"remote_system":	16.627374645686835
		},
		"sender_tcp_congestion":	"cubic",
		"receiver_tcp_congestion":	"cubic"
	}
}
