{
	"start":	{
		"connected":	[{
				"socket":	5,
				"local_host":	"192.0.1.254",
				"local_port":	39462,
				"remote_host":	"192.0.2.254",
				"remote_port":	5201
			}],
		"version":	"iperf 3.16",
		"system_info":	"Linux lab-dd2 6.8.0-100-generic #100-Ubuntu SMP PREEMPT_DYNAMIC Tue Jan 13 16:40:06 UTC 2026 x86_64",
		"timestamp":	{
			"time":	"Thu, 19 Mar 2026 06:25:21 GMT",
			"timesecs":	1773901521
		},
		"connecting_to":	{
			"host":	"192.0.2.254",
			"port":	5201
		},
		"cookie":	"6kfub6m5l3t75jzwxdxpxrzflmu6nq57viva",
		"tcp_mss_default":	8894,
		"target_bitrate":	20000000000,
		"fq_rate":	0,
		"sock_bufsize":	0,
		"sndbuf_actual":	16384,
		"rcvbuf_actual":	131072,
		"test_start":	{
			"protocol":	"TCP",
			"num_streams":	1,
			"blksize":	131072,
			"omit":	0,
			"duration":	10,
			"bytes":	0,
			"blocks":	0,
			"reverse":	0,
			"tos":	0,
			"target_bitrate":	20000000000,
			"bidir":	0,
			"fqrate":	0
		}
	},
	"intervals":	[{
			"streams":	[{
					"socket":	5,
					"start":	0,
					"end":	2.000059,
					"seconds":	2.0000588893890381,
					"bytes":	4167041024,
					"bits_per_second":	16667673321.450706,
					"retransmits":	81,
					"snd_cwnd":	2952808,
					"snd_wnd":	5237888,
					"rtt":	446,
					"rttvar":	58,
					"pmtu":	8946,
					"omitted":	false,
					"sender":	true
				}],
			"sum":	{
				"start":	0,
				"end":	2.000059,
				"seconds":	2.0000588893890381,
				"bytes":	4167041024,
				"bits_per_second":	16667673321.450706,
				"retransmits":	81,
				"omitted":	false,
				"sender":	true
			}
		}, {
			"streams":	[{
					"socket":	5,
					"start":	2.000059,
					"end":	4.000057,
					"seconds":	1.9999979734420776,
					"bytes":	4273602560,
					"bits_per_second":	17094427561.4238,
					"retransmits":	26,
					"snd_cwnd":	3112900,
					"snd_wnd":	5298816,
					"rtt":	304,
					"rttvar":	33,
					"pmtu":	8946,
					"omitted":	false,
					"sender":	true
				}],
			"sum":	{
				"start":	2.000059,
				"end":	4.000057,
				"seconds":	1.9999979734420776,
				"bytes":	4273602560,
				"bits_per_second":	17094427561.4238,
				"retransmits":	26,
				"omitted":	false,
				"sender":	true
			}
		}, {
			"streams":	[{
					"socket":	5,
					"start":	4.000057,
					"end":	6.000058,
					"seconds":	2.0000009536743164,
					"bytes":	4306763776,
					"bits_per_second":	17227046889.503918,
					"retransmits":	43,
					"snd_cwnd":	2267970,
					"snd_wnd":	5202816,
					"rtt":	442,
					"rttvar":	32,
					"pmtu":	8946,
					"omitted":	false,
					"sender":	true
				}],
			"sum":	{
				"start":	4.000057,
				"end":	6.000058,
				"seconds":	2.0000009536743164,
				"bytes":	4306763776,
				"bits_per_second":	17227046889.503918,
				"retransmits":	43,
				"omitted":	false,
				"sender":	true
			}
		}, {
			"streams":	[{
					"socket":	5,
					"start":	6.000058,
					"end":	8.000058,
					"seconds":	2,
					"bytes":	4197842944,
					"bits_per_second":	16791371776,
					"retransmits":	42,
					"snd_cwnd":	2152348,
					"snd_wnd":	5394944,
					"rtt":	332,
					"rttvar":	29,
					"pmtu":	8946,
					"omitted":	false,
					"sender":	true
				}],
			"sum":	{
				"start":	6.000058,
				"end":	8.000058,
				"seconds":	2,
				"bytes":	4197842944,
				"bits_per_second":	16791371776,
				"retransmits":	42,
				"omitted":	false,
				"sender":	true
			}
		}, {
			"streams":	[{
					"socket":	5,
					"start":	8.000058,
					"end":	10.000349,
					"seconds":	2.000291109085083,
					"bytes":	3822583808,
					"bits_per_second":	15288109978.145807,
					"retransmits":	27,
					"snd_cwnd":	1849952,
					"snd_wnd":	5013632,
					"rtt":	1370,
					"rttvar":	453,
					"pmtu":	8946,
					"omitted":	false,
					"sender":	true
				}],
			"sum":	{
				"start":	8.000058,
				"end":	10.000349,
				"seconds":	2.000291109085083,
				"bytes":	3822583808,
				"bits_per_second":	15288109978.145807,
				"retransmits":	27,
				"omitted":	false,
				"sender":	true
			}
		}],
	"end":	{
		"streams":	[{
				"sender":	{
					"socket":	5,
					"start":	0,
					"end":	10.000349,
					"seconds":	10.000349,
					"bytes":	20825374720,
					"bits_per_second":	16659718351.829521,
					"retransmits":	219,
					"max_snd_cwnd":	3112900,
					"max_snd_wnd":	5394944,
					"max_rtt":	1370,
					"min_rtt":	304,
					"mean_rtt":	578,
					"sender":	true
				},
				"receiver":	{
					"socket":	5,
					"start":	0,
					"end":	10.000504,
					"seconds":	10.000349,
					"bytes":	20821311488,
					"bits_per_second":	16656209717.430243,
					"sender":	true
				}
			}],
		"sum_sent":	{
			"start":	0,
			"end":	10.000349,
			"seconds":	10.000349,
			"bytes":	20825374720,
			"bits_per_second":	16659718351.829521,
			"retransmits":	219,
			"sender":	true
		},
		"sum_received":	{
			"start":	0,
			"end":	10.000504,
			"seconds":	10.000504,
			"bytes":	20821311488,
			"bits_per_second":	16656209717.430243,
			"sender":	true
		},
		"cpu_utilization_percent":	{
			"host_total":	95.165395165305171,
			"host_user":	0.94310975047017,
			"host_system":	94.222275416003868,
			"remote_total":	25.654951859435915,
			"remote_user":	1.1669109543057121,
			"remote_system":	24.488070903612279
		},
		"sender_tcp_congestion":	"cubic",
		"receiver_tcp_congestion":	"cubic"
	}
}
