{
	"start":	{
		"connected":	[{
				"socket":	5,
				"local_host":	"192.0.1.254",
				"local_port":	32860,
				"remote_host":	"192.0.2.254",
				"remote_port":	5201
			}],
		"version":	"iperf 3.16",
		"system_info":	"Linux lab-dd2 6.8.0-100-generic #100-Ubuntu SMP PREEMPT_DYNAMIC Tue Jan 13 16:40:06 UTC 2026 x86_64",
		"timestamp":	{
			"time":	"Thu, 19 Mar 2026 06:14:51 GMT",
			"timesecs":	1773900891
		},
		"connecting_to":	{
			"host":	"192.0.2.254",
			"port":	5201
		},
		"cookie":	"txsr6nkamidal3glwkacz6l4miam2ai5tjnd",
		"tcp_mss_default":	8894,
		"target_bitrate":	14000000000,
		"fq_rate":	0,
		"sock_bufsize":	0,
		"sndbuf_actual":	16384,
		"rcvbuf_actual":	131072,
		"test_start":	{
			"protocol":	"TCP",
			"num_streams":	1,
			"blksize":	131072,
			"omit":	0,
			"duration":	10,
			"bytes":	0,
			"blocks":	0,
			"reverse":	0,
			"tos":	0,
			"target_bitrate":	14000000000,
			"bidir":	0,
			"fqrate":	0
		}
	},
	"intervals":	[{
			"streams":	[{
					"socket":	5,
					"start":	0,
					"end":	2.000057,
					"seconds":	2.0000569820404053,
					"bytes":	2972450816,
					"bits_per_second":	11889464521.026133,
					"retransmits":	37,
					"snd_cwnd":	1520874,
					"snd_wnd":	5455872,
					"rtt":	283,
					"rttvar":	86,
					"pmtu":	8946,
					"omitted":	false,
					"sender":	true
				}],
			"sum":	{
				"start":	0,
				"end":	2.000057,
				"seconds":	2.0000569820404053,
				"bytes":	2972450816,
				"bits_per_second":	11889464521.026133,
				"retransmits":	37,
				"omitted":	false,
				"sender":	true
			}
		}, {
			"streams":	[{
					"socket":	5,
					"start":	2.000057,
					"end":	4.000059,
					"seconds":	2.0000019073486328,
					"bytes":	2747400192,
					"bits_per_second":	10989590287.509995,
					"retransmits":	10,
					"snd_cwnd":	3975618,
					"snd_wnd":	5255296,
					"rtt":	2300,
					"rttvar":	291,
					"pmtu":	8946,
					"omitted":	false,
					"sender":	true
				}],
			"sum":	{
				"start":	2.000057,
				"end":	4.000059,
				"seconds":	2.0000019073486328,
				"bytes":	2747400192,
				"bits_per_second":	10989590287.509995,
				"retransmits":	10,
				"omitted":	false,
				"sender":	true
			}
		}, {
			"streams":	[{
					"socket":	5,
					"start":	4.000059,
					"end":	6.000059,
					"seconds":	2,
					"bytes":	3174957056,
					"bits_per_second":	12699828224,
					"retransmits":	25,
					"snd_cwnd":	3975618,
					"snd_wnd":	5394944,
					"rtt":	1768,
					"rttvar":	431,
					"pmtu":	8946,
					"omitted":	false,
					"sender":	true
				}],
			"sum":	{
				"start":	4.000059,
				"end":	6.000059,
				"seconds":	2,
				"bytes":	3174957056,
				"bits_per_second":	12699828224,
				"retransmits":	25,
				"omitted":	false,
				"sender":	true
			}
		}, {
			"streams":	[{
					"socket":	5,
					"start":	6.000059,
					"end":	8.000061,
					"seconds":	2.0000019073486328,
					"bytes":	3166961664,
					"bits_per_second":	12667834575.01152,
					"retransmits":	260,
					"snd_cwnd":	2517002,
					"snd_wnd":	5333888,
					"rtt":	1473,
					"rttvar":	109,
					"pmtu":	8946,
					"omitted":	false,
					"sender":	true
				}],
			"sum":	{
				"start":	6.000059,
				"end":	8.000061,
				"seconds":	2.0000019073486328,
				"bytes":	3166961664,
				"bits_per_second":	12667834575.01152,
				"retransmits":	260,
				"omitted":	false,
				"sender":	true
			}
		}, {
			"streams":	[{
					"socket":	5,
					"start":	8.000061,
					"end":	10.000273,
					"seconds":	2.0002119541168213,
					"bytes":	3195797504,
					"bits_per_second":	12781835434.679544,
					"retransmits":	20,
					"snd_cwnd":	3708798,
					"snd_wnd":	5272832,
					"rtt":	1552,
					"rttvar":	409,
					"pmtu":	8946,
					"omitted":	false,
					"sender":	true
				}],
			"sum":	{
				"start":	8.000061,
				"end":	10.000273,
				"seconds":	2.0002119541168213,
				"bytes":	3195797504,
				"bits_per_second":	12781835434.679544,
				"retransmits":	20,
				"omitted":	false,
				"sender":	true
			}
		}],
	"end":	{
		"streams":	[{
				"sender":	{
					"socket":	5,
					"start":	0,
					"end":	10.000273,
					"seconds":	10.000273,
					"bytes":	15273951232,
					"bits_per_second":	12218827411.611664,
					"retransmits":	352,
					"max_snd_cwnd":	3975618,
					"max_snd_wnd":	5455872,
					"max_rtt":	2300,
					"min_rtt":	283,
					"mean_rtt":	1475,
					"sender":	true
				},
				"receiver":	{
					"socket":	5,
					"start":	0,
					"end":	10.002417,
					"seconds":	10.000273,
					"bytes":	15273951232,
					"bits_per_second":	12216208328.047112,
					"sender":	true
				}
			}],
		"sum_sent":	{
			"start":	0,
			"end":	10.000273,
			"seconds":	10.000273,
			"bytes":	15273951232,
			"bits_per_second":	12218827411.611664,
			"retransmits":	352,
			"sender":	true
		},
		"sum_received":	{
			"start":	0,
			"end":	10.002417,
			"seconds":	10.002417,
			"bytes":	15273951232,
			"bits_per_second":	12216208328.047112,
			"sender":	true
		},
		"cpu_utilization_percent":	{
			"host_total":	87.2854210390018,
			"host_user":	0.212141785142576,
			"host_system":	87.0732892525294,
			"remote_total":	20.384906467728342,
			"remote_user":	0.760575180231204,
			"remote_system":	19.624331287497139
		},
		"sender_tcp_congestion":	"cubic",
		"receiver_tcp_congestion":	"cubic"
	}
}
