{
	"start":	{
		"connected":	[{
				"socket":	5,
				"local_host":	"192.0.1.254",
				"local_port":	59618,
				"remote_host":	"192.0.2.254",
				"remote_port":	5201
			}],
		"version":	"iperf 3.16",
		"system_info":	"Linux lab-dd2 6.8.0-100-generic #100-Ubuntu SMP PREEMPT_DYNAMIC Tue Jan 13 16:40:06 UTC 2026 x86_64",
		"timestamp":	{
			"time":	"Thu, 19 Mar 2026 06:12:01 GMT",
			"timesecs":	1773900721
		},
		"connecting_to":	{
			"host":	"192.0.2.254",
			"port":	5201
		},
		"cookie":	"zycuxhkrqmfmvfrqtidhvlmrbwabowoq2s2s",
		"tcp_mss_default":	8894,
		"target_bitrate":	12000000000,
		"fq_rate":	0,
		"sock_bufsize":	0,
		"sndbuf_actual":	16384,
		"rcvbuf_actual":	131072,
		"test_start":	{
			"protocol":	"TCP",
			"num_streams":	1,
			"blksize":	131072,
			"omit":	0,
			"duration":	10,
			"bytes":	0,
			"blocks":	0,
			"reverse":	0,
			"tos":	0,
			"target_bitrate":	12000000000,
			"bidir":	0,
			"fqrate":	0
		}
	},
	"intervals":	[{
			"streams":	[{
					"socket":	5,
					"start":	0,
					"end":	2.000055,
					"seconds":	2.0000550746917725,
					"bytes":	2999189504,
					"bits_per_second":	11996427666.221956,
					"retransmits":	162,
					"snd_cwnd":	3255204,
					"snd_wnd":	5159296,
					"rtt":	543,
					"rttvar":	19,
					"pmtu":	8946,
					"omitted":	false,
					"sender":	true
				}],
			"sum":	{
				"start":	0,
				"end":	2.000055,
				"seconds":	2.0000550746917725,
				"bytes":	2999189504,
				"bits_per_second":	11996427666.221956,
				"retransmits":	162,
				"omitted":	false,
				"sender":	true
			}
		}, {
			"streams":	[{
					"socket":	5,
					"start":	2.000055,
					"end":	4.000056,
					"seconds":	2.0000009536743164,
					"bytes":	2992635904,
					"bits_per_second":	11970537908.002722,
					"retransmits":	25,
					"snd_cwnd":	3984512,
					"snd_wnd":	5220224,
					"rtt":	2615,
					"rttvar":	263,
					"pmtu":	8946,
					"omitted":	false,
					"sender":	true
				}],
			"sum":	{
				"start":	2.000055,
				"end":	4.000056,
				"seconds":	2.0000009536743164,
				"bytes":	2992635904,
				"bits_per_second":	11970537908.002722,
				"retransmits":	25,
				"omitted":	false,
				"sender":	true
			}
		}, {
			"streams":	[{
					"socket":	5,
					"start":	4.000056,
					"end":	6.000056,
					"seconds":	2,
					"bytes":	3005218816,
					"bits_per_second":	12020875264,
					"retransmits":	56,
					"snd_cwnd":	3984512,
					"snd_wnd":	5168000,
					"rtt":	362,
					"rttvar":	134,
					"pmtu":	8946,
					"omitted":	false,
					"sender":	true
				}],
			"sum":	{
				"start":	4.000056,
				"end":	6.000056,
				"seconds":	2,
				"bytes":	3005218816,
				"bits_per_second":	12020875264,
				"retransmits":	56,
				"omitted":	false,
				"sender":	true
			}
		}, {
			"streams":	[{
					"socket":	5,
					"start":	6.000056,
					"end":	8.000056,
					"seconds":	2,
					"bytes":	2987261952,
					"bits_per_second":	11949047808,
					"retransmits":	35,
					"snd_cwnd":	2783822,
					"snd_wnd":	5281408,
					"rtt":	3130,
					"rttvar":	56,
					"pmtu":	8946,
					"omitted":	false,
					"sender":	true
				}],
			"sum":	{
				"start":	6.000056,
				"end":	8.000056,
				"seconds":	2,
				"bytes":	2987261952,
				"bits_per_second":	11949047808,
				"retransmits":	35,
				"omitted":	false,
				"sender":	true
			}
		}, {
			"streams":	[{
					"socket":	5,
					"start":	8.000056,
					"end":	10.000178,
					"seconds":	2.0001220703125,
					"bytes":	3007840256,
					"bits_per_second":	12030626732.817577,
					"retransmits":	114,
					"snd_cwnd":	3628752,
					"snd_wnd":	5246592,
					"rtt":	259,
					"rttvar":	40,
					"pmtu":	8946,
					"omitted":	false,
					"sender":	true
				}],
			"sum":	{
				"start":	8.000056,
				"end":	10.000178,
				"seconds":	2.0001220703125,
				"bytes":	3007840256,
				"bits_per_second":	12030626732.817577,
				"retransmits":	114,
				"omitted":	false,
				"sender":	true
			}
		}],
	"end":	{
		"streams":	[{
				"sender":	{
					"socket":	5,
					"start":	0,
					"end":	10.000178,
					"seconds":	10.000178,
					"bytes":	15000010752,
					"bits_per_second":	11999795005.248907,
					"retransmits":	392,
					"max_snd_cwnd":	3984512,
					"max_snd_wnd":	5281408,
					"max_rtt":	3130,
					"min_rtt":	259,
					"mean_rtt":	1381,
					"sender":	true
				},
				"receiver":	{
					"socket":	5,
					"start":	0,
					"end":	10.000309,
					"seconds":	10.000178,
					"bytes":	15000010752,
					"bits_per_second":	11999637812.791586,
					"sender":	true
				}
			}],
		"sum_sent":	{
			"start":	0,
			"end":	10.000178,
			"seconds":	10.000178,
			"bytes":	15000010752,
			"bits_per_second":	11999795005.248907,
			"retransmits":	392,
			"sender":	true
		},
		"sum_received":	{
			"start":	0,
			"end":	10.000309,
			"seconds":	10.000309,
			"bytes":	15000010752,
			"bits_per_second":	11999637812.791586,
			"sender":	true
		},
		"cpu_utilization_percent":	{
			"host_total":	87.7114880586418,
			"host_user":	6.527989818957133,
			"host_system":	81.1834782423503,
			"remote_total":	20.220415078966518,
			"remote_user":	0.61910056024240845,
			"remote_system":	19.601334518096131
		},
		"sender_tcp_congestion":	"cubic",
		"receiver_tcp_congestion":	"cubic"
	}
}
