{
	"start":	{
		"connected":	[{
				"socket":	5,
				"local_host":	"192.0.1.254",
				"local_port":	39296,
				"remote_host":	"192.0.2.254",
				"remote_port":	5201
			}],
		"version":	"iperf 3.16",
		"system_info":	"Linux lab-dd2 6.8.0-100-generic #100-Ubuntu SMP PREEMPT_DYNAMIC Tue Jan 13 16:40:06 UTC 2026 x86_64",
		"timestamp":	{
			"time":	"Thu, 19 Mar 2026 06:23:01 GMT",
			"timesecs":	1773901381
		},
		"connecting_to":	{
			"host":	"192.0.2.254",
			"port":	5201
		},
		"cookie":	"rds2q6d2g2fqo6kljvtanf7qr4rkdixjttls",
		"tcp_mss_default":	8894,
		"target_bitrate":	19000000000,
		"fq_rate":	0,
		"sock_bufsize":	0,
		"sndbuf_actual":	16384,
		"rcvbuf_actual":	131072,
		"test_start":	{
			"protocol":	"TCP",
			"num_streams":	1,
			"blksize":	131072,
			"omit":	0,
			"duration":	10,
			"bytes":	0,
			"blocks":	0,
			"reverse":	0,
			"tos":	0,
			"target_bitrate":	19000000000,
			"bidir":	0,
			"fqrate":	0
		}
	},
	"intervals":	[{
			"streams":	[{
					"socket":	5,
					"start":	0,
					"end":	2.000057,
					"seconds":	2.0000569820404053,
					"bytes":	3576561664,
					"bits_per_second":	14305839068.050097,
					"retransmits":	69,
					"snd_cwnd":	2170136,
					"snd_wnd":	5159296,
					"rtt":	492,
					"rttvar":	29,
					"pmtu":	8946,
					"omitted":	false,
					"sender":	true
				}],
			"sum":	{
				"start":	0,
				"end":	2.000057,
				"seconds":	2.0000569820404053,
				"bytes":	3576561664,
				"bits_per_second":	14305839068.050097,
				"retransmits":	69,
				"omitted":	false,
				"sender":	true
			}
		}, {
			"streams":	[{
					"socket":	5,
					"start":	2.000057,
					"end":	4.000058,
					"seconds":	2.0000009536743164,
					"bytes":	3355967488,
					"bits_per_second":	13423863551.003052,
					"retransmits":	161,
					"snd_cwnd":	2187924,
					"snd_wnd":	5351168,
					"rtt":	708,
					"rttvar":	392,
					"pmtu":	8946,
					"omitted":	false,
					"sender":	true
				}],
			"sum":	{
				"start":	2.000057,
				"end":	4.000058,
				"seconds":	2.0000009536743164,
				"bytes":	3355967488,
				"bits_per_second":	13423863551.003052,
				"retransmits":	161,
				"omitted":	false,
				"sender":	true
			}
		}, {
			"streams":	[{
					"socket":	5,
					"start":	4.000058,
					"end":	6.000063,
					"seconds":	2.0000050067901611,
					"bytes":	3125411840,
					"bits_per_second":	12501616063.515848,
					"retransmits":	51,
					"snd_cwnd":	1983362,
					"snd_wnd":	5281408,
					"rtt":	1172,
					"rttvar":	169,
					"pmtu":	8946,
					"omitted":	false,
					"sender":	true
				}],
			"sum":	{
				"start":	4.000058,
				"end":	6.000063,
				"seconds":	2.0000050067901611,
				"bytes":	3125411840,
				"bits_per_second":	12501616063.515848,
				"retransmits":	51,
				"omitted":	false,
				"sender":	true
			}
		}, {
			"streams":	[{
					"socket":	5,
					"start":	6.000063,
					"end":	8.000062,
					"seconds":	1.9999990463256836,
					"bytes":	3173515264,
					"bits_per_second":	12694067109.002886,
					"retransmits":	54,
					"snd_cwnd":	3344144,
					"snd_wnd":	5394944,
					"rtt":	1298,
					"rttvar":	755,
					"pmtu":	8946,
					"omitted":	false,
					"sender":	true
				}],
			"sum":	{
				"start":	6.000063,
				"end":	8.000062,
				"seconds":	1.9999990463256836,
				"bytes":	3173515264,
				"bits_per_second":	12694067109.002886,
				"retransmits":	54,
				"omitted":	false,
				"sender":	true
			}
		}, {
			"streams":	[{
					"socket":	5,
					"start":	8.000062,
					"end":	10.000307,
					"seconds":	2.0002450942993164,
					"bytes":	3183476736,
					"bits_per_second":	12732346631.211885,
					"retransmits":	119,
					"snd_cwnd":	2677094,
					"snd_wnd":	5133184,
					"rtt":	425,
					"rttvar":	116,
					"pmtu":	8946,
					"omitted":	false,
					"sender":	true
				}],
			"sum":	{
				"start":	8.000062,
				"end":	10.000307,
				"seconds":	2.0002450942993164,
				"bytes":	3183476736,
				"bits_per_second":	12732346631.211885,
				"retransmits":	119,
				"omitted":	false,
				"sender":	true
			}
		}],
	"end":	{
		"streams":	[{
				"sender":	{
					"socket":	5,
					"start":	0,
					"end":	10.000307,
					"seconds":	10.000307,
					"bytes":	16488595456,
					"bits_per_second":	13190471417.327488,
					"retransmits":	454,
					"max_snd_cwnd":	3344144,
					"max_snd_wnd":	5394944,
					"max_rtt":	1298,
					"min_rtt":	425,
					"mean_rtt":	819,
					"sender":	true
				},
				"receiver":	{
					"socket":	5,
					"start":	0,
					"end":	10.000455,
					"seconds":	10.000307,
					"bytes":	16488595456,
					"bits_per_second":	13190276207.232571,
					"sender":	true
				}
			}],
		"sum_sent":	{
			"start":	0,
			"end":	10.000307,
			"seconds":	10.000307,
			"bytes":	16488595456,
			"bits_per_second":	13190471417.327488,
			"retransmits":	454,
			"sender":	true
		},
		"sum_received":	{
			"start":	0,
			"end":	10.000455,
			"seconds":	10.000455,
			"bytes":	16488595456,
			"bits_per_second":	13190276207.232571,
			"sender":	true
		},
		"cpu_utilization_percent":	{
			"host_total":	88.908640269894136,
			"host_user":	0.28160632285932452,
			"host_system":	88.627043945484047,
			"remote_total":	22.389413370160963,
			"remote_user":	0.850940601450153,
			"remote_system":	21.538502767321873
		},
		"sender_tcp_congestion":	"cubic",
		"receiver_tcp_congestion":	"cubic"
	}
}
