{
	"start":	{
		"connected":	[{
				"socket":	5,
				"local_host":	"192.0.1.254",
				"local_port":	52578,
				"remote_host":	"192.0.2.254",
				"remote_port":	5201
			}],
		"version":	"iperf 3.16",
		"system_info":	"Linux lab-dd2 6.8.0-100-generic #100-Ubuntu SMP PREEMPT_DYNAMIC Tue Jan 13 16:40:06 UTC 2026 x86_64",
		"timestamp":	{
			"time":	"Thu, 19 Mar 2026 06:13:01 GMT",
			"timesecs":	1773900781
		},
		"connecting_to":	{
			"host":	"192.0.2.254",
			"port":	5201
		},
		"cookie":	"c7e2gleq2xim2msylbu6dgg6t4nv3aanuurj",
		"tcp_mss_default":	8894,
		"target_bitrate":	13000000000,
		"fq_rate":	0,
		"sock_bufsize":	0,
		"sndbuf_actual":	16384,
		"rcvbuf_actual":	131072,
		"test_start":	{
			"protocol":	"TCP",
			"num_streams":	1,
			"blksize":	131072,
			"omit":	0,
			"duration":	10,
			"bytes":	0,
			"blocks":	0,
			"reverse":	0,
			"tos":	0,
			"target_bitrate":	13000000000,
			"bidir":	0,
			"fqrate":	0
		}
	},
	"intervals":	[{
			"streams":	[{
					"socket":	5,
					"start":	0,
					"end":	2.000054,
					"seconds":	2.000053882598877,
					"bytes":	2792488960,
					"bits_per_second":	11169654914.982311,
					"retransmits":	17,
					"snd_cwnd":	3904466,
					"snd_wnd":	5394944,
					"rtt":	335,
					"rttvar":	96,
					"pmtu":	8946,
					"omitted":	false,
					"sender":	true
				}],
			"sum":	{
				"start":	0,
				"end":	2.000054,
				"seconds":	2.000053882598877,
				"bytes":	2792488960,
				"bits_per_second":	11169654914.982311,
				"retransmits":	17,
				"omitted":	false,
				"sender":	true
			}
		}, {
			"streams":	[{
					"socket":	5,
					"start":	2.000054,
					"end":	4.000055,
					"seconds":	2.0000009536743164,
					"bytes":	2762604544,
					"bits_per_second":	11050412906.752512,
					"retransmits":	24,
					"snd_cwnd":	3975618,
					"snd_wnd":	5281408,
					"rtt":	2048,
					"rttvar":	268,
					"pmtu":	8946,
					"omitted":	false,
					"sender":	true
				}],
			"sum":	{
				"start":	2.000054,
				"end":	4.000055,
				"seconds":	2.0000009536743164,
				"bytes":	2762604544,
				"bits_per_second":	11050412906.752512,
				"retransmits":	24,
				"omitted":	false,
				"sender":	true
			}
		}, {
			"streams":	[{
					"socket":	5,
					"start":	4.000055,
					"end":	6.000055,
					"seconds":	2,
					"bytes":	3163029504,
					"bits_per_second":	12652118016,
					"retransmits":	92,
					"snd_cwnd":	3975618,
					"snd_wnd":	5394944,
					"rtt":	1914,
					"rttvar":	327,
					"pmtu":	8946,
					"omitted":	false,
					"sender":	true
				}],
			"sum":	{
				"start":	4.000055,
				"end":	6.000055,
				"seconds":	2,
				"bytes":	3163029504,
				"bits_per_second":	12652118016,
				"retransmits":	92,
				"omitted":	false,
				"sender":	true
			}
		}, {
			"streams":	[{
					"socket":	5,
					"start":	6.000055,
					"end":	8.000056,
					"seconds":	2.0000009536743164,
					"bytes":	2752905216,
					"bits_per_second":	11011615613.252504,
					"retransmits":	39,
					"snd_cwnd":	3948936,
					"snd_wnd":	5394944,
					"rtt":	2297,
					"rttvar":	191,
					"pmtu":	8946,
					"omitted":	false,
					"sender":	true
				}],
			"sum":	{
				"start":	6.000055,
				"end":	8.000056,
				"seconds":	2.0000009536743164,
				"bytes":	2752905216,
				"bits_per_second":	11011615613.252504,
				"retransmits":	39,
				"omitted":	false,
				"sender":	true
			}
		}, {
			"streams":	[{
					"socket":	5,
					"start":	8.000056,
					"end":	10.000188,
					"seconds":	2.0001320838928223,
					"bytes":	3137208320,
					"bits_per_second":	12548004585.353607,
					"retransmits":	0,
					"snd_cwnd":	3948936,
					"snd_wnd":	5455872,
					"rtt":	330,
					"rttvar":	133,
					"pmtu":	8946,
					"omitted":	false,
					"sender":	true
				}],
			"sum":	{
				"start":	8.000056,
				"end":	10.000188,
				"seconds":	2.0001320838928223,
				"bytes":	3137208320,
				"bits_per_second":	12548004585.353607,
				"retransmits":	0,
				"omitted":	false,
				"sender":	true
			}
		}],
	"end":	{
		"streams":	[{
				"sender":	{
					"socket":	5,
					"start":	0,
					"end":	10.000188,
					"seconds":	10.000188,
					"bytes":	14667481088,
					"bits_per_second":	11733764275.631618,
					"retransmits":	172,
					"max_snd_cwnd":	3975618,
					"max_snd_wnd":	5455872,
					"max_rtt":	2297,
					"min_rtt":	330,
					"mean_rtt":	1384,
					"sender":	true
				},
				"receiver":	{
					"socket":	5,
					"start":	0,
					"end":	10.000332,
					"seconds":	10.000188,
					"bytes":	14667481088,
					"bits_per_second":	11733595315.03554,
					"sender":	true
				}
			}],
		"sum_sent":	{
			"start":	0,
			"end":	10.000188,
			"seconds":	10.000188,
			"bytes":	14667481088,
			"bits_per_second":	11733764275.631618,
			"retransmits":	172,
			"sender":	true
		},
		"sum_received":	{
			"start":	0,
			"end":	10.000332,
			"seconds":	10.000332,
			"bytes":	14667481088,
			"bits_per_second":	11733595315.03554,
			"sender":	true
		},
		"cpu_utilization_percent":	{
			"host_total":	85.243163665290453,
			"host_user":	0.55266196413066471,
			"host_system":	84.6905017011598,
			"remote_total":	19.841313331872048,
			"remote_user":	0.65641794435706957,
			"remote_system":	19.184925386507011
		},
		"sender_tcp_congestion":	"cubic",
		"receiver_tcp_congestion":	"cubic"
	}
}
