{
	"start":	{
		"connected":	[{
				"socket":	5,
				"local_host":	"192.0.1.254",
				"local_port":	39158,
				"remote_host":	"192.0.2.254",
				"remote_port":	5201
			}],
		"version":	"iperf 3.16",
		"system_info":	"Linux lab-dd2 6.8.0-100-generic #100-Ubuntu SMP PREEMPT_DYNAMIC Tue Jan 13 16:40:06 UTC 2026 x86_64",
		"timestamp":	{
			"time":	"Thu, 19 Mar 2026 06:15:21 GMT",
			"timesecs":	1773900921
		},
		"connecting_to":	{
			"host":	"192.0.2.254",
			"port":	5201
		},
		"cookie":	"o42yq4pn3blmc4jmkaychukjez4ejgq3cm4r",
		"tcp_mss_default":	8894,
		"target_bitrate":	14000000000,
		"fq_rate":	0,
		"sock_bufsize":	0,
		"sndbuf_actual":	16384,
		"rcvbuf_actual":	131072,
		"test_start":	{
			"protocol":	"TCP",
			"num_streams":	1,
			"blksize":	131072,
			"omit":	0,
			"duration":	10,
			"bytes":	0,
			"blocks":	0,
			"reverse":	0,
			"tos":	0,
			"target_bitrate":	14000000000,
			"bidir":	0,
			"fqrate":	0
		}
	},
	"intervals":	[{
			"streams":	[{
					"socket":	5,
					"start":	0,
					"end":	2.000014,
					"seconds":	2.000014066696167,
					"bytes":	3102212096,
					"bits_per_second":	12408761108.863836,
					"retransmits":	118,
					"snd_cwnd":	3246310,
					"snd_wnd":	5429760,
					"rtt":	1180,
					"rttvar":	698,
					"pmtu":	8946,
					"omitted":	false,
					"sender":	true
				}],
			"sum":	{
				"start":	0,
				"end":	2.000014,
				"seconds":	2.000014066696167,
				"bytes":	3102212096,
				"bits_per_second":	12408761108.863836,
				"retransmits":	118,
				"omitted":	false,
				"sender":	true
			}
		}, {
			"streams":	[{
					"socket":	5,
					"start":	2.000014,
					"end":	4.000013,
					"seconds":	1.9999990463256836,
					"bytes":	3230793728,
					"bits_per_second":	12923181074.252939,
					"retransmits":	46,
					"snd_cwnd":	3806632,
					"snd_wnd":	5412224,
					"rtt":	560,
					"rttvar":	350,
					"pmtu":	8946,
					"omitted":	false,
					"sender":	true
				}],
			"sum":	{
				"start":	2.000014,
				"end":	4.000013,
				"seconds":	1.9999990463256836,
				"bytes":	3230793728,
				"bits_per_second":	12923181074.252939,
				"retransmits":	46,
				"omitted":	false,
				"sender":	true
			}
		}, {
			"streams":	[{
					"socket":	5,
					"start":	4.000013,
					"end":	6.000058,
					"seconds":	2.00004506111145,
					"bytes":	3238395904,
					"bits_per_second":	12953291771.137926,
					"retransmits":	26,
					"snd_cwnd":	3468660,
					"snd_wnd":	5159296,
					"rtt":	433,
					"rttvar":	118,
					"pmtu":	8946,
					"omitted":	false,
					"sender":	true
				}],
			"sum":	{
				"start":	4.000013,
				"end":	6.000058,
				"seconds":	2.00004506111145,
				"bytes":	3238395904,
				"bits_per_second":	12953291771.137926,
				"retransmits":	26,
				"omitted":	false,
				"sender":	true
			}
		}, {
			"streams":	[{
					"socket":	5,
					"start":	6.000058,
					"end":	8.000014,
					"seconds":	1.9999560117721558,
					"bytes":	3194617856,
					"bits_per_second":	12778752481.337856,
					"retransmits":	294,
					"snd_cwnd":	3424190,
					"snd_wnd":	5220352,
					"rtt":	2274,
					"rttvar":	183,
					"pmtu":	8946,
					"omitted":	false,
					"sender":	true
				}],
			"sum":	{
				"start":	6.000058,
				"end":	8.000014,
				"seconds":	1.9999560117721558,
				"bytes":	3194617856,
				"bits_per_second":	12778752481.337856,
				"retransmits":	294,
				"omitted":	false,
				"sender":	true
			}
		}, {
			"streams":	[{
					"socket":	5,
					"start":	8.000014,
					"end":	10.000258,
					"seconds":	2.0002439022064209,
					"bytes":	3227516928,
					"bits_per_second":	12908493506.97604,
					"retransmits":	95,
					"snd_cwnd":	2677094,
					"snd_wnd":	5333888,
					"rtt":	454,
					"rttvar":	64,
					"pmtu":	8946,
					"omitted":	false,
					"sender":	true
				}],
			"sum":	{
				"start":	8.000014,
				"end":	10.000258,
				"seconds":	2.0002439022064209,
				"bytes":	3227516928,
				"bits_per_second":	12908493506.97604,
				"retransmits":	95,
				"omitted":	false,
				"sender":	true
			}
		}],
	"end":	{
		"streams":	[{
				"sender":	{
					"socket":	5,
					"start":	0,
					"end":	10.000258,
					"seconds":	10.000258,
					"bytes":	16026959872,
					"bits_per_second":	12821237109.68257,
					"retransmits":	579,
					"max_snd_cwnd":	3806632,
					"max_snd_wnd":	5429760,
					"max_rtt":	2274,
					"min_rtt":	433,
					"mean_rtt":	980,
					"sender":	true
				},
				"receiver":	{
					"socket":	5,
					"start":	0,
					"end":	10.000434,
					"seconds":	10.000258,
					"bytes":	16026959872,
					"bits_per_second":	12821011465.702389,
					"sender":	true
				}
			}],
		"sum_sent":	{
			"start":	0,
			"end":	10.000258,
			"seconds":	10.000258,
			"bytes":	16026959872,
			"bits_per_second":	12821237109.68257,
			"retransmits":	579,
			"sender":	true
		},
		"sum_received":	{
			"start":	0,
			"end":	10.000434,
			"seconds":	10.000434,
			"bytes":	16026959872,
			"bits_per_second":	12821011465.702389,
			"sender":	true
		},
		"cpu_utilization_percent":	{
			"host_total":	90.730330281566353,
			"host_user":	0.23938649224646141,
			"host_system":	90.490953788337976,
			"remote_total":	21.29179806514378,
			"remote_user":	0.868282403371934,
			"remote_system":	20.4235456604729
		},
		"sender_tcp_congestion":	"cubic",
		"receiver_tcp_congestion":	"cubic"
	}
}
