{
	"start":	{
		"connected":	[{
				"socket":	5,
				"local_host":	"192.0.1.254",
				"local_port":	39854,
				"remote_host":	"192.0.2.254",
				"remote_port":	5201
			}],
		"version":	"iperf 3.16",
		"system_info":	"Linux lab-dd2 6.8.0-100-generic #100-Ubuntu SMP PREEMPT_DYNAMIC Tue Jan 13 16:40:06 UTC 2026 x86_64",
		"timestamp":	{
			"time":	"Thu, 19 Mar 2026 06:11:51 GMT",
			"timesecs":	1773900711
		},
		"connecting_to":	{
			"host":	"192.0.2.254",
			"port":	5201
		},
		"cookie":	"67so3xkumwyffmmrp2tdqsq57yg7exbbzjzc",
		"tcp_mss_default":	8894,
		"target_bitrate":	12000000000,
		"fq_rate":	0,
		"sock_bufsize":	0,
		"sndbuf_actual":	16384,
		"rcvbuf_actual":	131072,
		"test_start":	{
			"protocol":	"TCP",
			"num_streams":	1,
			"blksize":	131072,
			"omit":	0,
			"duration":	10,
			"bytes":	0,
			"blocks":	0,
			"reverse":	0,
			"tos":	0,
			"target_bitrate":	12000000000,
			"bidir":	0,
			"fqrate":	0
		}
	},
	"intervals":	[{
			"streams":	[{
					"socket":	5,
					"start":	0,
					"end":	2.000059,
					"seconds":	2.0000588893890381,
					"bytes":	2992635904,
					"bits_per_second":	11970191157.378036,
					"retransmits":	60,
					"snd_cwnd":	2792716,
					"snd_wnd":	5394944,
					"rtt":	456,
					"rttvar":	61,
					"pmtu":	8946,
					"omitted":	false,
					"sender":	true
				}],
			"sum":	{
				"start":	0,
				"end":	2.000059,
				"seconds":	2.0000588893890381,
				"bytes":	2992635904,
				"bits_per_second":	11970191157.378036,
				"retransmits":	60,
				"omitted":	false,
				"sender":	true
			}
		}, {
			"streams":	[{
					"socket":	5,
					"start":	2.000059,
					"end":	4.000065,
					"seconds":	2.0000059604644775,
					"bytes":	2946760704,
					"bits_per_second":	11787007687.979691,
					"retransmits":	298,
					"snd_cwnd":	2250182,
					"snd_wnd":	5220352,
					"rtt":	1352,
					"rttvar":	202,
					"pmtu":	8946,
					"omitted":	false,
					"sender":	true
				}],
			"sum":	{
				"start":	2.000059,
				"end":	4.000065,
				"seconds":	2.0000059604644775,
				"bytes":	2946760704,
				"bits_per_second":	11787007687.979691,
				"retransmits":	298,
				"omitted":	false,
				"sender":	true
			}
		}, {
			"streams":	[{
					"socket":	5,
					"start":	4.000065,
					"end":	6.000063,
					"seconds":	1.9999979734420776,
					"bytes":	2984902656,
					"bits_per_second":	11939622722.168509,
					"retransmits":	126,
					"snd_cwnd":	2383592,
					"snd_wnd":	5394944,
					"rtt":	1083,
					"rttvar":	396,
					"pmtu":	8946,
					"omitted":	false,
					"sender":	true
				}],
			"sum":	{
				"start":	4.000065,
				"end":	6.000063,
				"seconds":	1.9999979734420776,
				"bytes":	2984902656,
				"bits_per_second":	11939622722.168509,
				"retransmits":	126,
				"omitted":	false,
				"sender":	true
			}
		}, {
			"streams":	[{
					"socket":	5,
					"start":	6.000063,
					"end":	8.000062,
					"seconds":	1.9999990463256836,
					"bytes":	3000762368,
					"bits_per_second":	12003055195.502729,
					"retransmits":	59,
					"snd_cwnd":	3646540,
					"snd_wnd":	5455872,
					"rtt":	618,
					"rttvar":	170,
					"pmtu":	8946,
					"omitted":	false,
					"sender":	true
				}],
			"sum":	{
				"start":	6.000063,
				"end":	8.000062,
				"seconds":	1.9999990463256836,
				"bytes":	3000762368,
				"bits_per_second":	12003055195.502729,
				"retransmits":	59,
				"omitted":	false,
				"sender":	true
			}
		}, {
			"streams":	[{
					"socket":	5,
					"start":	8.000062,
					"end":	10.000401,
					"seconds":	2.0003390312194824,
					"bytes":	3000238080,
					"bits_per_second":	11998918316.04542,
					"retransmits":	149,
					"snd_cwnd":	2810504,
					"snd_wnd":	5211776,
					"rtt":	2003,
					"rttvar":	66,
					"pmtu":	8946,
					"omitted":	false,
					"sender":	true
				}],
			"sum":	{
				"start":	8.000062,
				"end":	10.000401,
				"seconds":	2.0003390312194824,
				"bytes":	3000238080,
				"bits_per_second":	11998918316.04542,
				"retransmits":	149,
				"omitted":	false,
				"sender":	true
			}
		}],
	"end":	{
		"streams":	[{
				"sender":	{
					"socket":	5,
					"start":	0,
					"end":	10.000401,
					"seconds":	10.000401,
					"bytes":	14999093248,
					"bits_per_second":	11998793446.782784,
					"retransmits":	692,
					"max_snd_cwnd":	3646540,
					"max_snd_wnd":	5455872,
					"max_rtt":	2003,
					"min_rtt":	456,
					"mean_rtt":	1102,
					"sender":	true
				},
				"receiver":	{
					"socket":	5,
					"start":	0,
					"end":	10.002055,
					"seconds":	10.000401,
					"bytes":	14998962176,
					"bits_per_second":	11996704418.042091,
					"sender":	true
				}
			}],
		"sum_sent":	{
			"start":	0,
			"end":	10.000401,
			"seconds":	10.000401,
			"bytes":	14999093248,
			"bits_per_second":	11998793446.782784,
			"retransmits":	692,
			"sender":	true
		},
		"sum_received":	{
			"start":	0,
			"end":	10.002055,
			"seconds":	10.002055,
			"bytes":	14998962176,
			"bits_per_second":	11996704418.042091,
			"sender":	true
		},
		"cpu_utilization_percent":	{
			"host_total":	87.6520137975621,
			"host_user":	18.642186549046706,
			"host_system":	69.0098372470386,
			"remote_total":	20.627384884190832,
			"remote_user":	1.0186803555828212,
			"remote_system":	19.6087445203777
		},
		"sender_tcp_congestion":	"cubic",
		"receiver_tcp_congestion":	"cubic"
	}
}
