{
	"start":	{
		"connected":	[{
				"socket":	5,
				"local_host":	"192.0.1.254",
				"local_port":	40506,
				"remote_host":	"192.0.2.254",
				"remote_port":	5201
			}],
		"version":	"iperf 3.16",
		"system_info":	"Linux lab-dd2 6.8.0-100-generic #100-Ubuntu SMP PREEMPT_DYNAMIC Tue Jan 13 16:40:06 UTC 2026 x86_64",
		"timestamp":	{
			"time":	"Thu, 19 Mar 2026 06:18:31 GMT",
			"timesecs":	1773901111
		},
		"connecting_to":	{
			"host":	"192.0.2.254",
			"port":	5201
		},
		"cookie":	"n2ujh6evagp2anwv6zl2bfahddglc6lmpig6",
		"tcp_mss_default":	8894,
		"target_bitrate":	16000000000,
		"fq_rate":	0,
		"sock_bufsize":	0,
		"sndbuf_actual":	16384,
		"rcvbuf_actual":	131072,
		"test_start":	{
			"protocol":	"TCP",
			"num_streams":	1,
			"blksize":	131072,
			"omit":	0,
			"duration":	10,
			"bytes":	0,
			"blocks":	0,
			"reverse":	0,
			"tos":	0,
			"target_bitrate":	16000000000,
			"bidir":	0,
			"fqrate":	0
		}
	},
	"intervals":	[{
			"streams":	[{
					"socket":	5,
					"start":	0,
					"end":	2.000058,
					"seconds":	2.0000579357147217,
					"bytes":	3315990528,
					"bits_per_second":	13263577894.567455,
					"retransmits":	18,
					"snd_cwnd":	3121794,
					"snd_wnd":	5385984,
					"rtt":	2200,
					"rttvar":	110,
					"pmtu":	8946,
					"omitted":	false,
					"sender":	true
				}],
			"sum":	{
				"start":	0,
				"end":	2.000058,
				"seconds":	2.0000579357147217,
				"bytes":	3315990528,
				"bits_per_second":	13263577894.567455,
				"retransmits":	18,
				"omitted":	false,
				"sender":	true
			}
		}, {
			"streams":	[{
					"socket":	5,
					"start":	2.000058,
					"end":	4.000056,
					"seconds":	1.9999979734420776,
					"bytes":	4140302336,
					"bits_per_second":	16561226125.142004,
					"retransmits":	0,
					"snd_cwnd":	3486448,
					"snd_wnd":	5403520,
					"rtt":	1075,
					"rttvar":	683,
					"pmtu":	8946,
					"omitted":	false,
					"sender":	true
				}],
			"sum":	{
				"start":	2.000058,
				"end":	4.000056,
				"seconds":	1.9999979734420776,
				"bytes":	4140302336,
				"bits_per_second":	16561226125.142004,
				"retransmits":	0,
				"omitted":	false,
				"sender":	true
			}
		}, {
			"streams":	[{
					"socket":	5,
					"start":	4.000056,
					"end":	6.000056,
					"seconds":	2,
					"bytes":	3524919296,
					"bits_per_second":	14099677184,
					"retransmits":	118,
					"snd_cwnd":	2819398,
					"snd_wnd":	5403520,
					"rtt":	328,
					"rttvar":	73,
					"pmtu":	8946,
					"omitted":	false,
					"sender":	true
				}],
			"sum":	{
				"start":	4.000056,
				"end":	6.000056,
				"seconds":	2,
				"bytes":	3524919296,
				"bits_per_second":	14099677184,
				"retransmits":	118,
				"omitted":	false,
				"sender":	true
			}
		}, {
			"streams":	[{
					"socket":	5,
					"start":	6.000056,
					"end":	8.000057,
					"seconds":	2.0000009536743164,
					"bytes":	3124363264,
					"bits_per_second":	12497447096.752842,
					"retransmits":	6,
					"snd_cwnd":	2330228,
					"snd_wnd":	5455872,
					"rtt":	653,
					"rttvar":	393,
					"pmtu":	8946,
					"omitted":	false,
					"sender":	true
				}],
			"sum":	{
				"start":	6.000056,
				"end":	8.000057,
				"seconds":	2.0000009536743164,
				"bytes":	3124363264,
				"bits_per_second":	12497447096.752842,
				"retransmits":	6,
				"omitted":	false,
				"sender":	true
			}
		}, {
			"streams":	[{
					"socket":	5,
					"start":	8.000057,
					"end":	10.000224,
					"seconds":	2.0001668930053711,
					"bytes":	3578265600,
					"bits_per_second":	14311868124.6581,
					"retransmits":	7,
					"snd_cwnd":	2463638,
					"snd_wnd":	5394944,
					"rtt":	952,
					"rttvar":	473,
					"pmtu":	8946,
					"omitted":	false,
					"sender":	true
				}],
			"sum":	{
				"start":	8.000057,
				"end":	10.000224,
				"seconds":	2.0001668930053711,
				"bytes":	3578265600,
				"bits_per_second":	14311868124.6581,
				"retransmits":	7,
				"omitted":	false,
				"sender":	true
			}
		}],
	"end":	{
		"streams":	[{
				"sender":	{
					"socket":	5,
					"start":	0,
					"end":	10.000224,
					"seconds":	10.000224,
					"bytes":	17830248448,
					"bits_per_second":	14263879247.504856,
					"retransmits":	149,
					"max_snd_cwnd":	3486448,
					"max_snd_wnd":	5455872,
					"max_rtt":	2200,
					"min_rtt":	328,
					"mean_rtt":	1041,
					"sender":	true
				},
				"receiver":	{
					"socket":	5,
					"start":	0,
					"end":	10.000452,
					"seconds":	10.000224,
					"bytes":	17830248448,
					"bits_per_second":	14263554045.757133,
					"sender":	true
				}
			}],
		"sum_sent":	{
			"start":	0,
			"end":	10.000224,
			"seconds":	10.000224,
			"bytes":	17830248448,
			"bits_per_second":	14263879247.504856,
			"retransmits":	149,
			"sender":	true
		},
		"sum_received":	{
			"start":	0,
			"end":	10.000452,
			"seconds":	10.000452,
			"bytes":	17830248448,
			"bits_per_second":	14263554045.757133,
			"sender":	true
		},
		"cpu_utilization_percent":	{
			"host_total":	90.4773784156897,
			"host_user":	0.27103446738132631,
			"host_system":	90.206343948308373,
			"remote_total":	23.4592149516412,
			"remote_user":	0.998804654268696,
			"remote_system":	22.460430296464541
		},
		"sender_tcp_congestion":	"cubic",
		"receiver_tcp_congestion":	"cubic"
	}
}
