{
	"start":	{
		"connected":	[{
				"socket":	5,
				"local_host":	"192.0.1.254",
				"local_port":	52454,
				"remote_host":	"192.0.2.254",
				"remote_port":	5201
			}],
		"version":	"iperf 3.16",
		"system_info":	"Linux lab-dd2 6.8.0-100-generic #100-Ubuntu SMP PREEMPT_DYNAMIC Tue Jan 13 16:40:06 UTC 2026 x86_64",
		"timestamp":	{
			"time":	"Thu, 19 Mar 2026 06:22:01 GMT",
			"timesecs":	1773901321
		},
		"connecting_to":	{
			"host":	"192.0.2.254",
			"port":	5201
		},
		"cookie":	"jtum7a2fydwkwddo2vqjde4vvsxbtbwn7qcr",
		"tcp_mss_default":	8894,
		"target_bitrate":	18000000000,
		"fq_rate":	0,
		"sock_bufsize":	0,
		"sndbuf_actual":	16384,
		"rcvbuf_actual":	131072,
		"test_start":	{
			"protocol":	"TCP",
			"num_streams":	1,
			"blksize":	131072,
			"omit":	0,
			"duration":	10,
			"bytes":	0,
			"blocks":	0,
			"reverse":	0,
			"tos":	0,
			"target_bitrate":	18000000000,
			"bidir":	0,
			"fqrate":	0
		}
	},
	"intervals":	[{
			"streams":	[{
					"socket":	5,
					"start":	0,
					"end":	2.000028,
					"seconds":	2.0000278949737549,
					"bytes":	3132620800,
					"bits_per_second":	12530308433.687551,
					"retransmits":	42,
					"snd_cwnd":	3326356,
					"snd_wnd":	5106688,
					"rtt":	2220,
					"rttvar":	434,
					"pmtu":	8946,
					"omitted":	false,
					"sender":	true
				}],
			"sum":	{
				"start":	0,
				"end":	2.000028,
				"seconds":	2.0000278949737549,
				"bytes":	3132620800,
				"bits_per_second":	12530308433.687551,
				"retransmits":	42,
				"omitted":	false,
				"sender":	true
			}
		}, {
			"streams":	[{
					"socket":	5,
					"start":	2.000028,
					"end":	4.000029,
					"seconds":	2.0000009536743164,
					"bytes":	2851602432,
					"bits_per_second":	11406404289.002594,
					"retransmits":	80,
					"snd_cwnd":	2241288,
					"snd_wnd":	5394944,
					"rtt":	1273,
					"rttvar":	119,
					"pmtu":	8946,
					"omitted":	false,
					"sender":	true
				}],
			"sum":	{
				"start":	2.000028,
				"end":	4.000029,
				"seconds":	2.0000009536743164,
				"bytes":	2851602432,
				"bits_per_second":	11406404289.002594,
				"retransmits":	80,
				"omitted":	false,
				"sender":	true
			}
		}, {
			"streams":	[{
					"socket":	5,
					"start":	4.000029,
					"end":	6.00003,
					"seconds":	2.0000009536743164,
					"bytes":	2806775808,
					"bits_per_second":	11227097878.502552,
					"retransmits":	30,
					"snd_cwnd":	3201840,
					"snd_wnd":	5394944,
					"rtt":	2066,
					"rttvar":	178,
					"pmtu":	8946,
					"omitted":	false,
					"sender":	true
				}],
			"sum":	{
				"start":	4.000029,
				"end":	6.00003,
				"seconds":	2.0000009536743164,
				"bytes":	2806775808,
				"bits_per_second":	11227097878.502552,
				"retransmits":	30,
				"omitted":	false,
				"sender":	true
			}
		}, {
			"streams":	[{
					"socket":	5,
					"start":	6.00003,
					"end":	8.000029,
					"seconds":	1.9999990463256836,
					"bytes":	3198681088,
					"bits_per_second":	12794730453.002909,
					"retransmits":	31,
					"snd_cwnd":	3753268,
					"snd_wnd":	5394944,
					"rtt":	2306,
					"rttvar":	242,
					"pmtu":	8946,
					"omitted":	false,
					"sender":	true
				}],
			"sum":	{
				"start":	6.00003,
				"end":	8.000029,
				"seconds":	1.9999990463256836,
				"bytes":	3198681088,
				"bits_per_second":	12794730453.002909,
				"retransmits":	31,
				"omitted":	false,
				"sender":	true
			}
		}, {
			"streams":	[{
					"socket":	5,
					"start":	8.000029,
					"end":	10.000215,
					"seconds":	2.0001859664916992,
					"bytes":	3191078912,
					"bits_per_second":	12763128890.848532,
					"retransmits":	346,
					"snd_cwnd":	3806632,
					"snd_wnd":	5394944,
					"rtt":	489,
					"rttvar":	62,
					"pmtu":	8946,
					"omitted":	false,
					"sender":	true
				}],
			"sum":	{
				"start":	8.000029,
				"end":	10.000215,
				"seconds":	2.0001859664916992,
				"bytes":	3191078912,
				"bits_per_second":	12763128890.848532,
				"retransmits":	346,
				"omitted":	false,
				"sender":	true
			}
		}],
	"end":	{
		"streams":	[{
				"sender":	{
					"socket":	5,
					"start":	0,
					"end":	10.000215,
					"seconds":	10.000215,
					"bytes":	15191244800,
					"bits_per_second":	12152734556.207041,
					"retransmits":	529,
					"max_snd_cwnd":	3806632,
					"max_snd_wnd":	5394944,
					"max_rtt":	2306,
					"min_rtt":	489,
					"mean_rtt":	1670,
					"sender":	true
				},
				"receiver":	{
					"socket":	5,
					"start":	0,
					"end":	10.000373,
					"seconds":	10.000215,
					"bytes":	15191113728,
					"bits_per_second":	12152437696.473923,
					"sender":	true
				}
			}],
		"sum_sent":	{
			"start":	0,
			"end":	10.000215,
			"seconds":	10.000215,
			"bytes":	15191244800,
			"bits_per_second":	12152734556.207041,
			"retransmits":	529,
			"sender":	true
		},
		"sum_received":	{
			"start":	0,
			"end":	10.000373,
			"seconds":	10.000373,
			"bytes":	15191113728,
			"bits_per_second":	12152437696.473923,
			"sender":	true
		},
		"cpu_utilization_percent":	{
			"host_total":	86.313983598489557,
			"host_user":	0.21119309399982444,
			"host_system":	86.1027905044897,
			"remote_total":	21.115221844614275,
			"remote_user":	0.91604537348488235,
			"remote_system":	20.199196470373419
		},
		"sender_tcp_congestion":	"cubic",
		"receiver_tcp_congestion":	"cubic"
	}
}
