{
	"start":	{
		"connected":	[{
				"socket":	5,
				"local_host":	"192.0.1.254",
				"local_port":	39706,
				"remote_host":	"192.0.2.254",
				"remote_port":	5201
			}],
		"version":	"iperf 3.16",
		"system_info":	"Linux lab-dd2 6.8.0-100-generic #100-Ubuntu SMP PREEMPT_DYNAMIC Tue Jan 13 16:40:06 UTC 2026 x86_64",
		"timestamp":	{
			"time":	"Thu, 19 Mar 2026 06:15:01 GMT",
			"timesecs":	1773900901
		},
		"connecting_to":	{
			"host":	"192.0.2.254",
			"port":	5201
		},
		"cookie":	"e7g6jjwwd2bovpiprtcpfyyz6edkmvgzj45b",
		"tcp_mss_default":	8894,
		"target_bitrate":	14000000000,
		"fq_rate":	0,
		"sock_bufsize":	0,
		"sndbuf_actual":	16384,
		"rcvbuf_actual":	131072,
		"test_start":	{
			"protocol":	"TCP",
			"num_streams":	1,
			"blksize":	131072,
			"omit":	0,
			"duration":	10,
			"bytes":	0,
			"blocks":	0,
			"reverse":	0,
			"tos":	0,
			"target_bitrate":	14000000000,
			"bidir":	0,
			"fqrate":	0
		}
	},
	"intervals":	[{
			"streams":	[{
					"socket":	5,
					"start":	0,
					"end":	2.000028,
					"seconds":	2.0000278949737549,
					"bytes":	3372875776,
					"bits_per_second":	13491314934.062,
					"retransmits":	253,
					"snd_cwnd":	2872762,
					"snd_wnd":	5394944,
					"rtt":	511,
					"rttvar":	61,
					"pmtu":	8946,
					"omitted":	false,
					"sender":	true
				}],
			"sum":	{
				"start":	0,
				"end":	2.000028,
				"seconds":	2.0000278949737549,
				"bytes":	3372875776,
				"bits_per_second":	13491314934.062,
				"retransmits":	253,
				"omitted":	false,
				"sender":	true
			}
		}, {
			"streams":	[{
					"socket":	5,
					"start":	2.000028,
					"end":	4.000058,
					"seconds":	2.0000300407409668,
					"bytes":	3175612416,
					"bits_per_second":	12702258871.365776,
					"retransmits":	398,
					"snd_cwnd":	1761012,
					"snd_wnd":	5272832,
					"rtt":	1312,
					"rttvar":	288,
					"pmtu":	8946,
					"omitted":	false,
					"sender":	true
				}],
			"sum":	{
				"start":	2.000028,
				"end":	4.000058,
				"seconds":	2.0000300407409668,
				"bytes":	3175612416,
				"bits_per_second":	12702258871.365776,
				"retransmits":	398,
				"omitted":	false,
				"sender":	true
			}
		}, {
			"streams":	[{
					"socket":	5,
					"start":	4.000058,
					"end":	6.000028,
					"seconds":	1.9999699592590332,
					"bytes":	3379691520,
					"bits_per_second":	13518969139.925035,
					"retransmits":	39,
					"snd_cwnd":	3504236,
					"snd_wnd":	5220352,
					"rtt":	1207,
					"rttvar":	12,
					"pmtu":	8946,
					"omitted":	false,
					"sender":	true
				}],
			"sum":	{
				"start":	4.000058,
				"end":	6.000028,
				"seconds":	1.9999699592590332,
				"bytes":	3379691520,
				"bits_per_second":	13518969139.925035,
				"retransmits":	39,
				"omitted":	false,
				"sender":	true
			}
		}, {
			"streams":	[{
					"socket":	5,
					"start":	6.000028,
					"end":	8.000027,
					"seconds":	1.9999990463256836,
					"bytes":	3847094272,
					"bits_per_second":	15388384425.7535,
					"retransmits":	186,
					"snd_cwnd":	3059536,
					"snd_wnd":	5159296,
					"rtt":	1896,
					"rttvar":	669,
					"pmtu":	8946,
					"omitted":	false,
					"sender":	true
				}],
			"sum":	{
				"start":	6.000028,
				"end":	8.000027,
				"seconds":	1.9999990463256836,
				"bytes":	3847094272,
				"bits_per_second":	15388384425.7535,
				"retransmits":	186,
				"omitted":	false,
				"sender":	true
			}
		}, {
			"streams":	[{
					"socket":	5,
					"start":	8.000027,
					"end":	10.000507,
					"seconds":	2.0004799365997314,
					"bytes":	3657433088,
					"bits_per_second":	14626222522.247879,
					"retransmits":	119,
					"snd_cwnd":	3290780,
					"snd_wnd":	5281408,
					"rtt":	2256,
					"rttvar":	204,
					"pmtu":	8946,
					"omitted":	false,
					"sender":	true
				}],
			"sum":	{
				"start":	8.000027,
				"end":	10.000507,
				"seconds":	2.0004799365997314,
				"bytes":	3657433088,
				"bits_per_second":	14626222522.247879,
				"retransmits":	119,
				"omitted":	false,
				"sender":	true
			}
		}],
	"end":	{
		"streams":	[{
				"sender":	{
					"socket":	5,
					"start":	0,
					"end":	10.000507,
					"seconds":	10.000507,
					"bytes":	17450008576,
					"bits_per_second":	13959299124.334394,
					"retransmits":	995,
					"max_snd_cwnd":	3504236,
					"max_snd_wnd":	5394944,
					"max_rtt":	2256,
					"min_rtt":	511,
					"mean_rtt":	1436,
					"sender":	true
				},
				"receiver":	{
					"socket":	5,
					"start":	0,
					"end":	10.002518,
					"seconds":	10.000507,
					"bytes":	17450008576,
					"bits_per_second":	13956492615.9593,
					"sender":	true
				}
			}],
		"sum_sent":	{
			"start":	0,
			"end":	10.000507,
			"seconds":	10.000507,
			"bytes":	17450008576,
			"bits_per_second":	13959299124.334394,
			"retransmits":	995,
			"sender":	true
		},
		"sum_received":	{
			"start":	0,
			"end":	10.002518,
			"seconds":	10.002518,
			"bytes":	17450008576,
			"bits_per_second":	13956492615.9593,
			"sender":	true
		},
		"cpu_utilization_percent":	{
			"host_total":	87.3115584546601,
			"host_user":	0.67387483479073429,
			"host_system":	86.637683619869364,
			"remote_total":	23.555084118802061,
			"remote_user":	0.941172824448239,
			"remote_system":	22.613931289315094
		},
		"sender_tcp_congestion":	"cubic",
		"receiver_tcp_congestion":	"cubic"
	}
}
