{
	"start":	{
		"connected":	[{
				"socket":	5,
				"local_host":	"192.0.1.254",
				"local_port":	57028,
				"remote_host":	"192.0.2.254",
				"remote_port":	5201
			}],
		"version":	"iperf 3.16",
		"system_info":	"Linux lab-dd2 6.8.0-100-generic #100-Ubuntu SMP PREEMPT_DYNAMIC Tue Jan 13 16:40:06 UTC 2026 x86_64",
		"timestamp":	{
			"time":	"Thu, 19 Mar 2026 06:09:51 GMT",
			"timesecs":	1773900591
		},
		"connecting_to":	{
			"host":	"192.0.2.254",
			"port":	5201
		},
		"cookie":	"lcnebfo2gkrmkhnphn64aamw5fhsrkspxpud",
		"tcp_mss_default":	8894,
		"target_bitrate":	11000000000,
		"fq_rate":	0,
		"sock_bufsize":	0,
		"sndbuf_actual":	16384,
		"rcvbuf_actual":	131072,
		"test_start":	{
			"protocol":	"TCP",
			"num_streams":	1,
			"blksize":	131072,
			"omit":	0,
			"duration":	10,
			"bytes":	0,
			"blocks":	0,
			"reverse":	0,
			"tos":	0,
			"target_bitrate":	11000000000,
			"bidir":	0,
			"fqrate":	0
		}
	},
	"intervals":	[{
			"streams":	[{
					"socket":	5,
					"start":	0,
					"end":	2.000056,
					"seconds":	2.0000560283660889,
					"bytes":	2749235200,
					"bits_per_second":	10996632738.317596,
					"retransmits":	168,
					"snd_cwnd":	2863868,
					"snd_wnd":	5455872,
					"rtt":	398,
					"rttvar":	61,
					"pmtu":	8946,
					"omitted":	false,
					"sender":	true
				}],
			"sum":	{
				"start":	0,
				"end":	2.000056,
				"seconds":	2.0000560283660889,
				"bytes":	2749235200,
				"bits_per_second":	10996632738.317596,
				"retransmits":	168,
				"omitted":	false,
				"sender":	true
			}
		}, {
			"streams":	[{
					"socket":	5,
					"start":	2.000056,
					"end":	4.000055,
					"seconds":	1.9999990463256836,
					"bytes":	2749759488,
					"bits_per_second":	10999043196.7525,
					"retransmits":	61,
					"snd_cwnd":	3041748,
					"snd_wnd":	5455872,
					"rtt":	365,
					"rttvar":	92,
					"pmtu":	8946,
					"omitted":	false,
					"sender":	true
				}],
			"sum":	{
				"start":	2.000056,
				"end":	4.000055,
				"seconds":	1.9999990463256836,
				"bytes":	2749759488,
				"bits_per_second":	10999043196.7525,
				"retransmits":	61,
				"omitted":	false,
				"sender":	true
			}
		}, {
			"streams":	[{
					"socket":	5,
					"start":	4.000055,
					"end":	6.000055,
					"seconds":	2,
					"bytes":	2750414848,
					"bits_per_second":	11001659392,
					"retransmits":	178,
					"snd_cwnd":	2454744,
					"snd_wnd":	5455872,
					"rtt":	398,
					"rttvar":	64,
					"pmtu":	8946,
					"omitted":	false,
					"sender":	true
				}],
			"sum":	{
				"start":	4.000055,
				"end":	6.000055,
				"seconds":	2,
				"bytes":	2750414848,
				"bits_per_second":	11001659392,
				"retransmits":	178,
				"omitted":	false,
				"sender":	true
			}
		}, {
			"streams":	[{
					"socket":	5,
					"start":	6.000055,
					"end":	8.000054,
					"seconds":	1.9999990463256836,
					"bytes":	2749628416,
					"bits_per_second":	10998518908.5025,
					"retransmits":	22,
					"snd_cwnd":	3059536,
					"snd_wnd":	5394944,
					"rtt":	452,
					"rttvar":	100,
					"pmtu":	8946,
					"omitted":	false,
					"sender":	true
				}],
			"sum":	{
				"start":	6.000055,
				"end":	8.000054,
				"seconds":	1.9999990463256836,
				"bytes":	2749628416,
				"bits_per_second":	10998518908.5025,
				"retransmits":	22,
				"omitted":	false,
				"sender":	true
			}
		}, {
			"streams":	[{
					"socket":	5,
					"start":	8.000054,
					"end":	10.000211,
					"seconds":	2.0001571178436279,
					"bytes":	2746482688,
					"bits_per_second":	10985067776.919392,
					"retransmits":	184,
					"snd_cwnd":	2988384,
					"snd_wnd":	5324928,
					"rtt":	1668,
					"rttvar":	130,
					"pmtu":	8946,
					"omitted":	false,
					"sender":	true
				}],
			"sum":	{
				"start":	8.000054,
				"end":	10.000211,
				"seconds":	2.0001571178436279,
				"bytes":	2746482688,
				"bits_per_second":	10985067776.919392,
				"retransmits":	184,
				"omitted":	false,
				"sender":	true
			}
		}],
	"end":	{
		"streams":	[{
				"sender":	{
					"socket":	5,
					"start":	0,
					"end":	10.000211,
					"seconds":	10.000211,
					"bytes":	13749714944,
					"bits_per_second":	10999539864.90885,
					"retransmits":	613,
					"max_snd_cwnd":	3059536,
					"max_snd_wnd":	5455872,
					"max_rtt":	1668,
					"min_rtt":	365,
					"mean_rtt":	656,
					"sender":	true
				},
				"receiver":	{
					"socket":	5,
					"start":	0,
					"end":	10.001649,
					"seconds":	10.000211,
					"bytes":	13749714944,
					"bits_per_second":	10997958391.861181,
					"sender":	true
				}
			}],
		"sum_sent":	{
			"start":	0,
			"end":	10.000211,
			"seconds":	10.000211,
			"bytes":	13749714944,
			"bits_per_second":	10999539864.90885,
			"retransmits":	613,
			"sender":	true
		},
		"sum_received":	{
			"start":	0,
			"end":	10.001649,
			"seconds":	10.001649,
			"bytes":	13749714944,
			"bits_per_second":	10997958391.861181,
			"sender":	true
		},
		"cpu_utilization_percent":	{
			"host_total":	90.2919863192718,
			"host_user":	1.3521447679093614,
			"host_system":	88.9398415513624,
			"remote_total":	18.558279325631947,
			"remote_user":	0.85267845537640752,
			"remote_system":	17.705610868595816
		},
		"sender_tcp_congestion":	"cubic",
		"receiver_tcp_congestion":	"cubic"
	}
}
