{
	"start":	{
		"connected":	[{
				"socket":	5,
				"local_host":	"192.0.1.254",
				"local_port":	51174,
				"remote_host":	"192.0.2.254",
				"remote_port":	5201
			}],
		"version":	"iperf 3.16",
		"system_info":	"Linux lab-dd2 6.8.0-100-generic #100-Ubuntu SMP PREEMPT_DYNAMIC Tue Jan 13 16:40:06 UTC 2026 x86_64",
		"timestamp":	{
			"time":	"Thu, 19 Mar 2026 06:04:41 GMT",
			"timesecs":	1773900281
		},
		"connecting_to":	{
			"host":	"192.0.2.254",
			"port":	5201
		},
		"cookie":	"kyr43znqqqcew73znxdgvsjpffq47rgqxd6e",
		"tcp_mss_default":	8894,
		"target_bitrate":	8000000000,
		"fq_rate":	0,
		"sock_bufsize":	0,
		"sndbuf_actual":	16384,
		"rcvbuf_actual":	131072,
		"test_start":	{
			"protocol":	"TCP",
			"num_streams":	1,
			"blksize":	131072,
			"omit":	0,
			"duration":	10,
			"bytes":	0,
			"blocks":	0,
			"reverse":	0,
			"tos":	0,
			"target_bitrate":	8000000000,
			"bidir":	0,
			"fqrate":	0
		}
	},
	"intervals":	[{
			"streams":	[{
					"socket":	5,
					"start":	0,
					"end":	2.000056,
					"seconds":	2.0000560283660889,
					"bytes":	1999765504,
					"bits_per_second":	7998837935.0899439,
					"retransmits":	28,
					"snd_cwnd":	3895572,
					"snd_wnd":	5394944,
					"rtt":	3423,
					"rttvar":	344,
					"pmtu":	8946,
					"omitted":	false,
					"sender":	true
				}],
			"sum":	{
				"start":	0,
				"end":	2.000056,
				"seconds":	2.0000560283660889,
				"bytes":	1999765504,
				"bits_per_second":	7998837935.0899439,
				"retransmits":	28,
				"omitted":	false,
				"sender":	true
			}
		}, {
			"streams":	[{
					"socket":	5,
					"start":	2.000056,
					"end":	4.000055,
					"seconds":	1.9999990463256836,
					"bytes":	1999372288,
					"bits_per_second":	7997492965.50182,
					"retransmits":	21,
					"snd_cwnd":	3895572,
					"snd_wnd":	5385984,
					"rtt":	1297,
					"rttvar":	192,
					"pmtu":	8946,
					"omitted":	false,
					"sender":	true
				}],
			"sum":	{
				"start":	2.000056,
				"end":	4.000055,
				"seconds":	1.9999990463256836,
				"bytes":	1999372288,
				"bits_per_second":	7997492965.50182,
				"retransmits":	21,
				"omitted":	false,
				"sender":	true
			}
		}, {
			"streams":	[{
					"socket":	5,
					"start":	4.000055,
					"end":	6.000056,
					"seconds":	2.0000009536743164,
					"bytes":	2000814080,
					"bits_per_second":	8003252503.75182,
					"retransmits":	91,
					"snd_cwnd":	3895572,
					"snd_wnd":	5290112,
					"rtt":	2398,
					"rttvar":	224,
					"pmtu":	8946,
					"omitted":	false,
					"sender":	true
				}],
			"sum":	{
				"start":	4.000055,
				"end":	6.000056,
				"seconds":	2.0000009536743164,
				"bytes":	2000814080,
				"bits_per_second":	8003252503.75182,
				"retransmits":	91,
				"omitted":	false,
				"sender":	true
			}
		}, {
			"streams":	[{
					"socket":	5,
					"start":	6.000056,
					"end":	8.000055,
					"seconds":	1.9999990463256836,
					"bytes":	1999896576,
					"bits_per_second":	7999590118.50182,
					"retransmits":	89,
					"snd_cwnd":	2632624,
					"snd_wnd":	5290112,
					"rtt":	1693,
					"rttvar":	117,
					"pmtu":	8946,
					"omitted":	false,
					"sender":	true
				}],
			"sum":	{
				"start":	6.000056,
				"end":	8.000055,
				"seconds":	1.9999990463256836,
				"bytes":	1999896576,
				"bits_per_second":	7999590118.50182,
				"retransmits":	89,
				"omitted":	false,
				"sender":	true
			}
		}, {
			"streams":	[{
					"socket":	5,
					"start":	8.000055,
					"end":	10.000435,
					"seconds":	2.0003800392150879,
					"bytes":	1999241216,
					"bits_per_second":	7995445572.57016,
					"retransmits":	63,
					"snd_cwnd":	3086218,
					"snd_wnd":	5455872,
					"rtt":	3431,
					"rttvar":	81,
					"pmtu":	8946,
					"omitted":	false,
					"sender":	true
				}],
			"sum":	{
				"start":	8.000055,
				"end":	10.000435,
				"seconds":	2.0003800392150879,
				"bytes":	1999241216,
				"bits_per_second":	7995445572.57016,
				"retransmits":	63,
				"omitted":	false,
				"sender":	true
			}
		}],
	"end":	{
		"streams":	[{
				"sender":	{
					"socket":	5,
					"start":	0,
					"end":	10.000435,
					"seconds":	10.000435,
					"bytes":	9999089664,
					"bits_per_second":	7998923778.0156565,
					"retransmits":	292,
					"max_snd_cwnd":	3895572,
					"max_snd_wnd":	5455872,
					"max_rtt":	3431,
					"min_rtt":	1297,
					"mean_rtt":	2448,
					"sender":	true
				},
				"receiver":	{
					"socket":	5,
					"start":	0,
					"end":	10.002891,
					"seconds":	10.000435,
					"bytes":	9999089664,
					"bits_per_second":	7996959810.1188946,
					"sender":	true
				}
			}],
		"sum_sent":	{
			"start":	0,
			"end":	10.000435,
			"seconds":	10.000435,
			"bytes":	9999089664,
			"bits_per_second":	7998923778.0156565,
			"retransmits":	292,
			"sender":	true
		},
		"sum_received":	{
			"start":	0,
			"end":	10.002891,
			"seconds":	10.002891,
			"bytes":	9999089664,
			"bits_per_second":	7996959810.1188946,
			"sender":	true
		},
		"cpu_utilization_percent":	{
			"host_total":	94.246011829037656,
			"host_user":	44.656896719279715,
			"host_system":	49.589115109757934,
			"remote_total":	14.84376640148373,
			"remote_user":	1.1050688669872535,
			"remote_system":	13.738717528686164
		},
		"sender_tcp_congestion":	"cubic",
		"receiver_tcp_congestion":	"cubic"
	}
}
