{
	"start":	{
		"connected":	[{
				"socket":	5,
				"local_host":	"192.0.1.254",
				"local_port":	34232,
				"remote_host":	"192.0.2.254",
				"remote_port":	5201
			}],
		"version":	"iperf 3.16",
		"system_info":	"Linux lab-dd2 6.8.0-100-generic #100-Ubuntu SMP PREEMPT_DYNAMIC Tue Jan 13 16:40:06 UTC 2026 x86_64",
		"timestamp":	{
			"time":	"Thu, 19 Mar 2026 06:10:01 GMT",
			"timesecs":	1773900601
		},
		"connecting_to":	{
			"host":	"192.0.2.254",
			"port":	5201
		},
		"cookie":	"ybe4l6yelvdqr64g6zzwodyb7fz7kx5jhzn3",
		"tcp_mss_default":	8894,
		"target_bitrate":	11000000000,
		"fq_rate":	0,
		"sock_bufsize":	0,
		"sndbuf_actual":	16384,
		"rcvbuf_actual":	131072,
		"test_start":	{
			"protocol":	"TCP",
			"num_streams":	1,
			"blksize":	131072,
			"omit":	0,
			"duration":	10,
			"bytes":	0,
			"blocks":	0,
			"reverse":	0,
			"tos":	0,
			"target_bitrate":	11000000000,
			"bidir":	0,
			"fqrate":	0
		}
	},
	"intervals":	[{
			"streams":	[{
					"socket":	5,
					"start":	0,
					"end":	2.000056,
					"seconds":	2.0000560283660889,
					"bytes":	2749104128,
					"bits_per_second":	10996108465.004684,
					"retransmits":	96,
					"snd_cwnd":	3433084,
					"snd_wnd":	5455872,
					"rtt":	418,
					"rttvar":	66,
					"pmtu":	8946,
					"omitted":	false,
					"sender":	true
				}],
			"sum":	{
				"start":	0,
				"end":	2.000056,
				"seconds":	2.0000560283660889,
				"bytes":	2749104128,
				"bits_per_second":	10996108465.004684,
				"retransmits":	96,
				"omitted":	false,
				"sender":	true
			}
		}, {
			"streams":	[{
					"socket":	5,
					"start":	2.000056,
					"end":	4.000055,
					"seconds":	1.9999990463256836,
					"bytes":	2750414848,
					"bits_per_second":	11001664638.0025,
					"retransmits":	7,
					"snd_cwnd":	2294652,
					"snd_wnd":	5455872,
					"rtt":	409,
					"rttvar":	108,
					"pmtu":	8946,
					"omitted":	false,
					"sender":	true
				}],
			"sum":	{
				"start":	2.000056,
				"end":	4.000055,
				"seconds":	1.9999990463256836,
				"bytes":	2750414848,
				"bits_per_second":	11001664638.0025,
				"retransmits":	7,
				"omitted":	false,
				"sender":	true
			}
		}, {
			"streams":	[{
					"socket":	5,
					"start":	4.000055,
					"end":	6.00006,
					"seconds":	2.0000050067901611,
					"bytes":	2749104128,
					"bits_per_second":	10996388983.693914,
					"retransmits":	39,
					"snd_cwnd":	3281886,
					"snd_wnd":	5394944,
					"rtt":	1998,
					"rttvar":	193,
					"pmtu":	8946,
					"omitted":	false,
					"sender":	true
				}],
			"sum":	{
				"start":	4.000055,
				"end":	6.00006,
				"seconds":	2.0000050067901611,
				"bytes":	2749104128,
				"bits_per_second":	10996388983.693914,
				"retransmits":	39,
				"omitted":	false,
				"sender":	true
			}
		}, {
			"streams":	[{
					"socket":	5,
					"start":	6.00006,
					"end":	8.000056,
					"seconds":	1.9999959468841553,
					"bytes":	2748579840,
					"bits_per_second":	10994341640.670153,
					"retransmits":	58,
					"snd_cwnd":	3699904,
					"snd_wnd":	5281408,
					"rtt":	544,
					"rttvar":	112,
					"pmtu":	8946,
					"omitted":	false,
					"sender":	true
				}],
			"sum":	{
				"start":	6.00006,
				"end":	8.000056,
				"seconds":	1.9999959468841553,
				"bytes":	2748579840,
				"bits_per_second":	10994341640.670153,
				"retransmits":	58,
				"omitted":	false,
				"sender":	true
			}
		}, {
			"streams":	[{
					"socket":	5,
					"start":	8.000056,
					"end":	10.000297,
					"seconds":	2.0002410411834717,
					"bytes":	2748973056,
					"bits_per_second":	10994567152.260931,
					"retransmits":	97,
					"snd_cwnd":	3032854,
					"snd_wnd":	5455872,
					"rtt":	450,
					"rttvar":	58,
					"pmtu":	8946,
					"omitted":	false,
					"sender":	true
				}],
			"sum":	{
				"start":	8.000056,
				"end":	10.000297,
				"seconds":	2.0002410411834717,
				"bytes":	2748973056,
				"bits_per_second":	10994567152.260931,
				"retransmits":	97,
				"omitted":	false,
				"sender":	true
			}
		}],
	"end":	{
		"streams":	[{
				"sender":	{
					"socket":	5,
					"start":	0,
					"end":	10.000297,
					"seconds":	10.000297,
					"bytes":	13748928512,
					"bits_per_second":	10998816144.7605,
					"retransmits":	297,
					"max_snd_cwnd":	3699904,
					"max_snd_wnd":	5455872,
					"max_rtt":	1998,
					"min_rtt":	409,
					"mean_rtt":	763,
					"sender":	true
				},
				"receiver":	{
					"socket":	5,
					"start":	0,
					"end":	10.000452,
					"seconds":	10.000297,
					"bytes":	13748928512,
					"bits_per_second":	10998645670.81568,
					"sender":	true
				}
			}],
		"sum_sent":	{
			"start":	0,
			"end":	10.000297,
			"seconds":	10.000297,
			"bytes":	13748928512,
			"bits_per_second":	10998816144.7605,
			"retransmits":	297,
			"sender":	true
		},
		"sum_received":	{
			"start":	0,
			"end":	10.000452,
			"seconds":	10.000452,
			"bytes":	13748928512,
			"bits_per_second":	10998645670.81568,
			"sender":	true
		},
		"cpu_utilization_percent":	{
			"host_total":	94.640418509360373,
			"host_user":	41.929316552697124,
			"host_system":	52.7111119554534,
			"remote_total":	18.096043010834407,
			"remote_user":	1.1348081392680354,
			"remote_system":	16.961234871566369
		},
		"sender_tcp_congestion":	"cubic",
		"receiver_tcp_congestion":	"cubic"
	}
}
