{
	"start":	{
		"connected":	[{
				"socket":	5,
				"local_host":	"192.0.1.254",
				"local_port":	39762,
				"remote_host":	"192.0.2.254",
				"remote_port":	5201
			}],
		"version":	"iperf 3.16",
		"system_info":	"Linux lab-dd2 6.8.0-100-generic #100-Ubuntu SMP PREEMPT_DYNAMIC Tue Jan 13 16:40:06 UTC 2026 x86_64",
		"timestamp":	{
			"time":	"Thu, 19 Mar 2026 06:23:11 GMT",
			"timesecs":	1773901391
		},
		"connecting_to":	{
			"host":	"192.0.2.254",
			"port":	5201
		},
		"cookie":	"iypjosg6uul7eolr3xfqyfknwwivrppoixf2",
		"tcp_mss_default":	8894,
		"target_bitrate":	19000000000,
		"fq_rate":	0,
		"sock_bufsize":	0,
		"sndbuf_actual":	16384,
		"rcvbuf_actual":	131072,
		"test_start":	{
			"protocol":	"TCP",
			"num_streams":	1,
			"blksize":	131072,
			"omit":	0,
			"duration":	10,
			"bytes":	0,
			"blocks":	0,
			"reverse":	0,
			"tos":	0,
			"target_bitrate":	19000000000,
			"bidir":	0,
			"fqrate":	0
		}
	},
	"intervals":	[{
			"streams":	[{
					"socket":	5,
					"start":	0,
					"end":	2.000059,
					"seconds":	2.0000588893890381,
					"bytes":	3886284800,
					"bits_per_second":	15544681491.602083,
					"retransmits":	91,
					"snd_cwnd":	3913360,
					"snd_wnd":	5307648,
					"rtt":	1666,
					"rttvar":	505,
					"pmtu":	8946,
					"omitted":	false,
					"sender":	true
				}],
			"sum":	{
				"start":	0,
				"end":	2.000059,
				"seconds":	2.0000588893890381,
				"bytes":	3886284800,
				"bits_per_second":	15544681491.602083,
				"retransmits":	91,
				"omitted":	false,
				"sender":	true
			}
		}, {
			"streams":	[{
					"socket":	5,
					"start":	2.000059,
					"end":	4.000061,
					"seconds":	2.0000019073486328,
					"bytes":	3094740992,
					"bits_per_second":	12378952162.511259,
					"retransmits":	46,
					"snd_cwnd":	2668200,
					"snd_wnd":	5394944,
					"rtt":	397,
					"rttvar":	61,
					"pmtu":	8946,
					"omitted":	false,
					"sender":	true
				}],
			"sum":	{
				"start":	2.000059,
				"end":	4.000061,
				"seconds":	2.0000019073486328,
				"bytes":	3094740992,
				"bits_per_second":	12378952162.511259,
				"retransmits":	46,
				"omitted":	false,
				"sender":	true
			}
		}, {
			"streams":	[{
					"socket":	5,
					"start":	4.000061,
					"end":	6.00006,
					"seconds":	1.9999990463256836,
					"bytes":	3126722560,
					"bits_per_second":	12506896203.752844,
					"retransmits":	10,
					"snd_cwnd":	2837186,
					"snd_wnd":	5342464,
					"rtt":	1273,
					"rttvar":	525,
					"pmtu":	8946,
					"omitted":	false,
					"sender":	true
				}],
			"sum":	{
				"start":	4.000061,
				"end":	6.00006,
				"seconds":	1.9999990463256836,
				"bytes":	3126722560,
				"bits_per_second":	12506896203.752844,
				"retransmits":	10,
				"omitted":	false,
				"sender":	true
			}
		}, {
			"streams":	[{
					"socket":	5,
					"start":	6.00006,
					"end":	8.000059,
					"seconds":	1.9999990463256836,
					"bytes":	3212312576,
					"bits_per_second":	12849256431.002922,
					"retransmits":	0,
					"snd_cwnd":	3797738,
					"snd_wnd":	5099008,
					"rtt":	376,
					"rttvar":	136,
					"pmtu":	8946,
					"omitted":	false,
					"sender":	true
				}],
			"sum":	{
				"start":	6.00006,
				"end":	8.000059,
				"seconds":	1.9999990463256836,
				"bytes":	3212312576,
				"bits_per_second":	12849256431.002922,
				"retransmits":	0,
				"omitted":	false,
				"sender":	true
			}
		}, {
			"streams":	[{
					"socket":	5,
					"start":	8.000059,
					"end":	10.0003,
					"seconds":	2.0002410411834717,
					"bytes":	3154640896,
					"bits_per_second":	12617042970.515238,
					"retransmits":	156,
					"snd_cwnd":	3815526,
					"snd_wnd":	5322496,
					"rtt":	537,
					"rttvar":	218,
					"pmtu":	8946,
					"omitted":	false,
					"sender":	true
				}],
			"sum":	{
				"start":	8.000059,
				"end":	10.0003,
				"seconds":	2.0002410411834717,
				"bytes":	3154640896,
				"bits_per_second":	12617042970.515238,
				"retransmits":	156,
				"omitted":	false,
				"sender":	true
			}
		}],
	"end":	{
		"streams":	[{
				"sender":	{
					"socket":	5,
					"start":	0,
					"end":	10.0003,
					"seconds":	10.0003,
					"bytes":	16609837056,
					"bits_per_second":	13287471020.66938,
					"retransmits":	303,
					"max_snd_cwnd":	3913360,
					"max_snd_wnd":	5394944,
					"max_rtt":	1666,
					"min_rtt":	376,
					"mean_rtt":	849,
					"sender":	true
				},
				"receiver":	{
					"socket":	5,
					"start":	0,
					"end":	10.000453,
					"seconds":	10.0003,
					"bytes":	16609837056,
					"bits_per_second":	13287267731.57176,
					"sender":	true
				}
			}],
		"sum_sent":	{
			"start":	0,
			"end":	10.0003,
			"seconds":	10.0003,
			"bytes":	16609837056,
			"bits_per_second":	13287471020.66938,
			"retransmits":	303,
			"sender":	true
		},
		"sum_received":	{
			"start":	0,
			"end":	10.000453,
			"seconds":	10.000453,
			"bytes":	16609837056,
			"bits_per_second":	13287267731.57176,
			"sender":	true
		},
		"cpu_utilization_percent":	{
			"host_total":	91.0939243334516,
			"host_user":	0.351637711472304,
			"host_system":	90.7422866219793,
			"remote_total":	22.423339557044553,
			"remote_user":	0.873509469160631,
			"remote_system":	21.549830087883922
		},
		"sender_tcp_congestion":	"cubic",
		"receiver_tcp_congestion":	"cubic"
	}
}
