{
	"start":	{
		"connected":	[{
				"socket":	5,
				"local_host":	"192.0.1.254",
				"local_port":	43840,
				"remote_host":	"192.0.2.254",
				"remote_port":	5201
			}],
		"version":	"iperf 3.16",
		"system_info":	"Linux lab-dd2 6.8.0-100-generic #100-Ubuntu SMP PREEMPT_DYNAMIC Tue Jan 13 16:40:06 UTC 2026 x86_64",
		"timestamp":	{
			"time":	"Thu, 19 Mar 2026 06:05:01 GMT",
			"timesecs":	1773900301
		},
		"connecting_to":	{
			"host":	"192.0.2.254",
			"port":	5201
		},
		"cookie":	"ineiyqonkwji77qmyc6qyovhf7cuxfkvjmsk",
		"tcp_mss_default":	8894,
		"target_bitrate":	8000000000,
		"fq_rate":	0,
		"sock_bufsize":	0,
		"sndbuf_actual":	16384,
		"rcvbuf_actual":	131072,
		"test_start":	{
			"protocol":	"TCP",
			"num_streams":	1,
			"blksize":	131072,
			"omit":	0,
			"duration":	10,
			"bytes":	0,
			"blocks":	0,
			"reverse":	0,
			"tos":	0,
			"target_bitrate":	8000000000,
			"bidir":	0,
			"fqrate":	0
		}
	},
	"intervals":	[{
			"streams":	[{
					"socket":	5,
					"start":	0,
					"end":	2.000056,
					"seconds":	2.0000560283660889,
					"bytes":	1999110144,
					"bits_per_second":	7996216568.5253868,
					"retransmits":	15,
					"snd_cwnd":	2979490,
					"snd_wnd":	5455872,
					"rtt":	3087,
					"rttvar":	97,
					"pmtu":	8946,
					"omitted":	false,
					"sender":	true
				}],
			"sum":	{
				"start":	0,
				"end":	2.000056,
				"seconds":	2.0000560283660889,
				"bytes":	1999110144,
				"bits_per_second":	7996216568.5253868,
				"retransmits":	15,
				"omitted":	false,
				"sender":	true
			}
		}, {
			"streams":	[{
					"socket":	5,
					"start":	2.000056,
					"end":	4.000055,
					"seconds":	1.9999990463256836,
					"bytes":	2000027648,
					"bits_per_second":	8000114406.75182,
					"retransmits":	122,
					"snd_cwnd":	2490320,
					"snd_wnd":	5333888,
					"rtt":	702,
					"rttvar":	138,
					"pmtu":	8946,
					"omitted":	false,
					"sender":	true
				}],
			"sum":	{
				"start":	2.000056,
				"end":	4.000055,
				"seconds":	1.9999990463256836,
				"bytes":	2000027648,
				"bits_per_second":	8000114406.75182,
				"retransmits":	122,
				"omitted":	false,
				"sender":	true
			}
		}, {
			"streams":	[{
					"socket":	5,
					"start":	4.000055,
					"end":	6.000055,
					"seconds":	2,
					"bytes":	1999503360,
					"bits_per_second":	7998013440,
					"retransmits":	10,
					"snd_cwnd":	2490320,
					"snd_wnd":	5223424,
					"rtt":	528,
					"rttvar":	74,
					"pmtu":	8946,
					"omitted":	false,
					"sender":	true
				}],
			"sum":	{
				"start":	4.000055,
				"end":	6.000055,
				"seconds":	2,
				"bytes":	1999503360,
				"bits_per_second":	7998013440,
				"retransmits":	10,
				"omitted":	false,
				"sender":	true
			}
		}, {
			"streams":	[{
					"socket":	5,
					"start":	6.000055,
					"end":	8.000057,
					"seconds":	2.0000019073486328,
					"bytes":	1999372288,
					"bits_per_second":	7997481525.0072737,
					"retransmits":	85,
					"snd_cwnd":	2961702,
					"snd_wnd":	5368704,
					"rtt":	2890,
					"rttvar":	204,
					"pmtu":	8946,
					"omitted":	false,
					"sender":	true
				}],
			"sum":	{
				"start":	6.000055,
				"end":	8.000057,
				"seconds":	2.0000019073486328,
				"bytes":	1999372288,
				"bits_per_second":	7997481525.0072737,
				"retransmits":	85,
				"omitted":	false,
				"sender":	true
			}
		}, {
			"streams":	[{
					"socket":	5,
					"start":	8.000057,
					"end":	10.000168,
					"seconds":	2.0001111030578613,
					"bytes":	1999896576,
					"bits_per_second":	7999141939.43513,
					"retransmits":	57,
					"snd_cwnd":	3361932,
					"snd_wnd":	5394944,
					"rtt":	2573,
					"rttvar":	295,
					"pmtu":	8946,
					"omitted":	false,
					"sender":	true
				}],
			"sum":	{
				"start":	8.000057,
				"end":	10.000168,
				"seconds":	2.0001111030578613,
				"bytes":	1999896576,
				"bits_per_second":	7999141939.43513,
				"retransmits":	57,
				"omitted":	false,
				"sender":	true
			}
		}],
	"end":	{
		"streams":	[{
				"sender":	{
					"socket":	5,
					"start":	0,
					"end":	10.000168,
					"seconds":	10.000168,
					"bytes":	9999089664,
					"bits_per_second":	7999137345.6925917,
					"retransmits":	289,
					"max_snd_cwnd":	3361932,
					"max_snd_wnd":	5455872,
					"max_rtt":	3087,
					"min_rtt":	528,
					"mean_rtt":	1956,
					"sender":	true
				},
				"receiver":	{
					"socket":	5,
					"start":	0,
					"end":	10.002023,
					"seconds":	10.000168,
					"bytes":	9999089664,
					"bits_per_second":	7997653805.83508,
					"sender":	true
				}
			}],
		"sum_sent":	{
			"start":	0,
			"end":	10.000168,
			"seconds":	10.000168,
			"bytes":	9999089664,
			"bits_per_second":	7999137345.6925917,
			"retransmits":	289,
			"sender":	true
		},
		"sum_received":	{
			"start":	0,
			"end":	10.002023,
			"seconds":	10.002023,
			"bytes":	9999089664,
			"bits_per_second":	7997653805.83508,
			"sender":	true
		},
		"cpu_utilization_percent":	{
			"host_total":	95.636145371231663,
			"host_user":	6.5272691295158047,
			"host_system":	89.108876241715848,
			"remote_total":	15.418906085049258,
			"remote_user":	0.85062655724497771,
			"remote_system":	14.568289525765696
		},
		"sender_tcp_congestion":	"cubic",
		"receiver_tcp_congestion":	"cubic"
	}
}
