{
	"start":	{
		"connected":	[{
				"socket":	5,
				"local_host":	"192.0.1.254",
				"local_port":	38864,
				"remote_host":	"192.0.2.254",
				"remote_port":	5201
			}],
		"version":	"iperf 3.16",
		"system_info":	"Linux lab-dd2 6.8.0-100-generic #100-Ubuntu SMP PREEMPT_DYNAMIC Tue Jan 13 16:40:06 UTC 2026 x86_64",
		"timestamp":	{
			"time":	"Thu, 19 Mar 2026 06:13:21 GMT",
			"timesecs":	1773900801
		},
		"connecting_to":	{
			"host":	"192.0.2.254",
			"port":	5201
		},
		"cookie":	"s2vm7pk4r2ueah6sbrqvd52m7u5l4nxvllqo",
		"tcp_mss_default":	8894,
		"target_bitrate":	13000000000,
		"fq_rate":	0,
		"sock_bufsize":	0,
		"sndbuf_actual":	16384,
		"rcvbuf_actual":	131072,
		"test_start":	{
			"protocol":	"TCP",
			"num_streams":	1,
			"blksize":	131072,
			"omit":	0,
			"duration":	10,
			"bytes":	0,
			"blocks":	0,
			"reverse":	0,
			"tos":	0,
			"target_bitrate":	13000000000,
			"bidir":	0,
			"fqrate":	0
		}
	},
	"intervals":	[{
			"streams":	[{
					"socket":	5,
					"start":	0,
					"end":	2.000057,
					"seconds":	2.0000569820404053,
					"bytes":	3119120384,
					"bits_per_second":	12476126078.439848,
					"retransmits":	111,
					"snd_cwnd":	2899444,
					"snd_wnd":	5333888,
					"rtt":	1969,
					"rttvar":	194,
					"pmtu":	8946,
					"omitted":	false,
					"sender":	true
				}],
			"sum":	{
				"start":	0,
				"end":	2.000057,
				"seconds":	2.0000569820404053,
				"bytes":	3119120384,
				"bits_per_second":	12476126078.439848,
				"retransmits":	111,
				"omitted":	false,
				"sender":	true
			}
		}, {
			"streams":	[{
					"socket":	5,
					"start":	2.000057,
					"end":	4.000056,
					"seconds":	1.9999990463256836,
					"bytes":	3103260672,
					"bits_per_second":	12413048607.002823,
					"retransmits":	1,
					"snd_cwnd":	3121794,
					"snd_wnd":	5220352,
					"rtt":	1608,
					"rttvar":	304,
					"pmtu":	8946,
					"omitted":	false,
					"sender":	true
				}],
			"sum":	{
				"start":	2.000057,
				"end":	4.000056,
				"seconds":	1.9999990463256836,
				"bytes":	3103260672,
				"bits_per_second":	12413048607.002823,
				"retransmits":	1,
				"omitted":	false,
				"sender":	true
			}
		}, {
			"streams":	[{
					"socket":	5,
					"start":	4.000056,
					"end":	6.000057,
					"seconds":	2.0000009536743164,
					"bytes":	3495690240,
					"bits_per_second":	13982754292.50318,
					"retransmits":	48,
					"snd_cwnd":	2232394,
					"snd_wnd":	5394944,
					"rtt":	1449,
					"rttvar":	308,
					"pmtu":	8946,
					"omitted":	false,
					"sender":	true
				}],
			"sum":	{
				"start":	4.000056,
				"end":	6.000057,
				"seconds":	2.0000009536743164,
				"bytes":	3495690240,
				"bits_per_second":	13982754292.50318,
				"retransmits":	48,
				"omitted":	false,
				"sender":	true
			}
		}, {
			"streams":	[{
					"socket":	5,
					"start":	6.000057,
					"end":	8.000057,
					"seconds":	2,
					"bytes":	2934046720,
					"bits_per_second":	11736186880,
					"retransmits":	72,
					"snd_cwnd":	3975618,
					"snd_wnd":	5412224,
					"rtt":	219,
					"rttvar":	42,
					"pmtu":	8946,
					"omitted":	false,
					"sender":	true
				}],
			"sum":	{
				"start":	6.000057,
				"end":	8.000057,
				"seconds":	2,
				"bytes":	2934046720,
				"bits_per_second":	11736186880,
				"retransmits":	72,
				"omitted":	false,
				"sender":	true
			}
		}, {
			"streams":	[{
					"socket":	5,
					"start":	8.000057,
					"end":	10.000294,
					"seconds":	2.000236988067627,
					"bytes":	3209953280,
					"bits_per_second":	12838291859.010351,
					"retransmits":	111,
					"snd_cwnd":	3762162,
					"snd_wnd":	5455872,
					"rtt":	332,
					"rttvar":	94,
					"pmtu":	8946,
					"omitted":	false,
					"sender":	true
				}],
			"sum":	{
				"start":	8.000057,
				"end":	10.000294,
				"seconds":	2.000236988067627,
				"bytes":	3209953280,
				"bits_per_second":	12838291859.010351,
				"retransmits":	111,
				"omitted":	false,
				"sender":	true
			}
		}],
	"end":	{
		"streams":	[{
				"sender":	{
					"socket":	5,
					"start":	0,
					"end":	10.000294,
					"seconds":	10.000294,
					"bytes":	15896805376,
					"bits_per_second":	12717070418.929684,
					"retransmits":	343,
					"max_snd_cwnd":	3975618,
					"max_snd_wnd":	5455872,
					"max_rtt":	1969,
					"min_rtt":	219,
					"mean_rtt":	1115,
					"sender":	true
				},
				"receiver":	{
					"socket":	5,
					"start":	0,
					"end":	10.000443,
					"seconds":	10.000294,
					"bytes":	15896805376,
					"bits_per_second":	12716880942.974226,
					"sender":	true
				}
			}],
		"sum_sent":	{
			"start":	0,
			"end":	10.000294,
			"seconds":	10.000294,
			"bytes":	15896805376,
			"bits_per_second":	12717070418.929684,
			"retransmits":	343,
			"sender":	true
		},
		"sum_received":	{
			"start":	0,
			"end":	10.000443,
			"seconds":	10.000443,
			"bytes":	15896805376,
			"bits_per_second":	12716880942.974226,
			"sender":	true
		},
		"cpu_utilization_percent":	{
			"host_total":	85.619220806282243,
			"host_user":	0.752293179867751,
			"host_system":	84.8669176277013,
			"remote_total":	21.566653813909138,
			"remote_user":	0.84719204579634844,
			"remote_system":	20.719481767216831
		},
		"sender_tcp_congestion":	"cubic",
		"receiver_tcp_congestion":	"cubic"
	}
}
