{
	"start":	{
		"connected":	[{
				"socket":	5,
				"local_host":	"192.0.1.254",
				"local_port":	45124,
				"remote_host":	"192.0.2.254",
				"remote_port":	5201
			}],
		"version":	"iperf 3.16",
		"system_info":	"Linux lab-dd2 6.8.0-100-generic #100-Ubuntu SMP PREEMPT_DYNAMIC Tue Jan 13 16:40:06 UTC 2026 x86_64",
		"timestamp":	{
			"time":	"Thu, 19 Mar 2026 06:11:31 GMT",
			"timesecs":	1773900691
		},
		"connecting_to":	{
			"host":	"192.0.2.254",
			"port":	5201
		},
		"cookie":	"efkjnkvyximmbbqvc5wovb55grzdsmfwozd7",
		"tcp_mss_default":	8894,
		"target_bitrate":	12000000000,
		"fq_rate":	0,
		"sock_bufsize":	0,
		"sndbuf_actual":	16384,
		"rcvbuf_actual":	131072,
		"test_start":	{
			"protocol":	"TCP",
			"num_streams":	1,
			"blksize":	131072,
			"omit":	0,
			"duration":	10,
			"bytes":	0,
			"blocks":	0,
			"reverse":	0,
			"tos":	0,
			"target_bitrate":	12000000000,
			"bidir":	0,
			"fqrate":	0
		}
	},
	"intervals":	[{
			"streams":	[{
					"socket":	5,
					"start":	0,
					"end":	2.000055,
					"seconds":	2.0000550746917725,
					"bytes":	2999713792,
					"bits_per_second":	11998524760.473547,
					"retransmits":	146,
					"snd_cwnd":	3966724,
					"snd_wnd":	5455872,
					"rtt":	447,
					"rttvar":	74,
					"pmtu":	8946,
					"omitted":	false,
					"sender":	true
				}],
			"sum":	{
				"start":	0,
				"end":	2.000055,
				"seconds":	2.0000550746917725,
				"bytes":	2999713792,
				"bits_per_second":	11998524760.473547,
				"retransmits":	146,
				"omitted":	false,
				"sender":	true
			}
		}, {
			"streams":	[{
					"socket":	5,
					"start":	2.000055,
					"end":	4.000053,
					"seconds":	1.9999979734420776,
					"bytes":	2992373760,
					"bits_per_second":	11969507168.449789,
					"retransmits":	167,
					"snd_cwnd":	2712670,
					"snd_wnd":	5368704,
					"rtt":	822,
					"rttvar":	505,
					"pmtu":	8946,
					"omitted":	false,
					"sender":	true
				}],
			"sum":	{
				"start":	2.000055,
				"end":	4.000053,
				"seconds":	1.9999979734420776,
				"bytes":	2992373760,
				"bits_per_second":	11969507168.449789,
				"retransmits":	167,
				"omitted":	false,
				"sender":	true
			}
		}, {
			"streams":	[{
					"socket":	5,
					"start":	4.000053,
					"end":	6.000057,
					"seconds":	2.0000040531158447,
					"bytes":	2998272000,
					"bits_per_second":	11993063695.361755,
					"retransmits":	113,
					"snd_cwnd":	2837186,
					"snd_wnd":	5283840,
					"rtt":	944,
					"rttvar":	86,
					"pmtu":	8946,
					"omitted":	false,
					"sender":	true
				}],
			"sum":	{
				"start":	4.000053,
				"end":	6.000057,
				"seconds":	2.0000040531158447,
				"bytes":	2998272000,
				"bits_per_second":	11993063695.361755,
				"retransmits":	113,
				"omitted":	false,
				"sender":	true
			}
		}, {
			"streams":	[{
					"socket":	5,
					"start":	6.000057,
					"end":	8.000057,
					"seconds":	2,
					"bytes":	2985689088,
					"bits_per_second":	11942756352,
					"retransmits":	26,
					"snd_cwnd":	2748246,
					"snd_wnd":	5403520,
					"rtt":	777,
					"rttvar":	506,
					"pmtu":	8946,
					"omitted":	false,
					"sender":	true
				}],
			"sum":	{
				"start":	6.000057,
				"end":	8.000057,
				"seconds":	2,
				"bytes":	2985689088,
				"bits_per_second":	11942756352,
				"retransmits":	26,
				"omitted":	false,
				"sender":	true
			}
		}, {
			"streams":	[{
					"socket":	5,
					"start":	8.000057,
					"end":	10.000271,
					"seconds":	2.0002140998840332,
					"bytes":	2994864128,
					"bits_per_second":	11978174249.141165,
					"retransmits":	308,
					"snd_cwnd":	3771056,
					"snd_wnd":	5324928,
					"rtt":	340,
					"rttvar":	96,
					"pmtu":	8946,
					"omitted":	false,
					"sender":	true
				}],
			"sum":	{
				"start":	8.000057,
				"end":	10.000271,
				"seconds":	2.0002140998840332,
				"bytes":	2994864128,
				"bits_per_second":	11978174249.141165,
				"retransmits":	308,
				"omitted":	false,
				"sender":	true
			}
		}],
	"end":	{
		"streams":	[{
				"sender":	{
					"socket":	5,
					"start":	0,
					"end":	10.000271,
					"seconds":	10.000271,
					"bytes":	14991491072,
					"bits_per_second":	11992867850.881241,
					"retransmits":	760,
					"max_snd_cwnd":	3966724,
					"max_snd_wnd":	5455872,
					"max_rtt":	944,
					"min_rtt":	340,
					"mean_rtt":	666,
					"sender":	true
				},
				"receiver":	{
					"socket":	5,
					"start":	0,
					"end":	10.000413,
					"seconds":	10.000271,
					"bytes":	14991491072,
					"bits_per_second":	11992697559.190805,
					"sender":	true
				}
			}],
		"sum_sent":	{
			"start":	0,
			"end":	10.000271,
			"seconds":	10.000271,
			"bytes":	14991491072,
			"bits_per_second":	11992867850.881241,
			"retransmits":	760,
			"sender":	true
		},
		"sum_received":	{
			"start":	0,
			"end":	10.000413,
			"seconds":	10.000413,
			"bytes":	14991491072,
			"bits_per_second":	11992697559.190805,
			"sender":	true
		},
		"cpu_utilization_percent":	{
			"host_total":	88.8466002845007,
			"host_user":	1.5996890829376462,
			"host_system":	87.246911201563066,
			"remote_total":	20.136034286559966,
			"remote_user":	0.83076510786546964,
			"remote_system":	19.305289177854529
		},
		"sender_tcp_congestion":	"cubic",
		"receiver_tcp_congestion":	"cubic"
	}
}
