{
	"start":	{
		"connected":	[{
				"socket":	5,
				"local_host":	"192.0.1.254",
				"local_port":	52884,
				"remote_host":	"192.0.2.254",
				"remote_port":	5201
			}],
		"version":	"iperf 3.16",
		"system_info":	"Linux lab-dd2 6.8.0-100-generic #100-Ubuntu SMP PREEMPT_DYNAMIC Tue Jan 13 16:40:06 UTC 2026 x86_64",
		"timestamp":	{
			"time":	"Thu, 19 Mar 2026 06:21:21 GMT",
			"timesecs":	1773901281
		},
		"connecting_to":	{
			"host":	"192.0.2.254",
			"port":	5201
		},
		"cookie":	"gq3yhpueskm42npxwmtorump7papf3hny5cs",
		"tcp_mss_default":	8894,
		"target_bitrate":	18000000000,
		"fq_rate":	0,
		"sock_bufsize":	0,
		"sndbuf_actual":	16384,
		"rcvbuf_actual":	131072,
		"test_start":	{
			"protocol":	"TCP",
			"num_streams":	1,
			"blksize":	131072,
			"omit":	0,
			"duration":	10,
			"bytes":	0,
			"blocks":	0,
			"reverse":	0,
			"tos":	0,
			"target_bitrate":	18000000000,
			"bidir":	0,
			"fqrate":	0
		}
	},
	"intervals":	[{
			"streams":	[{
					"socket":	5,
					"start":	0,
					"end":	2.000057,
					"seconds":	2.0000569820404053,
					"bytes":	3645243392,
					"bits_per_second":	14580558153.023096,
					"retransmits":	141,
					"snd_cwnd":	2952808,
					"snd_wnd":	5351168,
					"rtt":	911,
					"rttvar":	609,
					"pmtu":	8946,
					"omitted":	false,
					"sender":	true
				}],
			"sum":	{
				"start":	0,
				"end":	2.000057,
				"seconds":	2.0000569820404053,
				"bytes":	3645243392,
				"bits_per_second":	14580558153.023096,
				"retransmits":	141,
				"omitted":	false,
				"sender":	true
			}
		}, {
			"streams":	[{
					"socket":	5,
					"start":	2.000057,
					"end":	4.000057,
					"seconds":	2,
					"bytes":	3100901376,
					"bits_per_second":	12403605504,
					"retransmits":	39,
					"snd_cwnd":	2961702,
					"snd_wnd":	5333888,
					"rtt":	1854,
					"rttvar":	54,
					"pmtu":	8946,
					"omitted":	false,
					"sender":	true
				}],
			"sum":	{
				"start":	2.000057,
				"end":	4.000057,
				"seconds":	2,
				"bytes":	3100901376,
				"bits_per_second":	12403605504,
				"retransmits":	39,
				"omitted":	false,
				"sender":	true
			}
		}, {
			"streams":	[{
					"socket":	5,
					"start":	4.000057,
					"end":	6.000056,
					"seconds":	1.9999990463256836,
					"bytes":	3430285312,
					"bits_per_second":	13721147790.75312,
					"retransmits":	167,
					"snd_cwnd":	2908338,
					"snd_wnd":	5226624,
					"rtt":	402,
					"rttvar":	55,
					"pmtu":	8946,
					"omitted":	false,
					"sender":	true
				}],
			"sum":	{
				"start":	4.000057,
				"end":	6.000056,
				"seconds":	1.9999990463256836,
				"bytes":	3430285312,
				"bits_per_second":	13721147790.75312,
				"retransmits":	167,
				"omitted":	false,
				"sender":	true
			}
		}, {
			"streams":	[{
					"socket":	5,
					"start":	6.000056,
					"end":	8.000057,
					"seconds":	2.0000009536743164,
					"bytes":	3401711616,
					"bits_per_second":	13606839975.753094,
					"retransmits":	218,
					"snd_cwnd":	2098984,
					"snd_wnd":	5394944,
					"rtt":	1258,
					"rttvar":	152,
					"pmtu":	8946,
					"omitted":	false,
					"sender":	true
				}],
			"sum":	{
				"start":	6.000056,
				"end":	8.000057,
				"seconds":	2.0000009536743164,
				"bytes":	3401711616,
				"bits_per_second":	13606839975.753094,
				"retransmits":	218,
				"omitted":	false,
				"sender":	true
			}
		}, {
			"streams":	[{
					"socket":	5,
					"start":	8.000057,
					"end":	10.000278,
					"seconds":	2.0002210140228271,
					"bytes":	3062235136,
					"bits_per_second":	12247587099.752579,
					"retransmits":	59,
					"snd_cwnd":	2454744,
					"snd_wnd":	5455872,
					"rtt":	179,
					"rttvar":	51,
					"pmtu":	8946,
					"omitted":	false,
					"sender":	true
				}],
			"sum":	{
				"start":	8.000057,
				"end":	10.000278,
				"seconds":	2.0002210140228271,
				"bytes":	3062235136,
				"bits_per_second":	12247587099.752579,
				"retransmits":	59,
				"omitted":	false,
				"sender":	true
			}
		}],
	"end":	{
		"streams":	[{
				"sender":	{
					"socket":	5,
					"start":	0,
					"end":	10.000278,
					"seconds":	10.000278,
					"bytes":	16728588288,
					"bits_per_second":	13382498596.939005,
					"retransmits":	624,
					"max_snd_cwnd":	2961702,
					"max_snd_wnd":	5455872,
					"max_rtt":	1854,
					"min_rtt":	179,
					"mean_rtt":	920,
					"sender":	true
				},
				"receiver":	{
					"socket":	5,
					"start":	0,
					"end":	10.000424,
					"seconds":	10.000278,
					"bytes":	16728588288,
					"bits_per_second":	13382303220.743439,
					"sender":	true
				}
			}],
		"sum_sent":	{
			"start":	0,
			"end":	10.000278,
			"seconds":	10.000278,
			"bytes":	16728588288,
			"bits_per_second":	13382498596.939005,
			"retransmits":	624,
			"sender":	true
		},
		"sum_received":	{
			"start":	0,
			"end":	10.000424,
			"seconds":	10.000424,
			"bytes":	16728588288,
			"bits_per_second":	13382303220.743439,
			"sender":	true
		},
		"cpu_utilization_percent":	{
			"host_total":	89.0826094807639,
			"host_user":	0.35177265140112141,
			"host_system":	88.730846828016951,
			"remote_total":	22.252970896954341,
			"remote_user":	0.945919230881149,
			"remote_system":	21.307051666073193
		},
		"sender_tcp_congestion":	"cubic",
		"receiver_tcp_congestion":	"cubic"
	}
}
