{
	"start":	{
		"connected":	[{
				"socket":	5,
				"local_host":	"192.0.1.254",
				"local_port":	58112,
				"remote_host":	"192.0.2.254",
				"remote_port":	5201
			}],
		"version":	"iperf 3.16",
		"system_info":	"Linux lab-dd2 6.8.0-100-generic #100-Ubuntu SMP PREEMPT_DYNAMIC Tue Jan 13 16:40:06 UTC 2026 x86_64",
		"timestamp":	{
			"time":	"Thu, 19 Mar 2026 06:21:51 GMT",
			"timesecs":	1773901311
		},
		"connecting_to":	{
			"host":	"192.0.2.254",
			"port":	5201
		},
		"cookie":	"yfn3h4vgxgi7ujgdx6kg3yf7btjiw77ryz2h",
		"tcp_mss_default":	8894,
		"target_bitrate":	18000000000,
		"fq_rate":	0,
		"sock_bufsize":	0,
		"sndbuf_actual":	16384,
		"rcvbuf_actual":	131072,
		"test_start":	{
			"protocol":	"TCP",
			"num_streams":	1,
			"blksize":	131072,
			"omit":	0,
			"duration":	10,
			"bytes":	0,
			"blocks":	0,
			"reverse":	0,
			"tos":	0,
			"target_bitrate":	18000000000,
			"bidir":	0,
			"fqrate":	0
		}
	},
	"intervals":	[{
			"streams":	[{
					"socket":	5,
					"start":	0,
					"end":	2.000007,
					"seconds":	2.0000069141387939,
					"bytes":	3908829184,
					"bits_per_second":	15635262683.811863,
					"retransmits":	14,
					"snd_cwnd":	2383592,
					"snd_wnd":	5333888,
					"rtt":	1164,
					"rttvar":	403,
					"pmtu":	8946,
					"omitted":	false,
					"sender":	true
				}],
			"sum":	{
				"start":	0,
				"end":	2.000007,
				"seconds":	2.0000069141387939,
				"bytes":	3908829184,
				"bits_per_second":	15635262683.811863,
				"retransmits":	14,
				"omitted":	false,
				"sender":	true
			}
		}, {
			"streams":	[{
					"socket":	5,
					"start":	2.000007,
					"end":	4.00001,
					"seconds":	2.0000030994415283,
					"bytes":	3130261504,
					"bits_per_second":	12521026611.905071,
					"retransmits":	6,
					"snd_cwnd":	2543684,
					"snd_wnd":	5412224,
					"rtt":	362,
					"rttvar":	83,
					"pmtu":	8946,
					"omitted":	false,
					"sender":	true
				}],
			"sum":	{
				"start":	2.000007,
				"end":	4.00001,
				"seconds":	2.0000030994415283,
				"bytes":	3130261504,
				"bits_per_second":	12521026611.905071,
				"retransmits":	6,
				"omitted":	false,
				"sender":	true
			}
		}, {
			"streams":	[{
					"socket":	5,
					"start":	4.00001,
					"end":	6.00001,
					"seconds":	2,
					"bytes":	3436183552,
					"bits_per_second":	13744734208,
					"retransmits":	13,
					"snd_cwnd":	2685988,
					"snd_wnd":	5220352,
					"rtt":	583,
					"rttvar":	31,
					"pmtu":	8946,
					"omitted":	false,
					"sender":	true
				}],
			"sum":	{
				"start":	4.00001,
				"end":	6.00001,
				"seconds":	2,
				"bytes":	3436183552,
				"bits_per_second":	13744734208,
				"retransmits":	13,
				"omitted":	false,
				"sender":	true
			}
		}, {
			"streams":	[{
					"socket":	5,
					"start":	6.00001,
					"end":	8.00001,
					"seconds":	2,
					"bytes":	3280601088,
					"bits_per_second":	13122404352,
					"retransmits":	61,
					"snd_cwnd":	3468660,
					"snd_wnd":	5394944,
					"rtt":	1644,
					"rttvar":	489,
					"pmtu":	8946,
					"omitted":	false,
					"sender":	true
				}],
			"sum":	{
				"start":	6.00001,
				"end":	8.00001,
				"seconds":	2,
				"bytes":	3280601088,
				"bits_per_second":	13122404352,
				"retransmits":	61,
				"omitted":	false,
				"sender":	true
			}
		}, {
			"streams":	[{
					"socket":	5,
					"start":	8.00001,
					"end":	10.000284,
					"seconds":	2.0002739429473877,
					"bytes":	3228172288,
					"bits_per_second":	12910920724.161667,
					"retransmits":	0,
					"snd_cwnd":	3682116,
					"snd_wnd":	5394944,
					"rtt":	998,
					"rttvar":	40,
					"pmtu":	8946,
					"omitted":	false,
					"sender":	true
				}],
			"sum":	{
				"start":	8.00001,
				"end":	10.000284,
				"seconds":	2.0002739429473877,
				"bytes":	3228172288,
				"bits_per_second":	12910920724.161667,
				"retransmits":	0,
				"omitted":	false,
				"sender":	true
			}
		}],
	"end":	{
		"streams":	[{
				"sender":	{
					"socket":	5,
					"start":	0,
					"end":	10.000284,
					"seconds":	10.000284,
					"bytes":	17000955904,
					"bits_per_second":	13600378472.451382,
					"retransmits":	94,
					"max_snd_cwnd":	3682116,
					"max_snd_wnd":	5412224,
					"max_rtt":	1644,
					"min_rtt":	362,
					"mean_rtt":	950,
					"sender":	true
				},
				"receiver":	{
					"socket":	5,
					"start":	0,
					"end":	10.000903,
					"seconds":	10.000284,
					"bytes":	17000955904,
					"bits_per_second":	13599536685.037342,
					"sender":	true
				}
			}],
		"sum_sent":	{
			"start":	0,
			"end":	10.000284,
			"seconds":	10.000284,
			"bytes":	17000955904,
			"bits_per_second":	13600378472.451382,
			"retransmits":	94,
			"sender":	true
		},
		"sum_received":	{
			"start":	0,
			"end":	10.000903,
			"seconds":	10.000903,
			"bytes":	17000955904,
			"bits_per_second":	13599536685.037342,
			"sender":	true
		},
		"cpu_utilization_percent":	{
			"host_total":	89.864268993522,
			"host_user":	0.281034814441232,
			"host_system":	89.583244177828931,
			"remote_total":	22.611806847938208,
			"remote_user":	0.780739108888913,
			"remote_system":	21.83108773723346
		},
		"sender_tcp_congestion":	"cubic",
		"receiver_tcp_congestion":	"cubic"
	}
}
