{
	"start":	{
		"connected":	[{
				"socket":	5,
				"local_host":	"192.0.1.254",
				"local_port":	38134,
				"remote_host":	"192.0.2.254",
				"remote_port":	5201
			}],
		"version":	"iperf 3.16",
		"system_info":	"Linux lab-dd2 6.8.0-100-generic #100-Ubuntu SMP PREEMPT_DYNAMIC Tue Jan 13 16:40:06 UTC 2026 x86_64",
		"timestamp":	{
			"time":	"Thu, 19 Mar 2026 06:05:21 GMT",
			"timesecs":	1773900321
		},
		"connecting_to":	{
			"host":	"192.0.2.254",
			"port":	5201
		},
		"cookie":	"3gft5y2vi7limikfuv5cxa4okpqh3j62pzyb",
		"tcp_mss_default":	8894,
		"target_bitrate":	8000000000,
		"fq_rate":	0,
		"sock_bufsize":	0,
		"sndbuf_actual":	16384,
		"rcvbuf_actual":	131072,
		"test_start":	{
			"protocol":	"TCP",
			"num_streams":	1,
			"blksize":	131072,
			"omit":	0,
			"duration":	10,
			"bytes":	0,
			"blocks":	0,
			"reverse":	0,
			"tos":	0,
			"target_bitrate":	8000000000,
			"bidir":	0,
			"fqrate":	0
		}
	},
	"intervals":	[{
			"streams":	[{
					"socket":	5,
					"start":	0,
					"end":	2.000057,
					"seconds":	2.0000569820404053,
					"bytes":	1999372288,
					"bits_per_second":	7997261301.866683,
					"retransmits":	17,
					"snd_cwnd":	3948936,
					"snd_wnd":	5455872,
					"rtt":	582,
					"rttvar":	181,
					"pmtu":	8946,
					"omitted":	false,
					"sender":	true
				}],
			"sum":	{
				"start":	0,
				"end":	2.000057,
				"seconds":	2.0000569820404053,
				"bytes":	1999372288,
				"bits_per_second":	7997261301.866683,
				"retransmits":	17,
				"omitted":	false,
				"sender":	true
			}
		}, {
			"streams":	[{
					"socket":	5,
					"start":	2.000057,
					"end":	4.000057,
					"seconds":	2,
					"bytes":	2000158720,
					"bits_per_second":	8000634880,
					"retransmits":	23,
					"snd_cwnd":	3059536,
					"snd_wnd":	5290112,
					"rtt":	1912,
					"rttvar":	191,
					"pmtu":	8946,
					"omitted":	false,
					"sender":	true
				}],
			"sum":	{
				"start":	2.000057,
				"end":	4.000057,
				"seconds":	2,
				"bytes":	2000158720,
				"bits_per_second":	8000634880,
				"retransmits":	23,
				"omitted":	false,
				"sender":	true
			}
		}, {
			"streams":	[{
					"socket":	5,
					"start":	4.000057,
					"end":	6.000057,
					"seconds":	2,
					"bytes":	2000027648,
					"bits_per_second":	8000110592,
					"retransmits":	13,
					"snd_cwnd":	3441978,
					"snd_wnd":	5272832,
					"rtt":	494,
					"rttvar":	129,
					"pmtu":	8946,
					"omitted":	false,
					"sender":	true
				}],
			"sum":	{
				"start":	4.000057,
				"end":	6.000057,
				"seconds":	2,
				"bytes":	2000027648,
				"bits_per_second":	8000110592,
				"retransmits":	13,
				"omitted":	false,
				"sender":	true
			}
		}, {
			"streams":	[{
					"socket":	5,
					"start":	6.000057,
					"end":	8.000057,
					"seconds":	2,
					"bytes":	1998192640,
					"bits_per_second":	7992770560,
					"retransmits":	56,
					"snd_cwnd":	3762162,
					"snd_wnd":	5394944,
					"rtt":	2670,
					"rttvar":	249,
					"pmtu":	8946,
					"omitted":	false,
					"sender":	true
				}],
			"sum":	{
				"start":	6.000057,
				"end":	8.000057,
				"seconds":	2,
				"bytes":	1998192640,
				"bits_per_second":	7992770560,
				"retransmits":	56,
				"omitted":	false,
				"sender":	true
			}
		}, {
			"streams":	[{
					"socket":	5,
					"start":	8.000057,
					"end":	10.000183,
					"seconds":	2.0001258850097656,
					"bytes":	1997537280,
					"bits_per_second":	7989646231.6530523,
					"retransmits":	87,
					"snd_cwnd":	3815526,
					"snd_wnd":	5377408,
					"rtt":	2234,
					"rttvar":	132,
					"pmtu":	8946,
					"omitted":	false,
					"sender":	true
				}],
			"sum":	{
				"start":	8.000057,
				"end":	10.000183,
				"seconds":	2.0001258850097656,
				"bytes":	1997537280,
				"bits_per_second":	7989646231.6530523,
				"retransmits":	87,
				"omitted":	false,
				"sender":	true
			}
		}],
	"end":	{
		"streams":	[{
				"sender":	{
					"socket":	5,
					"start":	0,
					"end":	10.000183,
					"seconds":	10.000183,
					"bytes":	9999613952,
					"bits_per_second":	7999544769.93071,
					"retransmits":	196,
					"max_snd_cwnd":	3948936,
					"max_snd_wnd":	5455872,
					"max_rtt":	2670,
					"min_rtt":	494,
					"mean_rtt":	1578,
					"sender":	true
				},
				"receiver":	{
					"socket":	5,
					"start":	0,
					"end":	10.001428,
					"seconds":	10.000183,
					"bytes":	9999613952,
					"bits_per_second":	7998548968.8072538,
					"sender":	true
				}
			}],
		"sum_sent":	{
			"start":	0,
			"end":	10.000183,
			"seconds":	10.000183,
			"bytes":	9999613952,
			"bits_per_second":	7999544769.93071,
			"retransmits":	196,
			"sender":	true
		},
		"sum_received":	{
			"start":	0,
			"end":	10.001428,
			"seconds":	10.001428,
			"bytes":	9999613952,
			"bits_per_second":	7998548968.8072538,
			"sender":	true
		},
		"cpu_utilization_percent":	{
			"host_total":	95.271923799803,
			"host_user":	60.386232394362672,
			"host_system":	34.885671407698069,
			"remote_total":	15.190493202324106,
			"remote_user":	0.22094833810314984,
			"remote_system":	14.969544864220957
		},
		"sender_tcp_congestion":	"cubic",
		"receiver_tcp_congestion":	"cubic"
	}
}
