{
	"start":	{
		"connected":	[{
				"socket":	5,
				"local_host":	"192.0.1.254",
				"local_port":	36956,
				"remote_host":	"192.0.2.254",
				"remote_port":	5201
			}],
		"version":	"iperf 3.16",
		"system_info":	"Linux lab-dd2 6.8.0-100-generic #100-Ubuntu SMP PREEMPT_DYNAMIC Tue Jan 13 16:40:06 UTC 2026 x86_64",
		"timestamp":	{
			"time":	"Thu, 19 Mar 2026 06:16:21 GMT",
			"timesecs":	1773900981
		},
		"connecting_to":	{
			"host":	"192.0.2.254",
			"port":	5201
		},
		"cookie":	"v65crfd22rvzygaz4twth3r4fyzlzc3vpgdy",
		"tcp_mss_default":	8894,
		"target_bitrate":	15000000000,
		"fq_rate":	0,
		"sock_bufsize":	0,
		"sndbuf_actual":	16384,
		"rcvbuf_actual":	131072,
		"test_start":	{
			"protocol":	"TCP",
			"num_streams":	1,
			"blksize":	131072,
			"omit":	0,
			"duration":	10,
			"bytes":	0,
			"blocks":	0,
			"reverse":	0,
			"tos":	0,
			"target_bitrate":	15000000000,
			"bidir":	0,
			"fqrate":	0
		}
	},
	"intervals":	[{
			"streams":	[{
					"socket":	5,
					"start":	0,
					"end":	2.000055,
					"seconds":	2.0000550746917725,
					"bytes":	3749183488,
					"bits_per_second":	14996320993.121792,
					"retransmits":	183,
					"snd_cwnd":	2490320,
					"snd_wnd":	5176832,
					"rtt":	749,
					"rttvar":	26,
					"pmtu":	8946,
					"omitted":	false,
					"sender":	true
				}],
			"sum":	{
				"start":	0,
				"end":	2.000055,
				"seconds":	2.0000550746917725,
				"bytes":	3749183488,
				"bits_per_second":	14996320993.121792,
				"retransmits":	183,
				"omitted":	false,
				"sender":	true
			}
		}, {
			"streams":	[{
					"socket":	5,
					"start":	2.000055,
					"end":	4.000055,
					"seconds":	2,
					"bytes":	3745644544,
					"bits_per_second":	14982578176,
					"retransmits":	25,
					"snd_cwnd":	2597048,
					"snd_wnd":	5162240,
					"rtt":	553,
					"rttvar":	47,
					"pmtu":	8946,
					"omitted":	false,
					"sender":	true
				}],
			"sum":	{
				"start":	2.000055,
				"end":	4.000055,
				"seconds":	2,
				"bytes":	3745644544,
				"bits_per_second":	14982578176,
				"retransmits":	25,
				"omitted":	false,
				"sender":	true
			}
		}, {
			"streams":	[{
					"socket":	5,
					"start":	4.000055,
					"end":	6.000055,
					"seconds":	2,
					"bytes":	3746430976,
					"bits_per_second":	14985723904,
					"retransmits":	155,
					"snd_cwnd":	2641518,
					"snd_wnd":	5455872,
					"rtt":	465,
					"rttvar":	73,
					"pmtu":	8946,
					"omitted":	false,
					"sender":	true
				}],
			"sum":	{
				"start":	4.000055,
				"end":	6.000055,
				"seconds":	2,
				"bytes":	3746430976,
				"bits_per_second":	14985723904,
				"retransmits":	155,
				"omitted":	false,
				"sender":	true
			}
		}, {
			"streams":	[{
					"socket":	5,
					"start":	6.000055,
					"end":	8.000055,
					"seconds":	2,
					"bytes":	3751149568,
					"bits_per_second":	15004598272,
					"retransmits":	0,
					"snd_cwnd":	3450872,
					"snd_wnd":	5106944,
					"rtt":	763,
					"rttvar":	48,
					"pmtu":	8946,
					"omitted":	false,
					"sender":	true
				}],
			"sum":	{
				"start":	6.000055,
				"end":	8.000055,
				"seconds":	2,
				"bytes":	3751149568,
				"bits_per_second":	15004598272,
				"retransmits":	0,
				"omitted":	false,
				"sender":	true
			}
		}, {
			"streams":	[{
					"socket":	5,
					"start":	8.000055,
					"end":	10.00019,
					"seconds":	2.0001349449157715,
					"bytes":	3749314560,
					"bits_per_second":	14996246406.3959,
					"retransmits":	21,
					"snd_cwnd":	3806632,
					"snd_wnd":	5394944,
					"rtt":	566,
					"rttvar":	55,
					"pmtu":	8946,
					"omitted":	false,
					"sender":	true
				}],
			"sum":	{
				"start":	8.000055,
				"end":	10.00019,
				"seconds":	2.0001349449157715,
				"bytes":	3749314560,
				"bits_per_second":	14996246406.3959,
				"retransmits":	21,
				"omitted":	false,
				"sender":	true
			}
		}],
	"end":	{
		"streams":	[{
				"sender":	{
					"socket":	5,
					"start":	0,
					"end":	10.00019,
					"seconds":	10.00019,
					"bytes":	18749980672,
					"bits_per_second":	14999699543.308678,
					"retransmits":	384,
					"max_snd_cwnd":	3806632,
					"max_snd_wnd":	5455872,
					"max_rtt":	763,
					"min_rtt":	465,
					"mean_rtt":	619,
					"sender":	true
				},
				"receiver":	{
					"socket":	5,
					"start":	0,
					"end":	10.000504,
					"seconds":	10.00019,
					"bytes":	18749980672,
					"bits_per_second":	14999228576.479746,
					"sender":	true
				}
			}],
		"sum_sent":	{
			"start":	0,
			"end":	10.00019,
			"seconds":	10.00019,
			"bytes":	18749980672,
			"bits_per_second":	14999699543.308678,
			"retransmits":	384,
			"sender":	true
		},
		"sum_received":	{
			"start":	0,
			"end":	10.000504,
			"seconds":	10.000504,
			"bytes":	18749980672,
			"bits_per_second":	14999228576.479746,
			"sender":	true
		},
		"cpu_utilization_percent":	{
			"host_total":	92.831362134484138,
			"host_user":	18.660138054744952,
			"host_system":	74.171214080844067,
			"remote_total":	24.020682543122046,
			"remote_user":	1.3490210650235772,
			"remote_system":	22.6716714775875
		},
		"sender_tcp_congestion":	"cubic",
		"receiver_tcp_congestion":	"cubic"
	}
}
