{
	"start":	{
		"connected":	[{
				"socket":	5,
				"local_host":	"192.0.1.254",
				"local_port":	49974,
				"remote_host":	"192.0.2.254",
				"remote_port":	5201
			}],
		"version":	"iperf 3.16",
		"system_info":	"Linux lab-dd2 6.8.0-100-generic #100-Ubuntu SMP PREEMPT_DYNAMIC Tue Jan 13 16:40:06 UTC 2026 x86_64",
		"timestamp":	{
			"time":	"Thu, 19 Mar 2026 06:08:11 GMT",
			"timesecs":	1773900491
		},
		"connecting_to":	{
			"host":	"192.0.2.254",
			"port":	5201
		},
		"cookie":	"76qudvpybkjbpgcuubm3ri23qu73riu2tzwr",
		"tcp_mss_default":	8894,
		"target_bitrate":	10000000000,
		"fq_rate":	0,
		"sock_bufsize":	0,
		"sndbuf_actual":	16384,
		"rcvbuf_actual":	131072,
		"test_start":	{
			"protocol":	"TCP",
			"num_streams":	1,
			"blksize":	131072,
			"omit":	0,
			"duration":	10,
			"bytes":	0,
			"blocks":	0,
			"reverse":	0,
			"tos":	0,
			"target_bitrate":	10000000000,
			"bidir":	0,
			"fqrate":	0
		}
	},
	"intervals":	[{
			"streams":	[{
					"socket":	5,
					"start":	0,
					"end":	2.000056,
					"seconds":	2.0000560283660889,
					"bytes":	2498887680,
					"bits_per_second":	9995270710.65673,
					"retransmits":	118,
					"snd_cwnd":	1912210,
					"snd_wnd":	5394944,
					"rtt":	892,
					"rttvar":	198,
					"pmtu":	8946,
					"omitted":	false,
					"sender":	true
				}],
			"sum":	{
				"start":	0,
				"end":	2.000056,
				"seconds":	2.0000560283660889,
				"bytes":	2498887680,
				"bits_per_second":	9995270710.65673,
				"retransmits":	118,
				"omitted":	false,
				"sender":	true
			}
		}, {
			"streams":	[{
					"socket":	5,
					"start":	2.000056,
					"end":	4.000054,
					"seconds":	1.9999979734420776,
					"bytes":	2498887680,
					"bits_per_second":	9995560848.2915134,
					"retransmits":	62,
					"snd_cwnd":	2321334,
					"snd_wnd":	5455872,
					"rtt":	1292,
					"rttvar":	521,
					"pmtu":	8946,
					"omitted":	false,
					"sender":	true
				}],
			"sum":	{
				"start":	2.000056,
				"end":	4.000054,
				"seconds":	1.9999979734420776,
				"bytes":	2498887680,
				"bits_per_second":	9995560848.2915134,
				"retransmits":	62,
				"omitted":	false,
				"sender":	true
			}
		}, {
			"streams":	[{
					"socket":	5,
					"start":	4.000054,
					"end":	6.000055,
					"seconds":	2.0000009536743164,
					"bytes":	2499543040,
					"bits_per_second":	9998167392.5022736,
					"retransmits":	254,
					"snd_cwnd":	2241288,
					"snd_wnd":	5290112,
					"rtt":	733,
					"rttvar":	113,
					"pmtu":	8946,
					"omitted":	false,
					"sender":	true
				}],
			"sum":	{
				"start":	4.000054,
				"end":	6.000055,
				"seconds":	2.0000009536743164,
				"bytes":	2499543040,
				"bits_per_second":	9998167392.5022736,
				"retransmits":	254,
				"omitted":	false,
				"sender":	true
			}
		}, {
			"streams":	[{
					"socket":	5,
					"start":	6.000055,
					"end":	8.000054,
					"seconds":	1.9999990463256836,
					"bytes":	2499411968,
					"bits_per_second":	9997652639.2522736,
					"retransmits":	119,
					"snd_cwnd":	2143454,
					"snd_wnd":	5377408,
					"rtt":	816,
					"rttvar":	137,
					"pmtu":	8946,
					"omitted":	false,
					"sender":	true
				}],
			"sum":	{
				"start":	6.000055,
				"end":	8.000054,
				"seconds":	1.9999990463256836,
				"bytes":	2499411968,
				"bits_per_second":	9997652639.2522736,
				"retransmits":	119,
				"omitted":	false,
				"sender":	true
			}
		}, {
			"streams":	[{
					"socket":	5,
					"start":	8.000054,
					"end":	10.000185,
					"seconds":	2.0001308917999268,
					"bytes":	2498625536,
					"bits_per_second":	9993848087.61781,
					"retransmits":	94,
					"snd_cwnd":	2241288,
					"snd_wnd":	5455872,
					"rtt":	1025,
					"rttvar":	71,
					"pmtu":	8946,
					"omitted":	false,
					"sender":	true
				}],
			"sum":	{
				"start":	8.000054,
				"end":	10.000185,
				"seconds":	2.0001308917999268,
				"bytes":	2498625536,
				"bits_per_second":	9993848087.61781,
				"retransmits":	94,
				"omitted":	false,
				"sender":	true
			}
		}],
	"end":	{
		"streams":	[{
				"sender":	{
					"socket":	5,
					"start":	0,
					"end":	10.000185,
					"seconds":	10.000185,
					"bytes":	12498763776,
					"bits_per_second":	9998826042.5182133,
					"retransmits":	647,
					"max_snd_cwnd":	2321334,
					"max_snd_wnd":	5455872,
					"max_rtt":	1292,
					"min_rtt":	733,
					"mean_rtt":	951,
					"sender":	true
				},
				"receiver":	{
					"socket":	5,
					"start":	0,
					"end":	10.000311,
					"seconds":	10.000185,
					"bytes":	12498763776,
					"bits_per_second":	9998700061.228096,
					"sender":	true
				}
			}],
		"sum_sent":	{
			"start":	0,
			"end":	10.000185,
			"seconds":	10.000185,
			"bytes":	12498763776,
			"bits_per_second":	9998826042.5182133,
			"retransmits":	647,
			"sender":	true
		},
		"sum_received":	{
			"start":	0,
			"end":	10.000311,
			"seconds":	10.000311,
			"bytes":	12498763776,
			"bits_per_second":	9998700061.228096,
			"sender":	true
		},
		"cpu_utilization_percent":	{
			"host_total":	94.286072533024452,
			"host_user":	1.2844823034970652,
			"host_system":	93.001580230599274,
			"remote_total":	17.350604780647018,
			"remote_user":	0.621280119036191,
			"remote_system":	16.729334661290839
		},
		"sender_tcp_congestion":	"cubic",
		"receiver_tcp_congestion":	"cubic"
	}
}
