{
	"start":	{
		"connected":	[{
				"socket":	5,
				"local_host":	"192.0.1.254",
				"local_port":	34674,
				"remote_host":	"192.0.2.254",
				"remote_port":	5201
			}],
		"version":	"iperf 3.16",
		"system_info":	"Linux lab-dd2 6.8.0-100-generic #100-Ubuntu SMP PREEMPT_DYNAMIC Tue Jan 13 16:40:06 UTC 2026 x86_64",
		"timestamp":	{
			"time":	"Thu, 19 Mar 2026 06:23:21 GMT",
			"timesecs":	1773901401
		},
		"connecting_to":	{
			"host":	"192.0.2.254",
			"port":	5201
		},
		"cookie":	"lehzxavovsov3554v4vd4d37d5lnezrrdlwm",
		"tcp_mss_default":	8894,
		"target_bitrate":	19000000000,
		"fq_rate":	0,
		"sock_bufsize":	0,
		"sndbuf_actual":	16384,
		"rcvbuf_actual":	131072,
		"test_start":	{
			"protocol":	"TCP",
			"num_streams":	1,
			"blksize":	131072,
			"omit":	0,
			"duration":	10,
			"bytes":	0,
			"blocks":	0,
			"reverse":	0,
			"tos":	0,
			"target_bitrate":	19000000000,
			"bidir":	0,
			"fqrate":	0
		}
	},
	"intervals":	[{
			"streams":	[{
					"socket":	5,
					"start":	0,
					"end":	2.000055,
					"seconds":	2.0000550746917725,
					"bytes":	4188405760,
					"bits_per_second":	16753161702.391514,
					"retransmits":	37,
					"snd_cwnd":	2445850,
					"snd_wnd":	5394944,
					"rtt":	663,
					"rttvar":	48,
					"pmtu":	8946,
					"omitted":	false,
					"sender":	true
				}],
			"sum":	{
				"start":	0,
				"end":	2.000055,
				"seconds":	2.0000550746917725,
				"bytes":	4188405760,
				"bits_per_second":	16753161702.391514,
				"retransmits":	37,
				"omitted":	false,
				"sender":	true
			}
		}, {
			"streams":	[{
					"socket":	5,
					"start":	2.000055,
					"end":	4.000055,
					"seconds":	2,
					"bytes":	4307288064,
					"bits_per_second":	17229152256,
					"retransmits":	109,
					"snd_cwnd":	2854974,
					"snd_wnd":	5159296,
					"rtt":	1003,
					"rttvar":	19,
					"pmtu":	8946,
					"omitted":	false,
					"sender":	true
				}],
			"sum":	{
				"start":	2.000055,
				"end":	4.000055,
				"seconds":	2,
				"bytes":	4307288064,
				"bits_per_second":	17229152256,
				"retransmits":	109,
				"omitted":	false,
				"sender":	true
			}
		}, {
			"streams":	[{
					"socket":	5,
					"start":	4.000055,
					"end":	6.000056,
					"seconds":	2.0000009536743164,
					"bytes":	4222222336,
					"bits_per_second":	16888881290.753839,
					"retransmits":	47,
					"snd_cwnd":	2134560,
					"snd_wnd":	5290112,
					"rtt":	555,
					"rttvar":	107,
					"pmtu":	8946,
					"omitted":	false,
					"sender":	true
				}],
			"sum":	{
				"start":	4.000055,
				"end":	6.000056,
				"seconds":	2.0000009536743164,
				"bytes":	4222222336,
				"bits_per_second":	16888881290.753839,
				"retransmits":	47,
				"omitted":	false,
				"sender":	true
			}
		}, {
			"streams":	[{
					"socket":	5,
					"start":	6.000056,
					"end":	8.000055,
					"seconds":	1.9999990463256836,
					"bytes":	4386062336,
					"bits_per_second":	17544257709.75399,
					"retransmits":	256,
					"snd_cwnd":	3593176,
					"snd_wnd":	5176832,
					"rtt":	915,
					"rttvar":	25,
					"pmtu":	8946,
					"omitted":	false,
					"sender":	true
				}],
			"sum":	{
				"start":	6.000056,
				"end":	8.000055,
				"seconds":	1.9999990463256836,
				"bytes":	4386062336,
				"bits_per_second":	17544257709.75399,
				"retransmits":	256,
				"omitted":	false,
				"sender":	true
			}
		}, {
			"streams":	[{
					"socket":	5,
					"start":	8.000055,
					"end":	10.000192,
					"seconds":	2.0001370906829834,
					"bytes":	4242145280,
					"bits_per_second":	16967418082.5333,
					"retransmits":	286,
					"snd_cwnd":	2703776,
					"snd_wnd":	5159296,
					"rtt":	660,
					"rttvar":	42,
					"pmtu":	8946,
					"omitted":	false,
					"sender":	true
				}],
			"sum":	{
				"start":	8.000055,
				"end":	10.000192,
				"seconds":	2.0001370906829834,
				"bytes":	4242145280,
				"bits_per_second":	16967418082.5333,
				"retransmits":	286,
				"omitted":	false,
				"sender":	true
			}
		}],
	"end":	{
		"streams":	[{
				"sender":	{
					"socket":	5,
					"start":	0,
					"end":	10.000192,
					"seconds":	10.000192,
					"bytes":	21723873280,
					"bits_per_second":	17378764951.712925,
					"retransmits":	735,
					"max_snd_cwnd":	3593176,
					"max_snd_wnd":	5394944,
					"max_rtt":	1003,
					"min_rtt":	555,
					"mean_rtt":	759,
					"sender":	true
				},
				"receiver":	{
					"socket":	5,
					"start":	0,
					"end":	10.000621,
					"seconds":	10.000192,
					"bytes":	21723873280,
					"bits_per_second":	17378019448.992218,
					"sender":	true
				}
			}],
		"sum_sent":	{
			"start":	0,
			"end":	10.000192,
			"seconds":	10.000192,
			"bytes":	21723873280,
			"bits_per_second":	17378764951.712925,
			"retransmits":	735,
			"sender":	true
		},
		"sum_received":	{
			"start":	0,
			"end":	10.000621,
			"seconds":	10.000621,
			"bytes":	21723873280,
			"bits_per_second":	17378019448.992218,
			"sender":	true
		},
		"cpu_utilization_percent":	{
			"host_total":	93.2332914784145,
			"host_user":	0.46154396856221658,
			"host_system":	92.7717475098523,
			"remote_total":	26.443029377755078,
			"remote_user":	0.962199573866761,
			"remote_system":	25.480829803888316
		},
		"sender_tcp_congestion":	"cubic",
		"receiver_tcp_congestion":	"cubic"
	}
}
