{
	"start":	{
		"connected":	[{
				"socket":	5,
				"local_host":	"192.0.1.254",
				"local_port":	39646,
				"remote_host":	"192.0.2.254",
				"remote_port":	5201
			}],
		"version":	"iperf 3.16",
		"system_info":	"Linux lab-dd2 6.8.0-100-generic #100-Ubuntu SMP PREEMPT_DYNAMIC Tue Jan 13 16:40:06 UTC 2026 x86_64",
		"timestamp":	{
			"time":	"Thu, 19 Mar 2026 06:06:31 GMT",
			"timesecs":	1773900391
		},
		"connecting_to":	{
			"host":	"192.0.2.254",
			"port":	5201
		},
		"cookie":	"qnejf4k4f7zdvhavllyzeya4izdc2usey7zh",
		"tcp_mss_default":	8894,
		"target_bitrate":	9000000000,
		"fq_rate":	0,
		"sock_bufsize":	0,
		"sndbuf_actual":	16384,
		"rcvbuf_actual":	131072,
		"test_start":	{
			"protocol":	"TCP",
			"num_streams":	1,
			"blksize":	131072,
			"omit":	0,
			"duration":	10,
			"bytes":	0,
			"blocks":	0,
			"reverse":	0,
			"tos":	0,
			"target_bitrate":	9000000000,
			"bidir":	0,
			"fqrate":	0
		}
	},
	"intervals":	[{
			"streams":	[{
					"socket":	5,
					"start":	0,
					"end":	2.000051,
					"seconds":	2.0000510215759277,
					"bytes":	2249588736,
					"bits_per_second":	8998125394.73098,
					"retransmits":	9,
					"snd_cwnd":	4011194,
					"snd_wnd":	5455872,
					"rtt":	341,
					"rttvar":	52,
					"pmtu":	8946,
					"omitted":	false,
					"sender":	true
				}],
			"sum":	{
				"start":	0,
				"end":	2.000051,
				"seconds":	2.0000510215759277,
				"bytes":	2249588736,
				"bits_per_second":	8998125394.73098,
				"retransmits":	9,
				"omitted":	false,
				"sender":	true
			}
		}, {
			"streams":	[{
					"socket":	5,
					"start":	2.000051,
					"end":	4.000048,
					"seconds":	1.9999970197677612,
					"bytes":	2250113024,
					"bits_per_second":	9000465507.7387352,
					"retransmits":	45,
					"snd_cwnd":	2837186,
					"snd_wnd":	5394944,
					"rtt":	459,
					"rttvar":	91,
					"pmtu":	8946,
					"omitted":	false,
					"sender":	true
				}],
			"sum":	{
				"start":	2.000051,
				"end":	4.000048,
				"seconds":	1.9999970197677612,
				"bytes":	2250113024,
				"bits_per_second":	9000465507.7387352,
				"retransmits":	45,
				"omitted":	false,
				"sender":	true
			}
		}, {
			"streams":	[{
					"socket":	5,
					"start":	4.000048,
					"end":	6.000048,
					"seconds":	2,
					"bytes":	2249064448,
					"bits_per_second":	8996257792,
					"retransmits":	6,
					"snd_cwnd":	2463638,
					"snd_wnd":	5281664,
					"rtt":	380,
					"rttvar":	101,
					"pmtu":	8946,
					"omitted":	false,
					"sender":	true
				}],
			"sum":	{
				"start":	4.000048,
				"end":	6.000048,
				"seconds":	2,
				"bytes":	2249064448,
				"bits_per_second":	8996257792,
				"retransmits":	6,
				"omitted":	false,
				"sender":	true
			}
		}, {
			"streams":	[{
					"socket":	5,
					"start":	6.000048,
					"end":	8.000049,
					"seconds":	2.0000009536743164,
					"bytes":	2250506240,
					"bits_per_second":	9002020667.5020466,
					"retransmits":	111,
					"snd_cwnd":	1912210,
					"snd_wnd":	5246592,
					"rtt":	404,
					"rttvar":	77,
					"pmtu":	8946,
					"omitted":	false,
					"sender":	true
				}],
			"sum":	{
				"start":	6.000048,
				"end":	8.000049,
				"seconds":	2.0000009536743164,
				"bytes":	2250506240,
				"bits_per_second":	9002020667.5020466,
				"retransmits":	111,
				"omitted":	false,
				"sender":	true
			}
		}, {
			"streams":	[{
					"socket":	5,
					"start":	8.000049,
					"end":	10.000223,
					"seconds":	2.0001740455627441,
					"bytes":	2249719808,
					"bits_per_second":	8998096192.6422634,
					"retransmits":	187,
					"snd_cwnd":	1885528,
					"snd_wnd":	5324928,
					"rtt":	820,
					"rttvar":	116,
					"pmtu":	8946,
					"omitted":	false,
					"sender":	true
				}],
			"sum":	{
				"start":	8.000049,
				"end":	10.000223,
				"seconds":	2.0001740455627441,
				"bytes":	2249719808,
				"bits_per_second":	8998096192.6422634,
				"retransmits":	187,
				"omitted":	false,
				"sender":	true
			}
		}],
	"end":	{
		"streams":	[{
				"sender":	{
					"socket":	5,
					"start":	0,
					"end":	10.000223,
					"seconds":	10.000223,
					"bytes":	11249778688,
					"bits_per_second":	8999622258.82363,
					"retransmits":	358,
					"max_snd_cwnd":	4011194,
					"max_snd_wnd":	5455872,
					"max_rtt":	820,
					"min_rtt":	341,
					"mean_rtt":	480,
					"sender":	true
				},
				"receiver":	{
					"socket":	5,
					"start":	0,
					"end":	10.000774,
					"seconds":	10.000223,
					"bytes":	11249385472,
					"bits_per_second":	8998811869.5612965,
					"sender":	true
				}
			}],
		"sum_sent":	{
			"start":	0,
			"end":	10.000223,
			"seconds":	10.000223,
			"bytes":	11249778688,
			"bits_per_second":	8999622258.82363,
			"retransmits":	358,
			"sender":	true
		},
		"sum_received":	{
			"start":	0,
			"end":	10.000774,
			"seconds":	10.000774,
			"bytes":	11249385472,
			"bits_per_second":	8998811869.5612965,
			"sender":	true
		},
		"cpu_utilization_percent":	{
			"host_total":	91.7387963877113,
			"host_user":	56.974587234284222,
			"host_system":	34.764209153427075,
			"remote_total":	16.32893634296525,
			"remote_user":	0.99168264875339718,
			"remote_system":	15.337273692651973
		},
		"sender_tcp_congestion":	"cubic",
		"receiver_tcp_congestion":	"cubic"
	}
}
