{
	"start":	{
		"connected":	[{
				"socket":	5,
				"local_host":	"192.0.1.254",
				"local_port":	49572,
				"remote_host":	"192.0.2.254",
				"remote_port":	5201
			}],
		"version":	"iperf 3.16",
		"system_info":	"Linux lab-dd2 6.8.0-100-generic #100-Ubuntu SMP PREEMPT_DYNAMIC Tue Jan 13 16:40:06 UTC 2026 x86_64",
		"timestamp":	{
			"time":	"Thu, 19 Mar 2026 06:06:51 GMT",
			"timesecs":	1773900411
		},
		"connecting_to":	{
			"host":	"192.0.2.254",
			"port":	5201
		},
		"cookie":	"m2rk4nakos53iys2c57xvattxazxylfgtemg",
		"tcp_mss_default":	8894,
		"target_bitrate":	9000000000,
		"fq_rate":	0,
		"sock_bufsize":	0,
		"sndbuf_actual":	16384,
		"rcvbuf_actual":	131072,
		"test_start":	{
			"protocol":	"TCP",
			"num_streams":	1,
			"blksize":	131072,
			"omit":	0,
			"duration":	10,
			"bytes":	0,
			"blocks":	0,
			"reverse":	0,
			"tos":	0,
			"target_bitrate":	9000000000,
			"bidir":	0,
			"fqrate":	0
		}
	},
	"intervals":	[{
			"streams":	[{
					"socket":	5,
					"start":	0,
					"end":	2.000056,
					"seconds":	2.0000560283660889,
					"bytes":	2249588736,
					"bits_per_second":	8998102869.49916,
					"retransmits":	7,
					"snd_cwnd":	3904466,
					"snd_wnd":	5455872,
					"rtt":	305,
					"rttvar":	97,
					"pmtu":	8946,
					"omitted":	false,
					"sender":	true
				}],
			"sum":	{
				"start":	0,
				"end":	2.000056,
				"seconds":	2.0000560283660889,
				"bytes":	2249588736,
				"bits_per_second":	8998102869.49916,
				"retransmits":	7,
				"omitted":	false,
				"sender":	true
			}
		}, {
			"streams":	[{
					"socket":	5,
					"start":	2.000056,
					"end":	4.000063,
					"seconds":	2.0000069141387939,
					"bytes":	2247491584,
					"bits_per_second":	8989935257.16994,
					"retransmits":	60,
					"snd_cwnd":	2872762,
					"snd_wnd":	5403520,
					"rtt":	3076,
					"rttvar":	66,
					"pmtu":	8946,
					"omitted":	false,
					"sender":	true
				}],
			"sum":	{
				"start":	2.000056,
				"end":	4.000063,
				"seconds":	2.0000069141387939,
				"bytes":	2247491584,
				"bits_per_second":	8989935257.16994,
				"retransmits":	60,
				"omitted":	false,
				"sender":	true
			}
		}, {
			"streams":	[{
					"socket":	5,
					"start":	4.000063,
					"end":	6.000063,
					"seconds":	2,
					"bytes":	2250244096,
					"bits_per_second":	9000976384,
					"retransmits":	187,
					"snd_cwnd":	3166264,
					"snd_wnd":	5342464,
					"rtt":	806,
					"rttvar":	489,
					"pmtu":	8946,
					"omitted":	false,
					"sender":	true
				}],
			"sum":	{
				"start":	4.000063,
				"end":	6.000063,
				"seconds":	2,
				"bytes":	2250244096,
				"bits_per_second":	9000976384,
				"retransmits":	187,
				"omitted":	false,
				"sender":	true
			}
		}, {
			"streams":	[{
					"socket":	5,
					"start":	6.000063,
					"end":	8.000058,
					"seconds":	1.9999949932098389,
					"bytes":	2249981952,
					"bits_per_second":	8999950338.4314,
					"retransmits":	456,
					"snd_cwnd":	2792716,
					"snd_wnd":	5403520,
					"rtt":	2503,
					"rttvar":	433,
					"pmtu":	8946,
					"omitted":	false,
					"sender":	true
				}],
			"sum":	{
				"start":	6.000063,
				"end":	8.000058,
				"seconds":	1.9999949932098389,
				"bytes":	2249981952,
				"bits_per_second":	8999950338.4314,
				"retransmits":	456,
				"omitted":	false,
				"sender":	true
			}
		}, {
			"streams":	[{
					"socket":	5,
					"start":	8.000058,
					"end":	10.000272,
					"seconds":	2.0002140998840332,
					"bytes":	2250506240,
					"bits_per_second":	9001061396.899374,
					"retransmits":	81,
					"snd_cwnd":	3112900,
					"snd_wnd":	5455872,
					"rtt":	425,
					"rttvar":	110,
					"pmtu":	8946,
					"omitted":	false,
					"sender":	true
				}],
			"sum":	{
				"start":	8.000058,
				"end":	10.000272,
				"seconds":	2.0002140998840332,
				"bytes":	2250506240,
				"bits_per_second":	9001061396.899374,
				"retransmits":	81,
				"omitted":	false,
				"sender":	true
			}
		}],
	"end":	{
		"streams":	[{
				"sender":	{
					"socket":	5,
					"start":	0,
					"end":	10.000272,
					"seconds":	10.000272,
					"bytes":	11249778688,
					"bits_per_second":	8999578161.8739967,
					"retransmits":	791,
					"max_snd_cwnd":	3904466,
					"max_snd_wnd":	5455872,
					"max_rtt":	3076,
					"min_rtt":	305,
					"mean_rtt":	1423,
					"sender":	true
				},
				"receiver":	{
					"socket":	5,
					"start":	0,
					"end":	10.000422,
					"seconds":	10.000272,
					"bytes":	11249778688,
					"bits_per_second":	8999443173.89806,
					"sender":	true
				}
			}],
		"sum_sent":	{
			"start":	0,
			"end":	10.000272,
			"seconds":	10.000272,
			"bytes":	11249778688,
			"bits_per_second":	8999578161.8739967,
			"retransmits":	791,
			"sender":	true
		},
		"sum_received":	{
			"start":	0,
			"end":	10.000422,
			"seconds":	10.000422,
			"bytes":	11249778688,
			"bits_per_second":	8999443173.89806,
			"sender":	true
		},
		"cpu_utilization_percent":	{
			"host_total":	90.4370258087997,
			"host_user":	33.904235874751535,
			"host_system":	56.532779935288026,
			"remote_total":	16.58579846924567,
			"remote_user":	0.65922171938823826,
			"remote_system":	15.92658674942845
		},
		"sender_tcp_congestion":	"cubic",
		"receiver_tcp_congestion":	"cubic"
	}
}
