{
	"start":	{
		"connected":	[{
				"socket":	5,
				"local_host":	"192.0.1.254",
				"local_port":	45890,
				"remote_host":	"192.0.2.254",
				"remote_port":	5201
			}],
		"version":	"iperf 3.16",
		"system_info":	"Linux lab-dd2 6.8.0-100-generic #100-Ubuntu SMP PREEMPT_DYNAMIC Tue Jan 13 16:40:06 UTC 2026 x86_64",
		"timestamp":	{
			"time":	"Thu, 19 Mar 2026 06:17:01 GMT",
			"timesecs":	1773901021
		},
		"connecting_to":	{
			"host":	"192.0.2.254",
			"port":	5201
		},
		"cookie":	"argbvxaj4f4wfdwx3jnokqkxpbuaenqb6eeu",
		"tcp_mss_default":	8894,
		"target_bitrate":	15000000000,
		"fq_rate":	0,
		"sock_bufsize":	0,
		"sndbuf_actual":	16384,
		"rcvbuf_actual":	131072,
		"test_start":	{
			"protocol":	"TCP",
			"num_streams":	1,
			"blksize":	131072,
			"omit":	0,
			"duration":	10,
			"bytes":	0,
			"blocks":	0,
			"reverse":	0,
			"tos":	0,
			"target_bitrate":	15000000000,
			"bidir":	0,
			"fqrate":	0
		}
	},
	"intervals":	[{
			"streams":	[{
					"socket":	5,
					"start":	0,
					"end":	2.000055,
					"seconds":	2.0000550746917725,
					"bytes":	3749707776,
					"bits_per_second":	14998418087.373383,
					"retransmits":	108,
					"snd_cwnd":	2134560,
					"snd_wnd":	5298944,
					"rtt":	319,
					"rttvar":	26,
					"pmtu":	8946,
					"omitted":	false,
					"sender":	true
				}],
			"sum":	{
				"start":	0,
				"end":	2.000055,
				"seconds":	2.0000550746917725,
				"bytes":	3749707776,
				"bits_per_second":	14998418087.373383,
				"retransmits":	108,
				"omitted":	false,
				"sender":	true
			}
		}, {
			"streams":	[{
					"socket":	5,
					"start":	2.000055,
					"end":	4.000054,
					"seconds":	1.9999990463256836,
					"bytes":	3749576704,
					"bits_per_second":	14998313967.75341,
					"retransmits":	0,
					"snd_cwnd":	2872762,
					"snd_wnd":	5394944,
					"rtt":	355,
					"rttvar":	41,
					"pmtu":	8946,
					"omitted":	false,
					"sender":	true
				}],
			"sum":	{
				"start":	2.000055,
				"end":	4.000054,
				"seconds":	1.9999990463256836,
				"bytes":	3749576704,
				"bits_per_second":	14998313967.75341,
				"retransmits":	0,
				"omitted":	false,
				"sender":	true
			}
		}, {
			"streams":	[{
					"socket":	5,
					"start":	4.000054,
					"end":	6.000053,
					"seconds":	1.9999990463256836,
					"bytes":	3747741696,
					"bits_per_second":	14990973932.253408,
					"retransmits":	3,
					"snd_cwnd":	2881656,
					"snd_wnd":	5394944,
					"rtt":	776,
					"rttvar":	30,
					"pmtu":	8946,
					"omitted":	false,
					"sender":	true
				}],
			"sum":	{
				"start":	4.000054,
				"end":	6.000053,
				"seconds":	1.9999990463256836,
				"bytes":	3747741696,
				"bits_per_second":	14990973932.253408,
				"retransmits":	3,
				"omitted":	false,
				"sender":	true
			}
		}, {
			"streams":	[{
					"socket":	5,
					"start":	6.000053,
					"end":	8.000057,
					"seconds":	2.0000040531158447,
					"bytes":	3748659200,
					"bits_per_second":	14994606412.561583,
					"retransmits":	0,
					"snd_cwnd":	3370826,
					"snd_wnd":	5283840,
					"rtt":	437,
					"rttvar":	70,
					"pmtu":	8946,
					"omitted":	false,
					"sender":	true
				}],
			"sum":	{
				"start":	6.000053,
				"end":	8.000057,
				"seconds":	2.0000040531158447,
				"bytes":	3748659200,
				"bits_per_second":	14994606412.561583,
				"retransmits":	0,
				"omitted":	false,
				"sender":	true
			}
		}, {
			"streams":	[{
					"socket":	5,
					"start":	8.000057,
					"end":	10.000284,
					"seconds":	2.0002269744873047,
					"bytes":	3750363136,
					"bits_per_second":	14999750263.6871,
					"retransmits":	1,
					"snd_cwnd":	2988384,
					"snd_wnd":	5394944,
					"rtt":	389,
					"rttvar":	47,
					"pmtu":	8946,
					"omitted":	false,
					"sender":	true
				}],
			"sum":	{
				"start":	8.000057,
				"end":	10.000284,
				"seconds":	2.0002269744873047,
				"bytes":	3750363136,
				"bits_per_second":	14999750263.6871,
				"retransmits":	1,
				"omitted":	false,
				"sender":	true
			}
		}],
	"end":	{
		"streams":	[{
				"sender":	{
					"socket":	5,
					"start":	0,
					"end":	10.000284,
					"seconds":	10.000284,
					"bytes":	18749849600,
					"bits_per_second":	14999453695.515047,
					"retransmits":	112,
					"max_snd_cwnd":	3370826,
					"max_snd_wnd":	5394944,
					"max_rtt":	776,
					"min_rtt":	319,
					"mean_rtt":	455,
					"sender":	true
				},
				"receiver":	{
					"socket":	5,
					"start":	0,
					"end":	10.000437,
					"seconds":	10.000284,
					"bytes":	18749849600,
					"bits_per_second":	14999224213.901854,
					"sender":	true
				}
			}],
		"sum_sent":	{
			"start":	0,
			"end":	10.000284,
			"seconds":	10.000284,
			"bytes":	18749849600,
			"bits_per_second":	14999453695.515047,
			"retransmits":	112,
			"sender":	true
		},
		"sum_received":	{
			"start":	0,
			"end":	10.000437,
			"seconds":	10.000437,
			"bytes":	18749849600,
			"bits_per_second":	14999224213.901854,
			"sender":	true
		},
		"cpu_utilization_percent":	{
			"host_total":	93.984221538368,
			"host_user":	1.5750365795789065,
			"host_system":	92.4091849587891,
			"remote_total":	23.864940396646389,
			"remote_user":	1.3653093802635163,
			"remote_system":	22.499651015494912
		},
		"sender_tcp_congestion":	"cubic",
		"receiver_tcp_congestion":	"cubic"
	}
}
