{
	"start":	{
		"connected":	[{
				"socket":	5,
				"local_host":	"192.0.1.254",
				"local_port":	46510,
				"remote_host":	"192.0.2.254",
				"remote_port":	5201
			}],
		"version":	"iperf 3.16",
		"system_info":	"Linux lab-dd2 6.8.0-100-generic #100-Ubuntu SMP PREEMPT_DYNAMIC Tue Jan 13 16:40:06 UTC 2026 x86_64",
		"timestamp":	{
			"time":	"Thu, 19 Mar 2026 06:13:41 GMT",
			"timesecs":	1773900821
		},
		"connecting_to":	{
			"host":	"192.0.2.254",
			"port":	5201
		},
		"cookie":	"o3foh6e7v5hvdbsee7dl5vmkjsajmpr426dc",
		"tcp_mss_default":	8894,
		"target_bitrate":	13000000000,
		"fq_rate":	0,
		"sock_bufsize":	0,
		"sndbuf_actual":	16384,
		"rcvbuf_actual":	131072,
		"test_start":	{
			"protocol":	"TCP",
			"num_streams":	1,
			"blksize":	131072,
			"omit":	0,
			"duration":	10,
			"bytes":	0,
			"blocks":	0,
			"reverse":	0,
			"tos":	0,
			"target_bitrate":	13000000000,
			"bidir":	0,
			"fqrate":	0
		}
	},
	"intervals":	[{
			"streams":	[{
					"socket":	5,
					"start":	0,
					"end":	2.000055,
					"seconds":	2.0000550746917725,
					"bytes":	3224109056,
					"bits_per_second":	12896081100.154169,
					"retransmits":	24,
					"snd_cwnd":	3993406,
					"snd_wnd":	5133184,
					"rtt":	412,
					"rttvar":	139,
					"pmtu":	8946,
					"omitted":	false,
					"sender":	true
				}],
			"sum":	{
				"start":	0,
				"end":	2.000055,
				"seconds":	2.0000550746917725,
				"bytes":	3224109056,
				"bits_per_second":	12896081100.154169,
				"retransmits":	24,
				"omitted":	false,
				"sender":	true
			}
		}, {
			"streams":	[{
					"socket":	5,
					"start":	2.000055,
					"end":	4.000055,
					"seconds":	2,
					"bytes":	3211657216,
					"bits_per_second":	12846628864,
					"retransmits":	20,
					"snd_cwnd":	3993406,
					"snd_wnd":	5220352,
					"rtt":	2230,
					"rttvar":	115,
					"pmtu":	8946,
					"omitted":	false,
					"sender":	true
				}],
			"sum":	{
				"start":	2.000055,
				"end":	4.000055,
				"seconds":	2,
				"bytes":	3211657216,
				"bits_per_second":	12846628864,
				"retransmits":	20,
				"omitted":	false,
				"sender":	true
			}
		}, {
			"streams":	[{
					"socket":	5,
					"start":	4.000055,
					"end":	6.000055,
					"seconds":	2,
					"bytes":	3272605696,
					"bits_per_second":	13090422784,
					"retransmits":	121,
					"snd_cwnd":	2134560,
					"snd_wnd":	5170944,
					"rtt":	656,
					"rttvar":	14,
					"pmtu":	8946,
					"omitted":	false,
					"sender":	true
				}],
			"sum":	{
				"start":	4.000055,
				"end":	6.000055,
				"seconds":	2,
				"bytes":	3272605696,
				"bits_per_second":	13090422784,
				"retransmits":	121,
				"omitted":	false,
				"sender":	true
			}
		}, {
			"streams":	[{
					"socket":	5,
					"start":	6.000055,
					"end":	8.000055,
					"seconds":	2,
					"bytes":	2739011584,
					"bits_per_second":	10956046336,
					"retransmits":	55,
					"snd_cwnd":	2054514,
					"snd_wnd":	5394944,
					"rtt":	1718,
					"rttvar":	377,
					"pmtu":	8946,
					"omitted":	false,
					"sender":	true
				}],
			"sum":	{
				"start":	6.000055,
				"end":	8.000055,
				"seconds":	2,
				"bytes":	2739011584,
				"bits_per_second":	10956046336,
				"retransmits":	55,
				"omitted":	false,
				"sender":	true
			}
		}, {
			"streams":	[{
					"socket":	5,
					"start":	8.000055,
					"end":	10.000183,
					"seconds":	2.0001280307769775,
					"bytes":	3067871232,
					"bits_per_second":	12270699414.409958,
					"retransmits":	316,
					"snd_cwnd":	2374698,
					"snd_wnd":	5394944,
					"rtt":	604,
					"rttvar":	154,
					"pmtu":	8946,
					"omitted":	false,
					"sender":	true
				}],
			"sum":	{
				"start":	8.000055,
				"end":	10.000183,
				"seconds":	2.0001280307769775,
				"bytes":	3067871232,
				"bits_per_second":	12270699414.409958,
				"retransmits":	316,
				"omitted":	false,
				"sender":	true
			}
		}],
	"end":	{
		"streams":	[{
				"sender":	{
					"socket":	5,
					"start":	0,
					"end":	10.000183,
					"seconds":	10.000183,
					"bytes":	15579480064,
					"bits_per_second":	12463355971.785717,
					"retransmits":	536,
					"max_snd_cwnd":	3993406,
					"max_snd_wnd":	5394944,
					"max_rtt":	2230,
					"min_rtt":	412,
					"mean_rtt":	1124,
					"sender":	true
				},
				"receiver":	{
					"socket":	5,
					"start":	0,
					"end":	10.000884,
					"seconds":	10.000183,
					"bytes":	15579480064,
					"bits_per_second":	12462482367.758692,
					"sender":	true
				}
			}],
		"sum_sent":	{
			"start":	0,
			"end":	10.000183,
			"seconds":	10.000183,
			"bytes":	15579480064,
			"bits_per_second":	12463355971.785717,
			"retransmits":	536,
			"sender":	true
		},
		"sum_received":	{
			"start":	0,
			"end":	10.000884,
			"seconds":	10.000884,
			"bytes":	15579480064,
			"bits_per_second":	12462482367.758692,
			"sender":	true
		},
		"cpu_utilization_percent":	{
			"host_total":	87.3751201354396,
			"host_user":	2.7387280661583815,
			"host_system":	84.6363720717049,
			"remote_total":	21.332361419833635,
			"remote_user":	0.86666286700483652,
			"remote_system":	20.465718551048955
		},
		"sender_tcp_congestion":	"cubic",
		"receiver_tcp_congestion":	"cubic"
	}
}
