{
	"start":	{
		"connected":	[{
				"socket":	5,
				"local_host":	"192.0.1.254",
				"local_port":	35762,
				"remote_host":	"192.0.2.254",
				"remote_port":	5201
			}],
		"version":	"iperf 3.16",
		"system_info":	"Linux lab-dd2 6.8.0-100-generic #100-Ubuntu SMP PREEMPT_DYNAMIC Tue Jan 13 16:40:06 UTC 2026 x86_64",
		"timestamp":	{
			"time":	"Thu, 19 Mar 2026 06:19:51 GMT",
			"timesecs":	1773901191
		},
		"connecting_to":	{
			"host":	"192.0.2.254",
			"port":	5201
		},
		"cookie":	"64pixi4apqo2cwpl3daoalgnv6hdiupulnq7",
		"tcp_mss_default":	8894,
		"target_bitrate":	17000000000,
		"fq_rate":	0,
		"sock_bufsize":	0,
		"sndbuf_actual":	16384,
		"rcvbuf_actual":	131072,
		"test_start":	{
			"protocol":	"TCP",
			"num_streams":	1,
			"blksize":	131072,
			"omit":	0,
			"duration":	10,
			"bytes":	0,
			"blocks":	0,
			"reverse":	0,
			"tos":	0,
			"target_bitrate":	17000000000,
			"bidir":	0,
			"fqrate":	0
		}
	},
	"intervals":	[{
			"streams":	[{
					"socket":	5,
					"start":	0,
					"end":	2.000054,
					"seconds":	2.000053882598877,
					"bytes":	4249747456,
					"bits_per_second":	16998531861.463106,
					"retransmits":	173,
					"snd_cwnd":	2801610,
					"snd_wnd":	5084928,
					"rtt":	629,
					"rttvar":	46,
					"pmtu":	8946,
					"omitted":	false,
					"sender":	true
				}],
			"sum":	{
				"start":	0,
				"end":	2.000054,
				"seconds":	2.000053882598877,
				"bytes":	4249747456,
				"bits_per_second":	16998531861.463106,
				"retransmits":	173,
				"omitted":	false,
				"sender":	true
			}
		}, {
			"streams":	[{
					"socket":	5,
					"start":	2.000054,
					"end":	4.000054,
					"seconds":	2,
					"bytes":	4245553152,
					"bits_per_second":	16982212608,
					"retransmits":	132,
					"snd_cwnd":	3219628,
					"snd_wnd":	5455872,
					"rtt":	555,
					"rttvar":	36,
					"pmtu":	8946,
					"omitted":	false,
					"sender":	true
				}],
			"sum":	{
				"start":	2.000054,
				"end":	4.000054,
				"seconds":	2,
				"bytes":	4245553152,
				"bits_per_second":	16982212608,
				"retransmits":	132,
				"omitted":	false,
				"sender":	true
			}
		}, {
			"streams":	[{
					"socket":	5,
					"start":	4.000054,
					"end":	6.000054,
					"seconds":	2,
					"bytes":	4246470656,
					"bits_per_second":	16985882624,
					"retransmits":	5,
					"snd_cwnd":	2348016,
					"snd_wnd":	5098240,
					"rtt":	680,
					"rttvar":	16,
					"pmtu":	8946,
					"omitted":	false,
					"sender":	true
				}],
			"sum":	{
				"start":	4.000054,
				"end":	6.000054,
				"seconds":	2,
				"bytes":	4246470656,
				"bits_per_second":	16985882624,
				"retransmits":	5,
				"omitted":	false,
				"sender":	true
			}
		}, {
			"streams":	[{
					"socket":	5,
					"start":	6.000054,
					"end":	8.000054,
					"seconds":	2,
					"bytes":	4241620992,
					"bits_per_second":	16966483968,
					"retransmits":	13,
					"snd_cwnd":	3095112,
					"snd_wnd":	5394944,
					"rtt":	464,
					"rttvar":	48,
					"pmtu":	8946,
					"omitted":	false,
					"sender":	true
				}],
			"sum":	{
				"start":	6.000054,
				"end":	8.000054,
				"seconds":	2,
				"bytes":	4241620992,
				"bits_per_second":	16966483968,
				"retransmits":	13,
				"omitted":	false,
				"sender":	true
			}
		}, {
			"streams":	[{
					"socket":	5,
					"start":	8.000054,
					"end":	10.000163,
					"seconds":	2.00010895729065,
					"bytes":	4246470656,
					"bits_per_second":	16984957306.535042,
					"retransmits":	5,
					"snd_cwnd":	2285758,
					"snd_wnd":	5101184,
					"rtt":	561,
					"rttvar":	25,
					"pmtu":	8946,
					"omitted":	false,
					"sender":	true
				}],
			"sum":	{
				"start":	8.000054,
				"end":	10.000163,
				"seconds":	2.00010895729065,
				"bytes":	4246470656,
				"bits_per_second":	16984957306.535042,
				"retransmits":	5,
				"omitted":	false,
				"sender":	true
			}
		}],
	"end":	{
		"streams":	[{
				"sender":	{
					"socket":	5,
					"start":	0,
					"end":	10.000163,
					"seconds":	10.000163,
					"bytes":	21249654784,
					"bits_per_second":	16999446736.2182,
					"retransmits":	328,
					"max_snd_cwnd":	3219628,
					"max_snd_wnd":	5455872,
					"max_rtt":	680,
					"min_rtt":	464,
					"mean_rtt":	577,
					"sender":	true
				},
				"receiver":	{
					"socket":	5,
					"start":	0,
					"end":	10.00042,
					"seconds":	10.000163,
					"bytes":	21249523712,
					"bits_per_second":	16998905015.589346,
					"sender":	true
				}
			}],
		"sum_sent":	{
			"start":	0,
			"end":	10.000163,
			"seconds":	10.000163,
			"bytes":	21249654784,
			"bits_per_second":	16999446736.2182,
			"retransmits":	328,
			"sender":	true
		},
		"sum_received":	{
			"start":	0,
			"end":	10.00042,
			"seconds":	10.00042,
			"bytes":	21249523712,
			"bits_per_second":	16998905015.589346,
			"sender":	true
		},
		"cpu_utilization_percent":	{
			"host_total":	96.4773770785539,
			"host_user":	0.91055219062063042,
			"host_system":	95.566814889117126,
			"remote_total":	26.71245136459132,
			"remote_user":	0.9117807934258827,
			"remote_system":	25.80067057116544
		},
		"sender_tcp_congestion":	"cubic",
		"receiver_tcp_congestion":	"cubic"
	}
}
