{
	"start":	{
		"connected":	[{
				"socket":	5,
				"local_host":	"192.0.1.254",
				"local_port":	42804,
				"remote_host":	"192.0.2.254",
				"remote_port":	5201
			}],
		"version":	"iperf 3.16",
		"system_info":	"Linux lab-dd2 6.8.0-100-generic #100-Ubuntu SMP PREEMPT_DYNAMIC Tue Jan 13 16:40:06 UTC 2026 x86_64",
		"timestamp":	{
			"time":	"Thu, 19 Mar 2026 06:07:01 GMT",
			"timesecs":	1773900421
		},
		"connecting_to":	{
			"host":	"192.0.2.254",
			"port":	5201
		},
		"cookie":	"dxm5a7barxjaxgkozi6a5xasmlaw7jfuihjv",
		"tcp_mss_default":	8894,
		"target_bitrate":	9000000000,
		"fq_rate":	0,
		"sock_bufsize":	0,
		"sndbuf_actual":	16384,
		"rcvbuf_actual":	131072,
		"test_start":	{
			"protocol":	"TCP",
			"num_streams":	1,
			"blksize":	131072,
			"omit":	0,
			"duration":	10,
			"bytes":	0,
			"blocks":	0,
			"reverse":	0,
			"tos":	0,
			"target_bitrate":	9000000000,
			"bidir":	0,
			"fqrate":	0
		}
	},
	"intervals":	[{
			"streams":	[{
					"socket":	5,
					"start":	0,
					"end":	2.000056,
					"seconds":	2.0000560283660889,
					"bytes":	2246705152,
					"bits_per_second":	8986568856.61511,
					"retransmits":	134,
					"snd_cwnd":	3166264,
					"snd_wnd":	5368704,
					"rtt":	3479,
					"rttvar":	286,
					"pmtu":	8946,
					"omitted":	false,
					"sender":	true
				}],
			"sum":	{
				"start":	0,
				"end":	2.000056,
				"seconds":	2.0000560283660889,
				"bytes":	2246705152,
				"bits_per_second":	8986568856.61511,
				"retransmits":	134,
				"omitted":	false,
				"sender":	true
			}
		}, {
			"streams":	[{
					"socket":	5,
					"start":	2.000056,
					"end":	4.000056,
					"seconds":	2,
					"bytes":	2252865536,
					"bits_per_second":	9011462144,
					"retransmits":	29,
					"snd_cwnd":	3166264,
					"snd_wnd":	5429760,
					"rtt":	2043,
					"rttvar":	63,
					"pmtu":	8946,
					"omitted":	false,
					"sender":	true
				}],
			"sum":	{
				"start":	2.000056,
				"end":	4.000056,
				"seconds":	2,
				"bytes":	2252865536,
				"bits_per_second":	9011462144,
				"retransmits":	29,
				"omitted":	false,
				"sender":	true
			}
		}, {
			"streams":	[{
					"socket":	5,
					"start":	4.000056,
					"end":	6.00006,
					"seconds":	2.0000040531158447,
					"bytes":	2250244096,
					"bits_per_second":	9000958143.0369663,
					"retransmits":	39,
					"snd_cwnd":	2161242,
					"snd_wnd":	5229056,
					"rtt":	1625,
					"rttvar":	158,
					"pmtu":	8946,
					"omitted":	false,
					"sender":	true
				}],
			"sum":	{
				"start":	4.000056,
				"end":	6.00006,
				"seconds":	2.0000040531158447,
				"bytes":	2250244096,
				"bits_per_second":	9000958143.0369663,
				"retransmits":	39,
				"omitted":	false,
				"sender":	true
			}
		}, {
			"streams":	[{
					"socket":	5,
					"start":	6.00006,
					"end":	8.000058,
					"seconds":	1.9999979734420776,
					"bytes":	2249588736,
					"bits_per_second":	8998364061.85299,
					"retransmits":	55,
					"snd_cwnd":	2570366,
					"snd_wnd":	5455872,
					"rtt":	832,
					"rttvar":	127,
					"pmtu":	8946,
					"omitted":	false,
					"sender":	true
				}],
			"sum":	{
				"start":	6.00006,
				"end":	8.000058,
				"seconds":	1.9999979734420776,
				"bytes":	2249588736,
				"bits_per_second":	8998364061.85299,
				"retransmits":	55,
				"omitted":	false,
				"sender":	true
			}
		}, {
			"streams":	[{
					"socket":	5,
					"start":	8.000058,
					"end":	10.000282,
					"seconds":	2.0002241134643555,
					"bytes":	2250113024,
					"bits_per_second":	8999443647.7534142,
					"retransmits":	155,
					"snd_cwnd":	2917232,
					"snd_wnd":	5412224,
					"rtt":	820,
					"rttvar":	211,
					"pmtu":	8946,
					"omitted":	false,
					"sender":	true
				}],
			"sum":	{
				"start":	8.000058,
				"end":	10.000282,
				"seconds":	2.0002241134643555,
				"bytes":	2250113024,
				"bits_per_second":	8999443647.7534142,
				"retransmits":	155,
				"omitted":	false,
				"sender":	true
			}
		}],
	"end":	{
		"streams":	[{
				"sender":	{
					"socket":	5,
					"start":	0,
					"end":	10.000282,
					"seconds":	10.000282,
					"bytes":	11249516544,
					"bits_per_second":	8999359453.26342,
					"retransmits":	412,
					"max_snd_cwnd":	3166264,
					"max_snd_wnd":	5455872,
					"max_rtt":	3479,
					"min_rtt":	820,
					"mean_rtt":	1759,
					"sender":	true
				},
				"receiver":	{
					"socket":	5,
					"start":	0,
					"end":	10.000675,
					"seconds":	10.000282,
					"bytes":	11249385472,
					"bits_per_second":	8998900951.7857552,
					"sender":	true
				}
			}],
		"sum_sent":	{
			"start":	0,
			"end":	10.000282,
			"seconds":	10.000282,
			"bytes":	11249516544,
			"bits_per_second":	8999359453.26342,
			"retransmits":	412,
			"sender":	true
		},
		"sum_received":	{
			"start":	0,
			"end":	10.000675,
			"seconds":	10.000675,
			"bytes":	11249385472,
			"bits_per_second":	8998900951.7857552,
			"sender":	true
		},
		"cpu_utilization_percent":	{
			"host_total":	92.5372040444213,
			"host_user":	17.400272283731809,
			"host_system":	75.13695175802583,
			"remote_total":	16.42172690084384,
			"remote_user":	0.098043235016783831,
			"remote_system":	16.323683665827058
		},
		"sender_tcp_congestion":	"cubic",
		"receiver_tcp_congestion":	"cubic"
	}
}
