{
	"start":	{
		"connected":	[{
				"socket":	5,
				"local_host":	"192.0.1.254",
				"local_port":	40906,
				"remote_host":	"192.0.2.254",
				"remote_port":	5201
			}],
		"version":	"iperf 3.16",
		"system_info":	"Linux lab-dd2 6.8.0-100-generic #100-Ubuntu SMP PREEMPT_DYNAMIC Tue Jan 13 16:40:06 UTC 2026 x86_64",
		"timestamp":	{
			"time":	"Thu, 19 Mar 2026 06:20:01 GMT",
			"timesecs":	1773901201
		},
		"connecting_to":	{
			"host":	"192.0.2.254",
			"port":	5201
		},
		"cookie":	"m2srhnxyefsrcc4pnypgjrmiwgfjwc7se3iz",
		"tcp_mss_default":	8894,
		"target_bitrate":	17000000000,
		"fq_rate":	0,
		"sock_bufsize":	0,
		"sndbuf_actual":	16384,
		"rcvbuf_actual":	131072,
		"test_start":	{
			"protocol":	"TCP",
			"num_streams":	1,
			"blksize":	131072,
			"omit":	0,
			"duration":	10,
			"bytes":	0,
			"blocks":	0,
			"reverse":	0,
			"tos":	0,
			"target_bitrate":	17000000000,
			"bidir":	0,
			"fqrate":	0
		}
	},
	"intervals":	[{
			"streams":	[{
					"socket":	5,
					"start":	0,
					"end":	2.000056,
					"seconds":	2.0000560283660889,
					"bytes":	4248436736,
					"bits_per_second":	16993270891.398726,
					"retransmits":	155,
					"snd_cwnd":	3015066,
					"snd_wnd":	5394944,
					"rtt":	183,
					"rttvar":	30,
					"pmtu":	8946,
					"omitted":	false,
					"sender":	true
				}],
			"sum":	{
				"start":	0,
				"end":	2.000056,
				"seconds":	2.0000560283660889,
				"bytes":	4248436736,
				"bits_per_second":	16993270891.398726,
				"retransmits":	155,
				"omitted":	false,
				"sender":	true
			}
		}, {
			"streams":	[{
					"socket":	5,
					"start":	2.000056,
					"end":	4.00006,
					"seconds":	2.0000040531158447,
					"bytes":	4141481984,
					"bits_per_second":	16565894364.255535,
					"retransmits":	44,
					"snd_cwnd":	3379720,
					"snd_wnd":	5281408,
					"rtt":	2327,
					"rttvar":	159,
					"pmtu":	8946,
					"omitted":	false,
					"sender":	true
				}],
			"sum":	{
				"start":	2.000056,
				"end":	4.00006,
				"seconds":	2.0000040531158447,
				"bytes":	4141481984,
				"bits_per_second":	16565894364.255535,
				"retransmits":	44,
				"omitted":	false,
				"sender":	true
			}
		}, {
			"streams":	[{
					"socket":	5,
					"start":	4.00006,
					"end":	6.00006,
					"seconds":	2,
					"bytes":	4305715200,
					"bits_per_second":	17222860800,
					"retransmits":	16,
					"snd_cwnd":	3495342,
					"snd_wnd":	5220352,
					"rtt":	1469,
					"rttvar":	455,
					"pmtu":	8946,
					"omitted":	false,
					"sender":	true
				}],
			"sum":	{
				"start":	4.00006,
				"end":	6.00006,
				"seconds":	2,
				"bytes":	4305715200,
				"bits_per_second":	17222860800,
				"retransmits":	16,
				"omitted":	false,
				"sender":	true
			}
		}, {
			"streams":	[{
					"socket":	5,
					"start":	6.00006,
					"end":	8.000059,
					"seconds":	1.9999990463256836,
					"bytes":	4276879360,
					"bits_per_second":	17107525597.503889,
					"retransmits":	23,
					"snd_cwnd":	2143454,
					"snd_wnd":	5159296,
					"rtt":	822,
					"rttvar":	33,
					"pmtu":	8946,
					"omitted":	false,
					"sender":	true
				}],
			"sum":	{
				"start":	6.00006,
				"end":	8.000059,
				"seconds":	1.9999990463256836,
				"bytes":	4276879360,
				"bits_per_second":	17107525597.503889,
				"retransmits":	23,
				"omitted":	false,
				"sender":	true
			}
		}, {
			"streams":	[{
					"socket":	5,
					"start":	8.000059,
					"end":	10.00029,
					"seconds":	2.00023102760315,
					"bytes":	3740401664,
					"bits_per_second":	14959878583.553719,
					"retransmits":	30,
					"snd_cwnd":	3130688,
					"snd_wnd":	5281408,
					"rtt":	2095,
					"rttvar":	102,
					"pmtu":	8946,
					"omitted":	false,
					"sender":	true
				}],
			"sum":	{
				"start":	8.000059,
				"end":	10.00029,
				"seconds":	2.00023102760315,
				"bytes":	3740401664,
				"bits_per_second":	14959878583.553719,
				"retransmits":	30,
				"omitted":	false,
				"sender":	true
			}
		}],
	"end":	{
		"streams":	[{
				"sender":	{
					"socket":	5,
					"start":	0,
					"end":	10.00029,
					"seconds":	10.00029,
					"bytes":	20734935040,
					"bits_per_second":	16587466995.457132,
					"retransmits":	268,
					"max_snd_cwnd":	3495342,
					"max_snd_wnd":	5394944,
					"max_rtt":	2327,
					"min_rtt":	183,
					"mean_rtt":	1379,
					"sender":	true
				},
				"receiver":	{
					"socket":	5,
					"start":	0,
					"end":	10.001688,
					"seconds":	10.00029,
					"bytes":	20734935040,
					"bits_per_second":	16585148458.940132,
					"sender":	true
				}
			}],
		"sum_sent":	{
			"start":	0,
			"end":	10.00029,
			"seconds":	10.00029,
			"bytes":	20734935040,
			"bits_per_second":	16587466995.457132,
			"retransmits":	268,
			"sender":	true
		},
		"sum_received":	{
			"start":	0,
			"end":	10.001688,
			"seconds":	10.001688,
			"bytes":	20734935040,
			"bits_per_second":	16585148458.940132,
			"sender":	true
		},
		"cpu_utilization_percent":	{
			"host_total":	95.0287513689759,
			"host_user":	0.77192593726543179,
			"host_system":	94.256805433888246,
			"remote_total":	26.316070478910209,
			"remote_user":	1.0357552680862738,
			"remote_system":	25.280335207450506
		},
		"sender_tcp_congestion":	"cubic",
		"receiver_tcp_congestion":	"cubic"
	}
}
