{
	"start":	{
		"connected":	[{
				"socket":	5,
				"local_host":	"192.0.1.254",
				"local_port":	57888,
				"remote_host":	"192.0.2.254",
				"remote_port":	5201
			}],
		"version":	"iperf 3.16",
		"system_info":	"Linux lab-dd2 6.8.0-100-generic #100-Ubuntu SMP PREEMPT_DYNAMIC Tue Jan 13 16:40:06 UTC 2026 x86_64",
		"timestamp":	{
			"time":	"Thu, 19 Mar 2026 06:14:41 GMT",
			"timesecs":	1773900881
		},
		"connecting_to":	{
			"host":	"192.0.2.254",
			"port":	5201
		},
		"cookie":	"4jqkfcrhqvecret55ri3kzia5c5dgyt532uh",
		"tcp_mss_default":	8894,
		"target_bitrate":	14000000000,
		"fq_rate":	0,
		"sock_bufsize":	0,
		"sndbuf_actual":	16384,
		"rcvbuf_actual":	131072,
		"test_start":	{
			"protocol":	"TCP",
			"num_streams":	1,
			"blksize":	131072,
			"omit":	0,
			"duration":	10,
			"bytes":	0,
			"blocks":	0,
			"reverse":	0,
			"tos":	0,
			"target_bitrate":	14000000000,
			"bidir":	0,
			"fqrate":	0
		}
	},
	"intervals":	[{
			"streams":	[{
					"socket":	5,
					"start":	0,
					"end":	2.000058,
					"seconds":	2.0000579357147217,
					"bytes":	3321626624,
					"bits_per_second":	13286121625.523872,
					"retransmits":	293,
					"snd_cwnd":	3095112,
					"snd_wnd":	5333888,
					"rtt":	1135,
					"rttvar":	412,
					"pmtu":	8946,
					"omitted":	false,
					"sender":	true
				}],
			"sum":	{
				"start":	0,
				"end":	2.000058,
				"seconds":	2.0000579357147217,
				"bytes":	3321626624,
				"bits_per_second":	13286121625.523872,
				"retransmits":	293,
				"omitted":	false,
				"sender":	true
			}
		}, {
			"streams":	[{
					"socket":	5,
					"start":	2.000058,
					"end":	4.000058,
					"seconds":	2,
					"bytes":	3147431936,
					"bits_per_second":	12589727744,
					"retransmits":	116,
					"snd_cwnd":	3184052,
					"snd_wnd":	5394944,
					"rtt":	2199,
					"rttvar":	127,
					"pmtu":	8946,
					"omitted":	false,
					"sender":	true
				}],
			"sum":	{
				"start":	2.000058,
				"end":	4.000058,
				"seconds":	2,
				"bytes":	3147431936,
				"bits_per_second":	12589727744,
				"retransmits":	116,
				"omitted":	false,
				"sender":	true
			}
		}, {
			"streams":	[{
					"socket":	5,
					"start":	4.000058,
					"end":	6.000058,
					"seconds":	2,
					"bytes":	3478913024,
					"bits_per_second":	13915652096,
					"retransmits":	27,
					"snd_cwnd":	3806632,
					"snd_wnd":	5159296,
					"rtt":	490,
					"rttvar":	47,
					"pmtu":	8946,
					"omitted":	false,
					"sender":	true
				}],
			"sum":	{
				"start":	4.000058,
				"end":	6.000058,
				"seconds":	2,
				"bytes":	3478913024,
				"bits_per_second":	13915652096,
				"retransmits":	27,
				"omitted":	false,
				"sender":	true
			}
		}, {
			"streams":	[{
					"socket":	5,
					"start":	6.000058,
					"end":	8.000058,
					"seconds":	2,
					"bytes":	4003201024,
					"bits_per_second":	16012804096,
					"retransmits":	5,
					"snd_cwnd":	3806632,
					"snd_wnd":	5229056,
					"rtt":	2291,
					"rttvar":	190,
					"pmtu":	8946,
					"omitted":	false,
					"sender":	true
				}],
			"sum":	{
				"start":	6.000058,
				"end":	8.000058,
				"seconds":	2,
				"bytes":	4003201024,
				"bits_per_second":	16012804096,
				"retransmits":	5,
				"omitted":	false,
				"sender":	true
			}
		}, {
			"streams":	[{
					"socket":	5,
					"start":	8.000058,
					"end":	10.000209,
					"seconds":	2.0001509189605713,
					"bytes":	3102736384,
					"bits_per_second":	12410009083.164244,
					"retransmits":	22,
					"snd_cwnd":	3975618,
					"snd_wnd":	5246592,
					"rtt":	398,
					"rttvar":	135,
					"pmtu":	8946,
					"omitted":	false,
					"sender":	true
				}],
			"sum":	{
				"start":	8.000058,
				"end":	10.000209,
				"seconds":	2.0001509189605713,
				"bytes":	3102736384,
				"bits_per_second":	12410009083.164244,
				"retransmits":	22,
				"omitted":	false,
				"sender":	true
			}
		}],
	"end":	{
		"streams":	[{
				"sender":	{
					"socket":	5,
					"start":	0,
					"end":	10.000209,
					"seconds":	10.000209,
					"bytes":	17082482688,
					"bits_per_second":	13665700537.258772,
					"retransmits":	463,
					"max_snd_cwnd":	3975618,
					"max_snd_wnd":	5394944,
					"max_rtt":	2291,
					"min_rtt":	398,
					"mean_rtt":	1302,
					"sender":	true
				},
				"receiver":	{
					"socket":	5,
					"start":	0,
					"end":	10.000447,
					"seconds":	10.000209,
					"bytes":	17082482688,
					"bits_per_second":	13665375308.123728,
					"sender":	true
				}
			}],
		"sum_sent":	{
			"start":	0,
			"end":	10.000209,
			"seconds":	10.000209,
			"bytes":	17082482688,
			"bits_per_second":	13665700537.258772,
			"retransmits":	463,
			"sender":	true
		},
		"sum_received":	{
			"start":	0,
			"end":	10.000447,
			"seconds":	10.000447,
			"bytes":	17082482688,
			"bits_per_second":	13665375308.123728,
			"sender":	true
		},
		"cpu_utilization_percent":	{
			"host_total":	88.7128008611617,
			"host_user":	2.5791256281386938,
			"host_system":	86.1336652343968,
			"remote_total":	22.455583779821261,
			"remote_user":	0.885389537698127,
			"remote_system":	21.570204241666154
		},
		"sender_tcp_congestion":	"cubic",
		"receiver_tcp_congestion":	"cubic"
	}
}
