{
	"start":	{
		"connected":	[{
				"socket":	5,
				"local_host":	"192.0.1.254",
				"local_port":	36646,
				"remote_host":	"192.0.2.254",
				"remote_port":	5201
			}],
		"version":	"iperf 3.16",
		"system_info":	"Linux lab-dd2 6.8.0-100-generic #100-Ubuntu SMP PREEMPT_DYNAMIC Tue Jan 13 16:40:06 UTC 2026 x86_64",
		"timestamp":	{
			"time":	"Thu, 19 Mar 2026 06:10:21 GMT",
			"timesecs":	1773900621
		},
		"connecting_to":	{
			"host":	"192.0.2.254",
			"port":	5201
		},
		"cookie":	"oxckueemzhfitkrcw5l3ccpx2wlbfsicra6s",
		"tcp_mss_default":	8894,
		"target_bitrate":	11000000000,
		"fq_rate":	0,
		"sock_bufsize":	0,
		"sndbuf_actual":	16384,
		"rcvbuf_actual":	131072,
		"test_start":	{
			"protocol":	"TCP",
			"num_streams":	1,
			"blksize":	131072,
			"omit":	0,
			"duration":	10,
			"bytes":	0,
			"blocks":	0,
			"reverse":	0,
			"tos":	0,
			"target_bitrate":	11000000000,
			"bidir":	0,
			"fqrate":	0
		}
	},
	"intervals":	[{
			"streams":	[{
					"socket":	5,
					"start":	0,
					"end":	2.000041,
					"seconds":	2.0000410079956055,
					"bytes":	2747793408,
					"bits_per_second":	10990948273.620749,
					"retransmits":	0,
					"snd_cwnd":	3984512,
					"snd_wnd":	5220352,
					"rtt":	845,
					"rttvar":	355,
					"pmtu":	8946,
					"omitted":	false,
					"sender":	true
				}],
			"sum":	{
				"start":	0,
				"end":	2.000041,
				"seconds":	2.0000410079956055,
				"bytes":	2747793408,
				"bits_per_second":	10990948273.620749,
				"retransmits":	0,
				"omitted":	false,
				"sender":	true
			}
		}, {
			"streams":	[{
					"socket":	5,
					"start":	2.000041,
					"end":	4.000042,
					"seconds":	2.0000009536743164,
					"bytes":	2749890560,
					"bits_per_second":	10999556995.0025,
					"retransmits":	228,
					"snd_cwnd":	3984512,
					"snd_wnd":	5394944,
					"rtt":	458,
					"rttvar":	75,
					"pmtu":	8946,
					"omitted":	false,
					"sender":	true
				}],
			"sum":	{
				"start":	2.000041,
				"end":	4.000042,
				"seconds":	2.0000009536743164,
				"bytes":	2749890560,
				"bits_per_second":	10999556995.0025,
				"retransmits":	228,
				"omitted":	false,
				"sender":	true
			}
		}, {
			"streams":	[{
					"socket":	5,
					"start":	4.000042,
					"end":	6.000041,
					"seconds":	1.9999990463256836,
					"bytes":	2748973056,
					"bits_per_second":	10995897467.2525,
					"retransmits":	168,
					"snd_cwnd":	3192946,
					"snd_wnd":	5394944,
					"rtt":	1472,
					"rttvar":	137,
					"pmtu":	8946,
					"omitted":	false,
					"sender":	true
				}],
			"sum":	{
				"start":	4.000042,
				"end":	6.000041,
				"seconds":	1.9999990463256836,
				"bytes":	2748973056,
				"bits_per_second":	10995897467.2525,
				"retransmits":	168,
				"omitted":	false,
				"sender":	true
			}
		}, {
			"streams":	[{
					"socket":	5,
					"start":	6.000041,
					"end":	8.000042,
					"seconds":	2.0000009536743164,
					"bytes":	2748841984,
					"bits_per_second":	10995362693.0025,
					"retransmits":	54,
					"snd_cwnd":	3272992,
					"snd_wnd":	5447936,
					"rtt":	431,
					"rttvar":	79,
					"pmtu":	8946,
					"omitted":	false,
					"sender":	true
				}],
			"sum":	{
				"start":	6.000041,
				"end":	8.000042,
				"seconds":	2.0000009536743164,
				"bytes":	2748841984,
				"bits_per_second":	10995362693.0025,
				"retransmits":	54,
				"omitted":	false,
				"sender":	true
			}
		}, {
			"streams":	[{
					"socket":	5,
					"start":	8.000042,
					"end":	10.000295,
					"seconds":	2.0002529621124268,
					"bytes":	2750021632,
					"bits_per_second":	10998695401.388662,
					"retransmits":	34,
					"snd_cwnd":	3833314,
					"snd_wnd":	5301888,
					"rtt":	435,
					"rttvar":	72,
					"pmtu":	8946,
					"omitted":	false,
					"sender":	true
				}],
			"sum":	{
				"start":	8.000042,
				"end":	10.000295,
				"seconds":	2.0002529621124268,
				"bytes":	2750021632,
				"bits_per_second":	10998695401.388662,
				"retransmits":	34,
				"omitted":	false,
				"sender":	true
			}
		}],
	"end":	{
		"streams":	[{
				"sender":	{
					"socket":	5,
					"start":	0,
					"end":	10.000295,
					"seconds":	10.000295,
					"bytes":	13748797440,
					"bits_per_second":	10998713489.952047,
					"retransmits":	484,
					"max_snd_cwnd":	3984512,
					"max_snd_wnd":	5447936,
					"max_rtt":	1472,
					"min_rtt":	431,
					"mean_rtt":	728,
					"sender":	true
				},
				"receiver":	{
					"socket":	5,
					"start":	0,
					"end":	10.000442,
					"seconds":	10.000295,
					"bytes":	13748797440,
					"bits_per_second":	10998551816.009733,
					"sender":	true
				}
			}],
		"sum_sent":	{
			"start":	0,
			"end":	10.000295,
			"seconds":	10.000295,
			"bytes":	13748797440,
			"bits_per_second":	10998713489.952047,
			"retransmits":	484,
			"sender":	true
		},
		"sum_received":	{
			"start":	0,
			"end":	10.000442,
			"seconds":	10.000442,
			"bytes":	13748797440,
			"bits_per_second":	10998551816.009733,
			"sender":	true
		},
		"cpu_utilization_percent":	{
			"host_total":	93.881771595351466,
			"host_user":	47.397045594682979,
			"host_system":	46.484735999129732,
			"remote_total":	18.775721337395549,
			"remote_user":	0.41277134273530836,
			"remote_system":	18.36296999375628
		},
		"sender_tcp_congestion":	"cubic",
		"receiver_tcp_congestion":	"cubic"
	}
}
