{
	"start":	{
		"connected":	[{
				"socket":	5,
				"local_host":	"192.0.1.254",
				"local_port":	40800,
				"remote_host":	"192.0.2.254",
				"remote_port":	5201
			}],
		"version":	"iperf 3.16",
		"system_info":	"Linux lab-dd2 6.8.0-100-generic #100-Ubuntu SMP PREEMPT_DYNAMIC Tue Jan 13 16:40:06 UTC 2026 x86_64",
		"timestamp":	{
			"time":	"Thu, 19 Mar 2026 06:18:01 GMT",
			"timesecs":	1773901081
		},
		"connecting_to":	{
			"host":	"192.0.2.254",
			"port":	5201
		},
		"cookie":	"ka34fbl6djwj5n66si2mgxbhiosxiappsc7h",
		"tcp_mss_default":	8894,
		"target_bitrate":	16000000000,
		"fq_rate":	0,
		"sock_bufsize":	0,
		"sndbuf_actual":	16384,
		"rcvbuf_actual":	131072,
		"test_start":	{
			"protocol":	"TCP",
			"num_streams":	1,
			"blksize":	131072,
			"omit":	0,
			"duration":	10,
			"bytes":	0,
			"blocks":	0,
			"reverse":	0,
			"tos":	0,
			"target_bitrate":	16000000000,
			"bidir":	0,
			"fqrate":	0
		}
	},
	"intervals":	[{
			"streams":	[{
					"socket":	5,
					"start":	0,
					"end":	2.000056,
					"seconds":	2.0000560283660889,
					"bytes":	3996778496,
					"bits_per_second":	15986666130.608747,
					"retransmits":	4,
					"snd_cwnd":	3361932,
					"snd_wnd":	5333888,
					"rtt":	331,
					"rttvar":	86,
					"pmtu":	8946,
					"omitted":	false,
					"sender":	true
				}],
			"sum":	{
				"start":	0,
				"end":	2.000056,
				"seconds":	2.0000560283660889,
				"bytes":	3996778496,
				"bits_per_second":	15986666130.608747,
				"retransmits":	4,
				"omitted":	false,
				"sender":	true
			}
		}, {
			"streams":	[{
					"socket":	5,
					"start":	2.000056,
					"end":	4.000056,
					"seconds":	2,
					"bytes":	3317170176,
					"bits_per_second":	13268680704,
					"retransmits":	3,
					"snd_cwnd":	3806632,
					"snd_wnd":	5394944,
					"rtt":	1326,
					"rttvar":	734,
					"pmtu":	8946,
					"omitted":	false,
					"sender":	true
				}],
			"sum":	{
				"start":	2.000056,
				"end":	4.000056,
				"seconds":	2,
				"bytes":	3317170176,
				"bits_per_second":	13268680704,
				"retransmits":	3,
				"omitted":	false,
				"sender":	true
			}
		}, {
			"streams":	[{
					"socket":	5,
					"start":	4.000056,
					"end":	6.000055,
					"seconds":	1.9999990463256836,
					"bytes":	3185311744,
					"bits_per_second":	12741253051.5029,
					"retransmits":	164,
					"snd_cwnd":	2677094,
					"snd_wnd":	5290112,
					"rtt":	1590,
					"rttvar":	82,
					"pmtu":	8946,
					"omitted":	false,
					"sender":	true
				}],
			"sum":	{
				"start":	4.000056,
				"end":	6.000055,
				"seconds":	1.9999990463256836,
				"bytes":	3185311744,
				"bits_per_second":	12741253051.5029,
				"retransmits":	164,
				"omitted":	false,
				"sender":	true
			}
		}, {
			"streams":	[{
					"socket":	5,
					"start":	6.000055,
					"end":	8.000055,
					"seconds":	2,
					"bytes":	3111911424,
					"bits_per_second":	12447645696,
					"retransmits":	103,
					"snd_cwnd":	3032854,
					"snd_wnd":	5342464,
					"rtt":	920,
					"rttvar":	688,
					"pmtu":	8946,
					"omitted":	false,
					"sender":	true
				}],
			"sum":	{
				"start":	6.000055,
				"end":	8.000055,
				"seconds":	2,
				"bytes":	3111911424,
				"bits_per_second":	12447645696,
				"retransmits":	103,
				"omitted":	false,
				"sender":	true
			}
		}, {
			"streams":	[{
					"socket":	5,
					"start":	8.000055,
					"end":	10.000186,
					"seconds":	2.0001308917999268,
					"bytes":	3235250176,
					"bits_per_second":	12940153823.987324,
					"retransmits":	62,
					"snd_cwnd":	3806632,
					"snd_wnd":	5447040,
					"rtt":	337,
					"rttvar":	92,
					"pmtu":	8946,
					"omitted":	false,
					"sender":	true
				}],
			"sum":	{
				"start":	8.000055,
				"end":	10.000186,
				"seconds":	2.0001308917999268,
				"bytes":	3235250176,
				"bits_per_second":	12940153823.987324,
				"retransmits":	62,
				"omitted":	false,
				"sender":	true
			}
		}],
	"end":	{
		"streams":	[{
				"sender":	{
					"socket":	5,
					"start":	0,
					"end":	10.000186,
					"seconds":	10.000186,
					"bytes":	16888233984,
					"bits_per_second":	13510335894.952354,
					"retransmits":	336,
					"max_snd_cwnd":	3806632,
					"max_snd_wnd":	5447040,
					"max_rtt":	1590,
					"min_rtt":	331,
					"mean_rtt":	900,
					"sender":	true
				},
				"receiver":	{
					"socket":	5,
					"start":	0,
					"end":	10.000457,
					"seconds":	10.000186,
					"bytes":	16888233984,
					"bits_per_second":	13509969781.58098,
					"sender":	true
				}
			}],
		"sum_sent":	{
			"start":	0,
			"end":	10.000186,
			"seconds":	10.000186,
			"bytes":	16888233984,
			"bits_per_second":	13510335894.952354,
			"retransmits":	336,
			"sender":	true
		},
		"sum_received":	{
			"start":	0,
			"end":	10.000457,
			"seconds":	10.000457,
			"bytes":	16888233984,
			"bits_per_second":	13509969781.58098,
			"sender":	true
		},
		"cpu_utilization_percent":	{
			"host_total":	91.547794264688235,
			"host_user":	2.0565932088149421,
			"host_system":	89.4912010558733,
			"remote_total":	21.962326555582511,
			"remote_user":	1.0899092102308032,
			"remote_system":	20.872427344885729
		},
		"sender_tcp_congestion":	"cubic",
		"receiver_tcp_congestion":	"cubic"
	}
}
