{
	"start":	{
		"connected":	[{
				"socket":	5,
				"local_host":	"192.0.1.254",
				"local_port":	40402,
				"remote_host":	"192.0.2.254",
				"remote_port":	5201
			}],
		"version":	"iperf 3.16",
		"system_info":	"Linux lab-dd2 6.8.0-100-generic #100-Ubuntu SMP PREEMPT_DYNAMIC Tue Jan 13 16:40:06 UTC 2026 x86_64",
		"timestamp":	{
			"time":	"Thu, 19 Mar 2026 06:04:51 GMT",
			"timesecs":	1773900291
		},
		"connecting_to":	{
			"host":	"192.0.2.254",
			"port":	5201
		},
		"cookie":	"5ddhinj5xsrcqrofv35q2extpin6loxifsvh",
		"tcp_mss_default":	8894,
		"target_bitrate":	8000000000,
		"fq_rate":	0,
		"sock_bufsize":	0,
		"sndbuf_actual":	16384,
		"rcvbuf_actual":	131072,
		"test_start":	{
			"protocol":	"TCP",
			"num_streams":	1,
			"blksize":	131072,
			"omit":	0,
			"duration":	10,
			"bytes":	0,
			"blocks":	0,
			"reverse":	0,
			"tos":	0,
			"target_bitrate":	8000000000,
			"bidir":	0,
			"fqrate":	0
		}
	},
	"intervals":	[{
			"streams":	[{
					"socket":	5,
					"start":	0,
					"end":	2.000055,
					"seconds":	2.0000550746917725,
					"bytes":	1999110144,
					"bits_per_second":	7996220381.3135777,
					"retransmits":	33,
					"snd_cwnd":	3806632,
					"snd_wnd":	5455872,
					"rtt":	774,
					"rttvar":	67,
					"pmtu":	8946,
					"omitted":	false,
					"sender":	true
				}],
			"sum":	{
				"start":	0,
				"end":	2.000055,
				"seconds":	2.0000550746917725,
				"bytes":	1999110144,
				"bits_per_second":	7996220381.3135777,
				"retransmits":	33,
				"omitted":	false,
				"sender":	true
			}
		}, {
			"streams":	[{
					"socket":	5,
					"start":	2.000055,
					"end":	4.000055,
					"seconds":	2,
					"bytes":	1859780608,
					"bits_per_second":	7439122432,
					"retransmits":	16,
					"snd_cwnd":	3984512,
					"snd_wnd":	5333888,
					"rtt":	2199,
					"rttvar":	199,
					"pmtu":	8946,
					"omitted":	false,
					"sender":	true
				}],
			"sum":	{
				"start":	2.000055,
				"end":	4.000055,
				"seconds":	2,
				"bytes":	1859780608,
				"bits_per_second":	7439122432,
				"retransmits":	16,
				"omitted":	false,
				"sender":	true
			}
		}, {
			"streams":	[{
					"socket":	5,
					"start":	4.000055,
					"end":	6.000056,
					"seconds":	2.0000009536743164,
					"bytes":	2140930048,
					"bits_per_second":	8563716108.5019474,
					"retransmits":	139,
					"snd_cwnd":	3833314,
					"snd_wnd":	5394944,
					"rtt":	595,
					"rttvar":	79,
					"pmtu":	8946,
					"omitted":	false,
					"sender":	true
				}],
			"sum":	{
				"start":	4.000055,
				"end":	6.000056,
				"seconds":	2.0000009536743164,
				"bytes":	2140930048,
				"bits_per_second":	8563716108.5019474,
				"retransmits":	139,
				"omitted":	false,
				"sender":	true
			}
		}, {
			"streams":	[{
					"socket":	5,
					"start":	6.000056,
					"end":	8.000055,
					"seconds":	1.9999990463256836,
					"bytes":	2000158720,
					"bits_per_second":	8000638695.00182,
					"retransmits":	106,
					"snd_cwnd":	2428062,
					"snd_wnd":	5394944,
					"rtt":	542,
					"rttvar":	68,
					"pmtu":	8946,
					"omitted":	false,
					"sender":	true
				}],
			"sum":	{
				"start":	6.000056,
				"end":	8.000055,
				"seconds":	1.9999990463256836,
				"bytes":	2000158720,
				"bits_per_second":	8000638695.00182,
				"retransmits":	106,
				"omitted":	false,
				"sender":	true
			}
		}, {
			"streams":	[{
					"socket":	5,
					"start":	8.000055,
					"end":	10.000191,
					"seconds":	2.0001358985900879,
					"bytes":	1999241216,
					"bits_per_second":	7996421512.79533,
					"retransmits":	18,
					"snd_cwnd":	2392486,
					"snd_wnd":	5455872,
					"rtt":	917,
					"rttvar":	88,
					"pmtu":	8946,
					"omitted":	false,
					"sender":	true
				}],
			"sum":	{
				"start":	8.000055,
				"end":	10.000191,
				"seconds":	2.0001358985900879,
				"bytes":	1999241216,
				"bits_per_second":	7996421512.79533,
				"retransmits":	18,
				"omitted":	false,
				"sender":	true
			}
		}],
	"end":	{
		"streams":	[{
				"sender":	{
					"socket":	5,
					"start":	0,
					"end":	10.000191,
					"seconds":	10.000191,
					"bytes":	9999220736,
					"bits_per_second":	7999223803.62535,
					"retransmits":	312,
					"max_snd_cwnd":	3984512,
					"max_snd_wnd":	5455872,
					"max_rtt":	2199,
					"min_rtt":	542,
					"mean_rtt":	1005,
					"sender":	true
				},
				"receiver":	{
					"socket":	5,
					"start":	0,
					"end":	10.000314,
					"seconds":	10.000191,
					"bytes":	9999220736,
					"bits_per_second":	7999125416.26193,
					"sender":	true
				}
			}],
		"sum_sent":	{
			"start":	0,
			"end":	10.000191,
			"seconds":	10.000191,
			"bytes":	9999220736,
			"bits_per_second":	7999223803.62535,
			"retransmits":	312,
			"sender":	true
		},
		"sum_received":	{
			"start":	0,
			"end":	10.000314,
			"seconds":	10.000314,
			"bytes":	9999220736,
			"bits_per_second":	7999125416.26193,
			"sender":	true
		},
		"cpu_utilization_percent":	{
			"host_total":	90.434999367070759,
			"host_user":	14.884695890999385,
			"host_system":	75.5503134749535,
			"remote_total":	14.780658150544292,
			"remote_user":	0.11220634207324842,
			"remote_system":	14.668481807493075
		},
		"sender_tcp_congestion":	"cubic",
		"receiver_tcp_congestion":	"cubic"
	}
}
