{
	"start":	{
		"connected":	[{
				"socket":	5,
				"local_host":	"192.0.1.254",
				"local_port":	34882,
				"remote_host":	"192.0.2.254",
				"remote_port":	5201
			}],
		"version":	"iperf 3.16",
		"system_info":	"Linux lab-dd2 6.8.0-100-generic #100-Ubuntu SMP PREEMPT_DYNAMIC Tue Jan 13 16:40:06 UTC 2026 x86_64",
		"timestamp":	{
			"time":	"Thu, 19 Mar 2026 06:18:21 GMT",
			"timesecs":	1773901101
		},
		"connecting_to":	{
			"host":	"192.0.2.254",
			"port":	5201
		},
		"cookie":	"s2ndcanlj7ng5dzl3etuxcigg6grdkahw5xe",
		"tcp_mss_default":	8894,
		"target_bitrate":	16000000000,
		"fq_rate":	0,
		"sock_bufsize":	0,
		"sndbuf_actual":	16384,
		"rcvbuf_actual":	131072,
		"test_start":	{
			"protocol":	"TCP",
			"num_streams":	1,
			"blksize":	131072,
			"omit":	0,
			"duration":	10,
			"bytes":	0,
			"blocks":	0,
			"reverse":	0,
			"tos":	0,
			"target_bitrate":	16000000000,
			"bidir":	0,
			"fqrate":	0
		}
	},
	"intervals":	[{
			"streams":	[{
					"socket":	5,
					"start":	0,
					"end":	2.000055,
					"seconds":	2.0000550746917725,
					"bytes":	3393454080,
					"bits_per_second":	13573442543.417814,
					"retransmits":	115,
					"snd_cwnd":	2036726,
					"snd_wnd":	5394944,
					"rtt":	626,
					"rttvar":	79,
					"pmtu":	8946,
					"omitted":	false,
					"sender":	true
				}],
			"sum":	{
				"start":	0,
				"end":	2.000055,
				"seconds":	2.0000550746917725,
				"bytes":	3393454080,
				"bits_per_second":	13573442543.417814,
				"retransmits":	115,
				"omitted":	false,
				"sender":	true
			}
		}, {
			"streams":	[{
					"socket":	5,
					"start":	2.000055,
					"end":	4.000054,
					"seconds":	1.9999990463256836,
					"bytes":	3586129920,
					"bits_per_second":	14344526520.003262,
					"retransmits":	76,
					"snd_cwnd":	2365804,
					"snd_wnd":	5154944,
					"rtt":	335,
					"rttvar":	44,
					"pmtu":	8946,
					"omitted":	false,
					"sender":	true
				}],
			"sum":	{
				"start":	2.000055,
				"end":	4.000054,
				"seconds":	1.9999990463256836,
				"bytes":	3586129920,
				"bits_per_second":	14344526520.003262,
				"retransmits":	76,
				"omitted":	false,
				"sender":	true
			}
		}, {
			"streams":	[{
					"socket":	5,
					"start":	4.000054,
					"end":	6.000055,
					"seconds":	2.0000009536743164,
					"bytes":	3623878656,
					"bits_per_second":	14495507712.003296,
					"retransmits":	96,
					"snd_cwnd":	3566494,
					"snd_wnd":	5421056,
					"rtt":	1249,
					"rttvar":	607,
					"pmtu":	8946,
					"omitted":	false,
					"sender":	true
				}],
			"sum":	{
				"start":	4.000054,
				"end":	6.000055,
				"seconds":	2.0000009536743164,
				"bytes":	3623878656,
				"bits_per_second":	14495507712.003296,
				"retransmits":	96,
				"omitted":	false,
				"sender":	true
			}
		}, {
			"streams":	[{
					"socket":	5,
					"start":	6.000055,
					"end":	8.000054,
					"seconds":	1.9999990463256836,
					"bytes":	3167485952,
					"bits_per_second":	12669949849.50288,
					"retransmits":	51,
					"snd_cwnd":	3815526,
					"snd_wnd":	5394944,
					"rtt":	462,
					"rttvar":	61,
					"pmtu":	8946,
					"omitted":	false,
					"sender":	true
				}],
			"sum":	{
				"start":	6.000055,
				"end":	8.000054,
				"seconds":	1.9999990463256836,
				"bytes":	3167485952,
				"bits_per_second":	12669949849.50288,
				"retransmits":	51,
				"omitted":	false,
				"sender":	true
			}
		}, {
			"streams":	[{
					"socket":	5,
					"start":	8.000054,
					"end":	10.00026,
					"seconds":	2.0002059936523438,
					"bytes":	3376021504,
					"bits_per_second":	13502695281.241266,
					"retransmits":	171,
					"snd_cwnd":	3993406,
					"snd_wnd":	5342464,
					"rtt":	3491,
					"rttvar":	172,
					"pmtu":	8946,
					"omitted":	false,
					"sender":	true
				}],
			"sum":	{
				"start":	8.000054,
				"end":	10.00026,
				"seconds":	2.0002059936523438,
				"bytes":	3376021504,
				"bits_per_second":	13502695281.241266,
				"retransmits":	171,
				"omitted":	false,
				"sender":	true
			}
		}],
	"end":	{
		"streams":	[{
				"sender":	{
					"socket":	5,
					"start":	0,
					"end":	10.00026,
					"seconds":	10.00026,
					"bytes":	17328898048,
					"bits_per_second":	13862758006.691824,
					"retransmits":	509,
					"max_snd_cwnd":	3993406,
					"max_snd_wnd":	5421056,
					"max_rtt":	3491,
					"min_rtt":	335,
					"mean_rtt":	1232,
					"sender":	true
				},
				"receiver":	{
					"socket":	5,
					"start":	0,
					"end":	10.002522,
					"seconds":	10.00026,
					"bytes":	17328766976,
					"bits_per_second":	13859518210.30736,
					"sender":	true
				}
			}],
		"sum_sent":	{
			"start":	0,
			"end":	10.00026,
			"seconds":	10.00026,
			"bytes":	17328898048,
			"bits_per_second":	13862758006.691824,
			"retransmits":	509,
			"sender":	true
		},
		"sum_received":	{
			"start":	0,
			"end":	10.002522,
			"seconds":	10.002522,
			"bytes":	17328766976,
			"bits_per_second":	13859518210.30736,
			"sender":	true
		},
		"cpu_utilization_percent":	{
			"host_total":	87.480236427964,
			"host_user":	0.561843870155594,
			"host_system":	86.9184125550988,
			"remote_total":	22.918594719957436,
			"remote_user":	1.017792193237453,
			"remote_system":	21.900802526719982
		},
		"sender_tcp_congestion":	"cubic",
		"receiver_tcp_congestion":	"cubic"
	}
}
