{
	"start":	{
		"connected":	[{
				"socket":	5,
				"local_host":	"192.0.1.254",
				"local_port":	32994,
				"remote_host":	"192.0.2.254",
				"remote_port":	5201
			}],
		"version":	"iperf 3.16",
		"system_info":	"Linux lab-dd2 6.8.0-100-generic #100-Ubuntu SMP PREEMPT_DYNAMIC Tue Jan 13 16:40:06 UTC 2026 x86_64",
		"timestamp":	{
			"time":	"Thu, 19 Mar 2026 06:06:41 GMT",
			"timesecs":	1773900401
		},
		"connecting_to":	{
			"host":	"192.0.2.254",
			"port":	5201
		},
		"cookie":	"iolntsrrshcbjimxelpwrqh3fxnvn73peoik",
		"tcp_mss_default":	8894,
		"target_bitrate":	9000000000,
		"fq_rate":	0,
		"sock_bufsize":	0,
		"sndbuf_actual":	16384,
		"rcvbuf_actual":	131072,
		"test_start":	{
			"protocol":	"TCP",
			"num_streams":	1,
			"blksize":	131072,
			"omit":	0,
			"duration":	10,
			"bytes":	0,
			"blocks":	0,
			"reverse":	0,
			"tos":	0,
			"target_bitrate":	9000000000,
			"bidir":	0,
			"fqrate":	0
		}
	},
	"intervals":	[{
			"streams":	[{
					"socket":	5,
					"start":	0,
					"end":	2.000059,
					"seconds":	2.0000588893890381,
					"bytes":	2249064448,
					"bits_per_second":	8995992907.7369366,
					"retransmits":	203,
					"snd_cwnd":	3922254,
					"snd_wnd":	5211776,
					"rtt":	2744,
					"rttvar":	77,
					"pmtu":	8946,
					"omitted":	false,
					"sender":	true
				}],
			"sum":	{
				"start":	0,
				"end":	2.000059,
				"seconds":	2.0000588893890381,
				"bytes":	2249064448,
				"bits_per_second":	8995992907.7369366,
				"retransmits":	203,
				"omitted":	false,
				"sender":	true
			}
		}, {
			"streams":	[{
					"socket":	5,
					"start":	2.000059,
					"end":	4.000058,
					"seconds":	1.9999990463256836,
					"bytes":	2250506240,
					"bits_per_second":	9002029252.5020466,
					"retransmits":	59,
					"snd_cwnd":	3459766,
					"snd_wnd":	5368704,
					"rtt":	740,
					"rttvar":	174,
					"pmtu":	8946,
					"omitted":	false,
					"sender":	true
				}],
			"sum":	{
				"start":	2.000059,
				"end":	4.000058,
				"seconds":	1.9999990463256836,
				"bytes":	2250506240,
				"bits_per_second":	9002029252.5020466,
				"retransmits":	59,
				"omitted":	false,
				"sender":	true
			}
		}, {
			"streams":	[{
					"socket":	5,
					"start":	4.000058,
					"end":	6.000062,
					"seconds":	2.0000040531158447,
					"bytes":	2247622656,
					"bits_per_second":	8990472404.28692,
					"retransmits":	46,
					"snd_cwnd":	3486448,
					"snd_wnd":	5412224,
					"rtt":	2338,
					"rttvar":	221,
					"pmtu":	8946,
					"omitted":	false,
					"sender":	true
				}],
			"sum":	{
				"start":	4.000058,
				"end":	6.000062,
				"seconds":	2.0000040531158447,
				"bytes":	2247622656,
				"bits_per_second":	8990472404.28692,
				"retransmits":	46,
				"omitted":	false,
				"sender":	true
			}
		}, {
			"streams":	[{
					"socket":	5,
					"start":	6.000062,
					"end":	8.000062,
					"seconds":	2,
					"bytes":	2249326592,
					"bits_per_second":	8997306368,
					"retransmits":	87,
					"snd_cwnd":	3868890,
					"snd_wnd":	5157120,
					"rtt":	454,
					"rttvar":	79,
					"pmtu":	8946,
					"omitted":	false,
					"sender":	true
				}],
			"sum":	{
				"start":	6.000062,
				"end":	8.000062,
				"seconds":	2,
				"bytes":	2249326592,
				"bits_per_second":	8997306368,
				"retransmits":	87,
				"omitted":	false,
				"sender":	true
			}
		}, {
			"streams":	[{
					"socket":	5,
					"start":	8.000062,
					"end":	10.000485,
					"seconds":	2.0004229545593262,
					"bytes":	2248933376,
					"bits_per_second":	8993831512.97789,
					"retransmits":	89,
					"snd_cwnd":	2348016,
					"snd_wnd":	5281408,
					"rtt":	2634,
					"rttvar":	38,
					"pmtu":	8946,
					"omitted":	false,
					"sender":	true
				}],
			"sum":	{
				"start":	8.000062,
				"end":	10.000485,
				"seconds":	2.0004229545593262,
				"bytes":	2248933376,
				"bits_per_second":	8993831512.97789,
				"retransmits":	89,
				"omitted":	false,
				"sender":	true
			}
		}],
	"end":	{
		"streams":	[{
				"sender":	{
					"socket":	5,
					"start":	0,
					"end":	10.000485,
					"seconds":	10.000485,
					"bytes":	11248467968,
					"bits_per_second":	8998337955.00918,
					"retransmits":	484,
					"max_snd_cwnd":	3922254,
					"max_snd_wnd":	5412224,
					"max_rtt":	2744,
					"min_rtt":	454,
					"mean_rtt":	1782,
					"sender":	true
				},
				"receiver":	{
					"socket":	5,
					"start":	0,
					"end":	10.00313,
					"seconds":	10.000485,
					"bytes":	11247681536,
					"bits_per_second":	8995329690.60684,
					"sender":	true
				}
			}],
		"sum_sent":	{
			"start":	0,
			"end":	10.000485,
			"seconds":	10.000485,
			"bytes":	11248467968,
			"bits_per_second":	8998337955.00918,
			"retransmits":	484,
			"sender":	true
		},
		"sum_received":	{
			"start":	0,
			"end":	10.00313,
			"seconds":	10.00313,
			"bytes":	11247681536,
			"bits_per_second":	8995329690.60684,
			"sender":	true
		},
		"cpu_utilization_percent":	{
			"host_total":	91.136634843377323,
			"host_user":	11.050888434183182,
			"host_system":	80.085766406024646,
			"remote_total":	16.176289027616424,
			"remote_user":	0,
			"remote_system":	16.1763090213364
		},
		"sender_tcp_congestion":	"cubic",
		"receiver_tcp_congestion":	"cubic"
	}
}
