{
	"start":	{
		"connected":	[{
				"socket":	5,
				"local_host":	"192.0.1.254",
				"local_port":	58954,
				"remote_host":	"192.0.2.254",
				"remote_port":	5201
			}],
		"version":	"iperf 3.16",
		"system_info":	"Linux lab-dd2 6.8.0-100-generic #100-Ubuntu SMP PREEMPT_DYNAMIC Tue Jan 13 16:40:06 UTC 2026 x86_64",
		"timestamp":	{
			"time":	"Thu, 19 Mar 2026 06:11:41 GMT",
			"timesecs":	1773900701
		},
		"connecting_to":	{
			"host":	"192.0.2.254",
			"port":	5201
		},
		"cookie":	"rqr7cguln6zpinbebnkmbfjngkeaxxojx52z",
		"tcp_mss_default":	8894,
		"target_bitrate":	12000000000,
		"fq_rate":	0,
		"sock_bufsize":	0,
		"sndbuf_actual":	16384,
		"rcvbuf_actual":	131072,
		"test_start":	{
			"protocol":	"TCP",
			"num_streams":	1,
			"blksize":	131072,
			"omit":	0,
			"duration":	10,
			"bytes":	0,
			"blocks":	0,
			"reverse":	0,
			"tos":	0,
			"target_bitrate":	12000000000,
			"bidir":	0,
			"fqrate":	0
		}
	},
	"intervals":	[{
			"streams":	[{
					"socket":	5,
					"start":	0,
					"end":	2.000061,
					"seconds":	2.00006103515625,
					"bytes":	2999844864,
					"bits_per_second":	11999013275.174952,
					"retransmits":	1,
					"snd_cwnd":	3868890,
					"snd_wnd":	5394944,
					"rtt":	516,
					"rttvar":	95,
					"pmtu":	8946,
					"omitted":	false,
					"sender":	true
				}],
			"sum":	{
				"start":	0,
				"end":	2.000061,
				"seconds":	2.00006103515625,
				"bytes":	2999844864,
				"bits_per_second":	11999013275.174952,
				"retransmits":	1,
				"omitted":	false,
				"sender":	true
			}
		}, {
			"streams":	[{
					"socket":	5,
					"start":	2.000061,
					"end":	4.00006,
					"seconds":	1.9999990463256836,
					"bytes":	2999189504,
					"bits_per_second":	11996763736.502728,
					"retransmits":	75,
					"snd_cwnd":	3068430,
					"snd_wnd":	5291008,
					"rtt":	328,
					"rttvar":	258,
					"pmtu":	8946,
					"omitted":	false,
					"sender":	true
				}],
			"sum":	{
				"start":	2.000061,
				"end":	4.00006,
				"seconds":	1.9999990463256836,
				"bytes":	2999189504,
				"bits_per_second":	11996763736.502728,
				"retransmits":	75,
				"omitted":	false,
				"sender":	true
			}
		}, {
			"streams":	[{
					"socket":	5,
					"start":	4.00006,
					"end":	6.000062,
					"seconds":	2.0000019073486328,
					"bytes":	2993815552,
					"bits_per_second":	11975250787.510891,
					"retransmits":	11,
					"snd_cwnd":	3459766,
					"snd_wnd":	5394944,
					"rtt":	1651,
					"rttvar":	330,
					"pmtu":	8946,
					"omitted":	false,
					"sender":	true
				}],
			"sum":	{
				"start":	4.00006,
				"end":	6.000062,
				"seconds":	2.0000019073486328,
				"bytes":	2993815552,
				"bits_per_second":	11975250787.510891,
				"retransmits":	11,
				"omitted":	false,
				"sender":	true
			}
		}, {
			"streams":	[{
					"socket":	5,
					"start":	6.000062,
					"end":	8.000061,
					"seconds":	1.9999990463256836,
					"bytes":	2969698304,
					"bits_per_second":	11878798880.2527,
					"retransmits":	50,
					"snd_cwnd":	3806632,
					"snd_wnd":	5202816,
					"rtt":	462,
					"rttvar":	221,
					"pmtu":	8946,
					"omitted":	false,
					"sender":	true
				}],
			"sum":	{
				"start":	6.000062,
				"end":	8.000061,
				"seconds":	1.9999990463256836,
				"bytes":	2969698304,
				"bits_per_second":	11878798880.2527,
				"retransmits":	50,
				"omitted":	false,
				"sender":	true
			}
		}, {
			"streams":	[{
					"socket":	5,
					"start":	8.000061,
					"end":	10.000278,
					"seconds":	2.0002169609069824,
					"bytes":	2997485568,
					"bits_per_second":	11988641738.707441,
					"retransmits":	6,
					"snd_cwnd":	2943914,
					"snd_wnd":	5333888,
					"rtt":	1463,
					"rttvar":	337,
					"pmtu":	8946,
					"omitted":	false,
					"sender":	true
				}],
			"sum":	{
				"start":	8.000061,
				"end":	10.000278,
				"seconds":	2.0002169609069824,
				"bytes":	2997485568,
				"bits_per_second":	11988641738.707441,
				"retransmits":	6,
				"omitted":	false,
				"sender":	true
			}
		}],
	"end":	{
		"streams":	[{
				"sender":	{
					"socket":	5,
					"start":	0,
					"end":	10.000278,
					"seconds":	10.000278,
					"bytes":	14999748608,
					"bits_per_second":	11999465301.264626,
					"retransmits":	143,
					"max_snd_cwnd":	3868890,
					"max_snd_wnd":	5394944,
					"max_rtt":	1651,
					"min_rtt":	328,
					"mean_rtt":	884,
					"sender":	true
				},
				"receiver":	{
					"socket":	5,
					"start":	0,
					"end":	10.001707,
					"seconds":	10.000278,
					"bytes":	14999748608,
					"bits_per_second":	11997750870.326435,
					"sender":	true
				}
			}],
		"sum_sent":	{
			"start":	0,
			"end":	10.000278,
			"seconds":	10.000278,
			"bytes":	14999748608,
			"bits_per_second":	11999465301.264626,
			"retransmits":	143,
			"sender":	true
		},
		"sum_received":	{
			"start":	0,
			"end":	10.001707,
			"seconds":	10.001707,
			"bytes":	14999748608,
			"bits_per_second":	11997750870.326435,
			"sender":	true
		},
		"cpu_utilization_percent":	{
			"host_total":	91.32431943580535,
			"host_user":	7.3568613743055833,
			"host_system":	83.967448062870574,
			"remote_total":	20.03370021367331,
			"remote_user":	0.862951831170588,
			"remote_system":	19.170758380786019
		},
		"sender_tcp_congestion":	"cubic",
		"receiver_tcp_congestion":	"cubic"
	}
}
