{
	"start":	{
		"connected":	[{
				"socket":	5,
				"local_host":	"192.0.1.254",
				"local_port":	56066,
				"remote_host":	"192.0.2.254",
				"remote_port":	5201
			}],
		"version":	"iperf 3.16",
		"system_info":	"Linux lab-dd2 6.8.0-100-generic #100-Ubuntu SMP PREEMPT_DYNAMIC Tue Jan 13 16:40:06 UTC 2026 x86_64",
		"timestamp":	{
			"time":	"Thu, 19 Mar 2026 06:23:31 GMT",
			"timesecs":	1773901411
		},
		"connecting_to":	{
			"host":	"192.0.2.254",
			"port":	5201
		},
		"cookie":	"vo2rlloo6pqhcurfcx3jdfbzey3q3vtq5gkl",
		"tcp_mss_default":	8894,
		"target_bitrate":	19000000000,
		"fq_rate":	0,
		"sock_bufsize":	0,
		"sndbuf_actual":	16384,
		"rcvbuf_actual":	131072,
		"test_start":	{
			"protocol":	"TCP",
			"num_streams":	1,
			"blksize":	131072,
			"omit":	0,
			"duration":	10,
			"bytes":	0,
			"blocks":	0,
			"reverse":	0,
			"tos":	0,
			"target_bitrate":	19000000000,
			"bidir":	0,
			"fqrate":	0
		}
	},
	"intervals":	[{
			"streams":	[{
					"socket":	5,
					"start":	0,
					"end":	2.000016,
					"seconds":	2.0000159740448,
					"bytes":	4012638208,
					"bits_per_second":	16050424636.8989,
					"retransmits":	36,
					"snd_cwnd":	3281886,
					"snd_wnd":	5272832,
					"rtt":	521,
					"rttvar":	197,
					"pmtu":	8946,
					"omitted":	false,
					"sender":	true
				}],
			"sum":	{
				"start":	0,
				"end":	2.000016,
				"seconds":	2.0000159740448,
				"bytes":	4012638208,
				"bits_per_second":	16050424636.8989,
				"retransmits":	36,
				"omitted":	false,
				"sender":	true
			}
		}, {
			"streams":	[{
					"socket":	5,
					"start":	2.000016,
					"end":	4.000014,
					"seconds":	1.9999979734420776,
					"bytes":	2852519936,
					"bits_per_second":	11410091305.605465,
					"retransmits":	101,
					"snd_cwnd":	3459766,
					"snd_wnd":	5281408,
					"rtt":	1697,
					"rttvar":	193,
					"pmtu":	8946,
					"omitted":	false,
					"sender":	true
				}],
			"sum":	{
				"start":	2.000016,
				"end":	4.000014,
				"seconds":	1.9999979734420776,
				"bytes":	2852519936,
				"bits_per_second":	11410091305.605465,
				"retransmits":	101,
				"omitted":	false,
				"sender":	true
			}
		}, {
			"streams":	[{
					"socket":	5,
					"start":	4.000014,
					"end":	6.000015,
					"seconds":	2.0000009536743164,
					"bytes":	2836267008,
					"bits_per_second":	11345062622.252579,
					"retransmits":	170,
					"snd_cwnd":	3806632,
					"snd_wnd":	5394944,
					"rtt":	1343,
					"rttvar":	754,
					"pmtu":	8946,
					"omitted":	false,
					"sender":	true
				}],
			"sum":	{
				"start":	4.000014,
				"end":	6.000015,
				"seconds":	2.0000009536743164,
				"bytes":	2836267008,
				"bits_per_second":	11345062622.252579,
				"retransmits":	170,
				"omitted":	false,
				"sender":	true
			}
		}, {
			"streams":	[{
					"socket":	5,
					"start":	6.000015,
					"end":	8.000058,
					"seconds":	2.0000429153442383,
					"bytes":	2869297152,
					"bits_per_second":	11476942339.534348,
					"retransmits":	63,
					"snd_cwnd":	3353038,
					"snd_wnd":	5194240,
					"rtt":	944,
					"rttvar":	32,
					"pmtu":	8946,
					"omitted":	false,
					"sender":	true
				}],
			"sum":	{
				"start":	6.000015,
				"end":	8.000058,
				"seconds":	2.0000429153442383,
				"bytes":	2869297152,
				"bits_per_second":	11476942339.534348,
				"retransmits":	63,
				"omitted":	false,
				"sender":	true
			}
		}, {
			"streams":	[{
					"socket":	5,
					"start":	8.000058,
					"end":	10.000227,
					"seconds":	2.000169038772583,
					"bytes":	4108845056,
					"bits_per_second":	16433991233.146654,
					"retransmits":	24,
					"snd_cwnd":	3619858,
					"snd_wnd":	5394944,
					"rtt":	690,
					"rttvar":	28,
					"pmtu":	8946,
					"omitted":	false,
					"sender":	true
				}],
			"sum":	{
				"start":	8.000058,
				"end":	10.000227,
				"seconds":	2.000169038772583,
				"bytes":	4108845056,
				"bits_per_second":	16433991233.146654,
				"retransmits":	24,
				"omitted":	false,
				"sender":	true
			}
		}],
	"end":	{
		"streams":	[{
				"sender":	{
					"socket":	5,
					"start":	0,
					"end":	10.000227,
					"seconds":	10.000227,
					"bytes":	16738680832,
					"bits_per_second":	13390640698.056152,
					"retransmits":	394,
					"max_snd_cwnd":	3806632,
					"max_snd_wnd":	5394944,
					"max_rtt":	1697,
					"min_rtt":	521,
					"mean_rtt":	1039,
					"sender":	true
				},
				"receiver":	{
					"socket":	5,
					"start":	0,
					"end":	10.000503,
					"seconds":	10.000227,
					"bytes":	16738680832,
					"bits_per_second":	13390271134.961912,
					"sender":	true
				}
			}],
		"sum_sent":	{
			"start":	0,
			"end":	10.000227,
			"seconds":	10.000227,
			"bytes":	16738680832,
			"bits_per_second":	13390640698.056152,
			"retransmits":	394,
			"sender":	true
		},
		"sum_received":	{
			"start":	0,
			"end":	10.000503,
			"seconds":	10.000503,
			"bytes":	16738680832,
			"bits_per_second":	13390271134.961912,
			"sender":	true
		},
		"cpu_utilization_percent":	{
			"host_total":	87.35281992509023,
			"host_user":	0.35190132604426777,
			"host_system":	87.0009285979471,
			"remote_total":	22.029716484459293,
			"remote_user":	0.95722118171973225,
			"remote_system":	21.072505302229587
		},
		"sender_tcp_congestion":	"cubic",
		"receiver_tcp_congestion":	"cubic"
	}
}
