{
	"start":	{
		"connected":	[{
				"socket":	5,
				"local_host":	"192.0.1.254",
				"local_port":	48580,
				"remote_host":	"192.0.2.254",
				"remote_port":	5201
			}],
		"version":	"iperf 3.16",
		"system_info":	"Linux lab-dd2 6.8.0-100-generic #100-Ubuntu SMP PREEMPT_DYNAMIC Tue Jan 13 16:40:06 UTC 2026 x86_64",
		"timestamp":	{
			"time":	"Thu, 19 Mar 2026 06:13:11 GMT",
			"timesecs":	1773900791
		},
		"connecting_to":	{
			"host":	"192.0.2.254",
			"port":	5201
		},
		"cookie":	"rlcdbvsvusdbmsegqterdhvblncuj4ruadsu",
		"tcp_mss_default":	8894,
		"target_bitrate":	13000000000,
		"fq_rate":	0,
		"sock_bufsize":	0,
		"sndbuf_actual":	16384,
		"rcvbuf_actual":	131072,
		"test_start":	{
			"protocol":	"TCP",
			"num_streams":	1,
			"blksize":	131072,
			"omit":	0,
			"duration":	10,
			"bytes":	0,
			"blocks":	0,
			"reverse":	0,
			"tos":	0,
			"target_bitrate":	13000000000,
			"bidir":	0,
			"fqrate":	0
		}
	},
	"intervals":	[{
			"streams":	[{
					"socket":	5,
					"start":	0,
					"end":	2.000055,
					"seconds":	2.0000550746917725,
					"bytes":	3249274880,
					"bits_per_second":	12996741624.2305,
					"retransmits":	96,
					"snd_cwnd":	3095112,
					"snd_wnd":	5394944,
					"rtt":	498,
					"rttvar":	53,
					"pmtu":	8946,
					"omitted":	false,
					"sender":	true
				}],
			"sum":	{
				"start":	0,
				"end":	2.000055,
				"seconds":	2.0000550746917725,
				"bytes":	3249274880,
				"bits_per_second":	12996741624.2305,
				"retransmits":	96,
				"omitted":	false,
				"sender":	true
			}
		}, {
			"streams":	[{
					"socket":	5,
					"start":	2.000055,
					"end":	4.00006,
					"seconds":	2.0000050067901611,
					"bytes":	3211395072,
					"bits_per_second":	12845548130.518003,
					"retransmits":	57,
					"snd_cwnd":	3655434,
					"snd_wnd":	5447040,
					"rtt":	2014,
					"rttvar":	170,
					"pmtu":	8946,
					"omitted":	false,
					"sender":	true
				}],
			"sum":	{
				"start":	2.000055,
				"end":	4.00006,
				"seconds":	2.0000050067901611,
				"bytes":	3211395072,
				"bits_per_second":	12845548130.518003,
				"retransmits":	57,
				"omitted":	false,
				"sender":	true
			}
		}, {
			"streams":	[{
					"socket":	5,
					"start":	4.00006,
					"end":	6.000059,
					"seconds":	1.9999990463256836,
					"bytes":	3122921472,
					"bits_per_second":	12491691844.50284,
					"retransmits":	160,
					"snd_cwnd":	2837186,
					"snd_wnd":	5159296,
					"rtt":	400,
					"rttvar":	123,
					"pmtu":	8946,
					"omitted":	false,
					"sender":	true
				}],
			"sum":	{
				"start":	4.00006,
				"end":	6.000059,
				"seconds":	1.9999990463256836,
				"bytes":	3122921472,
				"bits_per_second":	12491691844.50284,
				"retransmits":	160,
				"omitted":	false,
				"sender":	true
			}
		}, {
			"streams":	[{
					"socket":	5,
					"start":	6.000059,
					"end":	8.000059,
					"seconds":	2,
					"bytes":	3215851520,
					"bits_per_second":	12863406080,
					"retransmits":	352,
					"snd_cwnd":	2508108,
					"snd_wnd":	5220352,
					"rtt":	711,
					"rttvar":	357,
					"pmtu":	8946,
					"omitted":	false,
					"sender":	true
				}],
			"sum":	{
				"start":	6.000059,
				"end":	8.000059,
				"seconds":	2,
				"bytes":	3215851520,
				"bits_per_second":	12863406080,
				"retransmits":	352,
				"omitted":	false,
				"sender":	true
			}
		}, {
			"streams":	[{
					"socket":	5,
					"start":	8.000059,
					"end":	10.00029,
					"seconds":	2.00023102760315,
					"bytes":	3068526592,
					"bits_per_second":	12272688703.072365,
					"retransmits":	4,
					"snd_cwnd":	3157370,
					"snd_wnd":	5377408,
					"rtt":	461,
					"rttvar":	190,
					"pmtu":	8946,
					"omitted":	false,
					"sender":	true
				}],
			"sum":	{
				"start":	8.000059,
				"end":	10.00029,
				"seconds":	2.00023102760315,
				"bytes":	3068526592,
				"bits_per_second":	12272688703.072365,
				"retransmits":	4,
				"omitted":	false,
				"sender":	true
			}
		}],
	"end":	{
		"streams":	[{
				"sender":	{
					"socket":	5,
					"start":	0,
					"end":	10.00029,
					"seconds":	10.00029,
					"bytes":	15987638272,
					"bits_per_second":	12789739715.148262,
					"retransmits":	669,
					"max_snd_cwnd":	3655434,
					"max_snd_wnd":	5447040,
					"max_rtt":	2014,
					"min_rtt":	400,
					"mean_rtt":	816,
					"sender":	true
				},
				"receiver":	{
					"socket":	5,
					"start":	0,
					"end":	10.001171,
					"seconds":	10.00029,
					"bytes":	15987638272,
					"bits_per_second":	12788613071.009386,
					"sender":	true
				}
			}],
		"sum_sent":	{
			"start":	0,
			"end":	10.00029,
			"seconds":	10.00029,
			"bytes":	15987638272,
			"bits_per_second":	12789739715.148262,
			"retransmits":	669,
			"sender":	true
		},
		"sum_received":	{
			"start":	0,
			"end":	10.001171,
			"seconds":	10.001171,
			"bytes":	15987638272,
			"bits_per_second":	12788613071.009386,
			"sender":	true
		},
		"cpu_utilization_percent":	{
			"host_total":	89.307185035886278,
			"host_user":	4.0301404395462441,
			"host_system":	85.2770545950262,
			"remote_total":	22.280418682553591,
			"remote_user":	1.0270487055478748,
			"remote_system":	21.253379975824853
		},
		"sender_tcp_congestion":	"cubic",
		"receiver_tcp_congestion":	"cubic"
	}
}
