{
	"start":	{
		"connected":	[{
				"socket":	5,
				"local_host":	"192.0.1.254",
				"local_port":	38496,
				"remote_host":	"192.0.2.254",
				"remote_port":	5201
			}],
		"version":	"iperf 3.16",
		"system_info":	"Linux lab-dd2 6.8.0-100-generic #100-Ubuntu SMP PREEMPT_DYNAMIC Tue Jan 13 16:40:06 UTC 2026 x86_64",
		"timestamp":	{
			"time":	"Thu, 19 Mar 2026 06:16:31 GMT",
			"timesecs":	1773900991
		},
		"connecting_to":	{
			"host":	"192.0.2.254",
			"port":	5201
		},
		"cookie":	"gb2jv2h6ka3vobi4sz2fdojrmt3plvciweu6",
		"tcp_mss_default":	8894,
		"target_bitrate":	15000000000,
		"fq_rate":	0,
		"sock_bufsize":	0,
		"sndbuf_actual":	16384,
		"rcvbuf_actual":	131072,
		"test_start":	{
			"protocol":	"TCP",
			"num_streams":	1,
			"blksize":	131072,
			"omit":	0,
			"duration":	10,
			"bytes":	0,
			"blocks":	0,
			"reverse":	0,
			"tos":	0,
			"target_bitrate":	15000000000,
			"bidir":	0,
			"fqrate":	0
		}
	},
	"intervals":	[{
			"streams":	[{
					"socket":	5,
					"start":	0,
					"end":	2.000058,
					"seconds":	2.0000579357147217,
					"bytes":	3748921344,
					"bits_per_second":	14995250995.708067,
					"retransmits":	42,
					"snd_cwnd":	3050642,
					"snd_wnd":	5394944,
					"rtt":	800,
					"rttvar":	55,
					"pmtu":	8946,
					"omitted":	false,
					"sender":	true
				}],
			"sum":	{
				"start":	0,
				"end":	2.000058,
				"seconds":	2.0000579357147217,
				"bytes":	3748921344,
				"bits_per_second":	14995250995.708067,
				"retransmits":	42,
				"omitted":	false,
				"sender":	true
			}
		}, {
			"streams":	[{
					"socket":	5,
					"start":	2.000058,
					"end":	4.000058,
					"seconds":	2,
					"bytes":	3744071680,
					"bits_per_second":	14976286720,
					"retransmits":	1,
					"snd_cwnd":	2792716,
					"snd_wnd":	5394944,
					"rtt":	798,
					"rttvar":	37,
					"pmtu":	8946,
					"omitted":	false,
					"sender":	true
				}],
			"sum":	{
				"start":	2.000058,
				"end":	4.000058,
				"seconds":	2,
				"bytes":	3744071680,
				"bits_per_second":	14976286720,
				"retransmits":	1,
				"omitted":	false,
				"sender":	true
			}
		}, {
			"streams":	[{
					"socket":	5,
					"start":	4.000058,
					"end":	6.00006,
					"seconds":	2.0000019073486328,
					"bytes":	3740139520,
					"bits_per_second":	14960543812.513607,
					"retransmits":	6,
					"snd_cwnd":	3513130,
					"snd_wnd":	5220352,
					"rtt":	1065,
					"rttvar":	31,
					"pmtu":	8946,
					"omitted":	false,
					"sender":	true
				}],
			"sum":	{
				"start":	4.000058,
				"end":	6.00006,
				"seconds":	2.0000019073486328,
				"bytes":	3740139520,
				"bits_per_second":	14960543812.513607,
				"retransmits":	6,
				"omitted":	false,
				"sender":	true
			}
		}, {
			"streams":	[{
					"socket":	5,
					"start":	6.00006,
					"end":	8.000059,
					"seconds":	1.9999990463256836,
					"bytes":	3725459456,
					"bits_per_second":	14901844929.753387,
					"retransmits":	14,
					"snd_cwnd":	3797738,
					"snd_wnd":	5394944,
					"rtt":	833,
					"rttvar":	42,
					"pmtu":	8946,
					"omitted":	false,
					"sender":	true
				}],
			"sum":	{
				"start":	6.00006,
				"end":	8.000059,
				"seconds":	1.9999990463256836,
				"bytes":	3725459456,
				"bits_per_second":	14901844929.753387,
				"retransmits":	14,
				"omitted":	false,
				"sender":	true
			}
		}, {
			"streams":	[{
					"socket":	5,
					"start":	8.000059,
					"end":	10.000546,
					"seconds":	2.0004870891571045,
					"bytes":	3729391616,
					"bits_per_second":	14913934256.167027,
					"retransmits":	15,
					"snd_cwnd":	2383592,
					"snd_wnd":	5394944,
					"rtt":	1619,
					"rttvar":	382,
					"pmtu":	8946,
					"omitted":	false,
					"sender":	true
				}],
			"sum":	{
				"start":	8.000059,
				"end":	10.000546,
				"seconds":	2.0004870891571045,
				"bytes":	3729391616,
				"bits_per_second":	14913934256.167027,
				"retransmits":	15,
				"omitted":	false,
				"sender":	true
			}
		}],
	"end":	{
		"streams":	[{
				"sender":	{
					"socket":	5,
					"start":	0,
					"end":	10.000546,
					"seconds":	10.000546,
					"bytes":	18733727744,
					"bits_per_second":	14986163950.648294,
					"retransmits":	78,
					"max_snd_cwnd":	3797738,
					"max_snd_wnd":	5394944,
					"max_rtt":	1619,
					"min_rtt":	798,
					"mean_rtt":	1023,
					"sender":	true
				},
				"receiver":	{
					"socket":	5,
					"start":	0,
					"end":	10.001681,
					"seconds":	10.000546,
					"bytes":	18733596672,
					"bits_per_second":	14984358466.941708,
					"sender":	true
				}
			}],
		"sum_sent":	{
			"start":	0,
			"end":	10.000546,
			"seconds":	10.000546,
			"bytes":	18733727744,
			"bits_per_second":	14986163950.648294,
			"retransmits":	78,
			"sender":	true
		},
		"sum_received":	{
			"start":	0,
			"end":	10.001681,
			"seconds":	10.001681,
			"bytes":	18733596672,
			"bits_per_second":	14984358466.941708,
			"sender":	true
		},
		"cpu_utilization_percent":	{
			"host_total":	94.315454979567249,
			"host_user":	8.8902346746398,
			"host_system":	85.425260298560474,
			"remote_total":	23.233521211563122,
			"remote_user":	1.4654421937250413,
			"remote_system":	21.768089016147368
		},
		"sender_tcp_congestion":	"cubic",
		"receiver_tcp_congestion":	"cubic"
	}
}
