{
	"start":	{
		"connected":	[{
				"socket":	5,
				"local_host":	"192.0.1.254",
				"local_port":	41828,
				"remote_host":	"192.0.2.254",
				"remote_port":	5201
			}],
		"version":	"iperf 3.16",
		"system_info":	"Linux lab-dd2 6.8.0-100-generic #100-Ubuntu SMP PREEMPT_DYNAMIC Tue Jan 13 16:40:06 UTC 2026 x86_64",
		"timestamp":	{
			"time":	"Thu, 19 Mar 2026 06:21:31 GMT",
			"timesecs":	1773901291
		},
		"connecting_to":	{
			"host":	"192.0.2.254",
			"port":	5201
		},
		"cookie":	"hmnmhzeryt4ue3srmhzitbffblotznxpzgvz",
		"tcp_mss_default":	8894,
		"target_bitrate":	18000000000,
		"fq_rate":	0,
		"sock_bufsize":	0,
		"sndbuf_actual":	16384,
		"rcvbuf_actual":	131072,
		"test_start":	{
			"protocol":	"TCP",
			"num_streams":	1,
			"blksize":	131072,
			"omit":	0,
			"duration":	10,
			"bytes":	0,
			"blocks":	0,
			"reverse":	0,
			"tos":	0,
			"target_bitrate":	18000000000,
			"bidir":	0,
			"fqrate":	0
		}
	},
	"intervals":	[{
			"streams":	[{
					"socket":	5,
					"start":	0,
					"end":	2.000058,
					"seconds":	2.0000579357147217,
					"bytes":	3216769024,
					"bits_per_second":	12866703375.171925,
					"retransmits":	19,
					"snd_cwnd":	3966724,
					"snd_wnd":	5403520,
					"rtt":	415,
					"rttvar":	197,
					"pmtu":	8946,
					"omitted":	false,
					"sender":	true
				}],
			"sum":	{
				"start":	0,
				"end":	2.000058,
				"seconds":	2.0000579357147217,
				"bytes":	3216769024,
				"bits_per_second":	12866703375.171925,
				"retransmits":	19,
				"omitted":	false,
				"sender":	true
			}
		}, {
			"streams":	[{
					"socket":	5,
					"start":	2.000058,
					"end":	4.000059,
					"seconds":	2.0000009536743164,
					"bytes":	4015390720,
					"bits_per_second":	16061555221.253653,
					"retransmits":	67,
					"snd_cwnd":	2276864,
					"snd_wnd":	5394944,
					"rtt":	692,
					"rttvar":	417,
					"pmtu":	8946,
					"omitted":	false,
					"sender":	true
				}],
			"sum":	{
				"start":	2.000058,
				"end":	4.000059,
				"seconds":	2.0000009536743164,
				"bytes":	4015390720,
				"bits_per_second":	16061555221.253653,
				"retransmits":	67,
				"omitted":	false,
				"sender":	true
			}
		}, {
			"streams":	[{
					"socket":	5,
					"start":	4.000059,
					"end":	6.000058,
					"seconds":	1.9999990463256836,
					"bytes":	2982412288,
					"bits_per_second":	11929654840.502712,
					"retransmits":	21,
					"snd_cwnd":	2259076,
					"snd_wnd":	5412224,
					"rtt":	717,
					"rttvar":	421,
					"pmtu":	8946,
					"omitted":	false,
					"sender":	true
				}],
			"sum":	{
				"start":	4.000059,
				"end":	6.000058,
				"seconds":	1.9999990463256836,
				"bytes":	2982412288,
				"bits_per_second":	11929654840.502712,
				"retransmits":	21,
				"omitted":	false,
				"sender":	true
			}
		}, {
			"streams":	[{
					"socket":	5,
					"start":	6.000058,
					"end":	8.000057,
					"seconds":	1.9999990463256836,
					"bytes":	3084517376,
					"bits_per_second":	12338075387.252806,
					"retransmits":	21,
					"snd_cwnd":	3504236,
					"snd_wnd":	5351168,
					"rtt":	1172,
					"rttvar":	680,
					"pmtu":	8946,
					"omitted":	false,
					"sender":	true
				}],
			"sum":	{
				"start":	6.000058,
				"end":	8.000057,
				"seconds":	1.9999990463256836,
				"bytes":	3084517376,
				"bits_per_second":	12338075387.252806,
				"retransmits":	21,
				"omitted":	false,
				"sender":	true
			}
		}, {
			"streams":	[{
					"socket":	5,
					"start":	8.000057,
					"end":	10.000199,
					"seconds":	2.0001420974731445,
					"bytes":	3086745600,
					"bits_per_second":	12346105224.822187,
					"retransmits":	21,
					"snd_cwnd":	3806632,
					"snd_wnd":	5220352,
					"rtt":	2582,
					"rttvar":	234,
					"pmtu":	8946,
					"omitted":	false,
					"sender":	true
				}],
			"sum":	{
				"start":	8.000057,
				"end":	10.000199,
				"seconds":	2.0001420974731445,
				"bytes":	3086745600,
				"bits_per_second":	12346105224.822187,
				"retransmits":	21,
				"omitted":	false,
				"sender":	true
			}
		}],
	"end":	{
		"streams":	[{
				"sender":	{
					"socket":	5,
					"start":	0,
					"end":	10.000199,
					"seconds":	10.000199,
					"bytes":	16556097536,
					"bits_per_second":	13244614460.972227,
					"retransmits":	149,
					"max_snd_cwnd":	3966724,
					"max_snd_wnd":	5412224,
					"max_rtt":	2582,
					"min_rtt":	415,
					"mean_rtt":	1115,
					"sender":	true
				},
				"receiver":	{
					"socket":	5,
					"start":	0,
					"end":	10.002186,
					"seconds":	10.000199,
					"bytes":	16556097536,
					"bits_per_second":	13241983331.24379,
					"sender":	true
				}
			}],
		"sum_sent":	{
			"start":	0,
			"end":	10.000199,
			"seconds":	10.000199,
			"bytes":	16556097536,
			"bits_per_second":	13244614460.972227,
			"retransmits":	149,
			"sender":	true
		},
		"sum_received":	{
			"start":	0,
			"end":	10.002186,
			"seconds":	10.002186,
			"bytes":	16556097536,
			"bits_per_second":	13241983331.24379,
			"sender":	true
		},
		"cpu_utilization_percent":	{
			"host_total":	91.267488944128672,
			"host_user":	0.290943719318201,
			"host_system":	90.976545224810465,
			"remote_total":	22.684927463899911,
			"remote_user":	1.0771838812932204,
			"remote_system":	21.607773576032134
		},
		"sender_tcp_congestion":	"cubic",
		"receiver_tcp_congestion":	"cubic"
	}
}
