{
	"start":	{
		"connected":	[{
				"socket":	5,
				"local_host":	"192.0.1.254",
				"local_port":	33160,
				"remote_host":	"192.0.2.254",
				"remote_port":	5201
			}],
		"version":	"iperf 3.16",
		"system_info":	"Linux lab-dd2 6.8.0-100-generic #100-Ubuntu SMP PREEMPT_DYNAMIC Tue Jan 13 16:40:06 UTC 2026 x86_64",
		"timestamp":	{
			"time":	"Thu, 19 Mar 2026 06:11:21 GMT",
			"timesecs":	1773900681
		},
		"connecting_to":	{
			"host":	"192.0.2.254",
			"port":	5201
		},
		"cookie":	"lwpcujv6ym3w2ucnku7yayitd644qin27dwp",
		"tcp_mss_default":	8894,
		"target_bitrate":	12000000000,
		"fq_rate":	0,
		"sock_bufsize":	0,
		"sndbuf_actual":	16384,
		"rcvbuf_actual":	131072,
		"test_start":	{
			"protocol":	"TCP",
			"num_streams":	1,
			"blksize":	131072,
			"omit":	0,
			"duration":	10,
			"bytes":	0,
			"blocks":	0,
			"reverse":	0,
			"tos":	0,
			"target_bitrate":	12000000000,
			"bidir":	0,
			"fqrate":	0
		}
	},
	"intervals":	[{
			"streams":	[{
					"socket":	5,
					"start":	0,
					"end":	2.000061,
					"seconds":	2.00006103515625,
					"bytes":	2994601984,
					"bits_per_second":	11978042395.155422,
					"retransmits":	8,
					"snd_cwnd":	3851102,
					"snd_wnd":	5394944,
					"rtt":	1203,
					"rttvar":	755,
					"pmtu":	8946,
					"omitted":	false,
					"sender":	true
				}],
			"sum":	{
				"start":	0,
				"end":	2.000061,
				"seconds":	2.00006103515625,
				"bytes":	2994601984,
				"bits_per_second":	11978042395.155422,
				"retransmits":	8,
				"omitted":	false,
				"sender":	true
			}
		}, {
			"streams":	[{
					"socket":	5,
					"start":	2.000061,
					"end":	4.00006,
					"seconds":	1.9999990463256836,
					"bytes":	2996043776,
					"bits_per_second":	11984180818.502726,
					"retransmits":	49,
					"snd_cwnd":	3851102,
					"snd_wnd":	5098240,
					"rtt":	1857,
					"rttvar":	152,
					"pmtu":	8946,
					"omitted":	false,
					"sender":	true
				}],
			"sum":	{
				"start":	2.000061,
				"end":	4.00006,
				"seconds":	1.9999990463256836,
				"bytes":	2996043776,
				"bits_per_second":	11984180818.502726,
				"retransmits":	49,
				"omitted":	false,
				"sender":	true
			}
		}, {
			"streams":	[{
					"socket":	5,
					"start":	4.00006,
					"end":	6.00006,
					"seconds":	2,
					"bytes":	2998272000,
					"bits_per_second":	11993088000,
					"retransmits":	137,
					"snd_cwnd":	3851102,
					"snd_wnd":	5423488,
					"rtt":	410,
					"rttvar":	74,
					"pmtu":	8946,
					"omitted":	false,
					"sender":	true
				}],
			"sum":	{
				"start":	4.00006,
				"end":	6.00006,
				"seconds":	2,
				"bytes":	2998272000,
				"bits_per_second":	11993088000,
				"retransmits":	137,
				"omitted":	false,
				"sender":	true
			}
		}, {
			"streams":	[{
					"socket":	5,
					"start":	6.00006,
					"end":	8.000059,
					"seconds":	1.9999990463256836,
					"bytes":	2991194112,
					"bits_per_second":	11964782153.25272,
					"retransmits":	31,
					"snd_cwnd":	3851102,
					"snd_wnd":	5394944,
					"rtt":	1920,
					"rttvar":	403,
					"pmtu":	8946,
					"omitted":	false,
					"sender":	true
				}],
			"sum":	{
				"start":	6.00006,
				"end":	8.000059,
				"seconds":	1.9999990463256836,
				"bytes":	2991194112,
				"bits_per_second":	11964782153.25272,
				"retransmits":	31,
				"omitted":	false,
				"sender":	true
			}
		}, {
			"streams":	[{
					"socket":	5,
					"start":	8.000059,
					"end":	10.000327,
					"seconds":	2.00026798248291,
					"bytes":	2998272000,
					"bits_per_second":	11991481246.540892,
					"retransmits":	132,
					"snd_cwnd":	3851102,
					"snd_wnd":	5332736,
					"rtt":	436,
					"rttvar":	121,
					"pmtu":	8946,
					"omitted":	false,
					"sender":	true
				}],
			"sum":	{
				"start":	8.000059,
				"end":	10.000327,
				"seconds":	2.00026798248291,
				"bytes":	2998272000,
				"bits_per_second":	11991481246.540892,
				"retransmits":	132,
				"omitted":	false,
				"sender":	true
			}
		}],
	"end":	{
		"streams":	[{
				"sender":	{
					"socket":	5,
					"start":	0,
					"end":	10.000327,
					"seconds":	10.000327,
					"bytes":	14997389312,
					"bits_per_second":	11997519130.724424,
					"retransmits":	357,
					"max_snd_cwnd":	3851102,
					"max_snd_wnd":	5423488,
					"max_rtt":	1920,
					"min_rtt":	410,
					"mean_rtt":	1165,
					"sender":	true
				},
				"receiver":	{
					"socket":	5,
					"start":	0,
					"end":	10.000449,
					"seconds":	10.000327,
					"bytes":	14997389312,
					"bits_per_second":	11997372767.562737,
					"sender":	true
				}
			}],
		"sum_sent":	{
			"start":	0,
			"end":	10.000327,
			"seconds":	10.000327,
			"bytes":	14997389312,
			"bits_per_second":	11997519130.724424,
			"retransmits":	357,
			"sender":	true
		},
		"sum_received":	{
			"start":	0,
			"end":	10.000449,
			"seconds":	10.000449,
			"bytes":	14997389312,
			"bits_per_second":	11997372767.562737,
			"sender":	true
		},
		"cpu_utilization_percent":	{
			"host_total":	93.020036566098227,
			"host_user":	2.6697191073360762,
			"host_system":	90.3503374555347,
			"remote_total":	20.615561684162529,
			"remote_user":	0.43521997988092548,
			"remote_system":	20.180361703361648
		},
		"sender_tcp_congestion":	"cubic",
		"receiver_tcp_congestion":	"cubic"
	}
}
