{
	"start":	{
		"connected":	[{
				"socket":	5,
				"local_host":	"192.0.1.254",
				"local_port":	60990,
				"remote_host":	"192.0.2.254",
				"remote_port":	5201
			}],
		"version":	"iperf 3.16",
		"system_info":	"Linux lab-dd2 6.8.0-100-generic #100-Ubuntu SMP PREEMPT_DYNAMIC Tue Jan 13 16:40:06 UTC 2026 x86_64",
		"timestamp":	{
			"time":	"Thu, 19 Mar 2026 06:16:51 GMT",
			"timesecs":	1773901011
		},
		"connecting_to":	{
			"host":	"192.0.2.254",
			"port":	5201
		},
		"cookie":	"gtzv2tevye7xv6qdupp3bik3ju4ozhazjrlv",
		"tcp_mss_default":	8894,
		"target_bitrate":	15000000000,
		"fq_rate":	0,
		"sock_bufsize":	0,
		"sndbuf_actual":	16384,
		"rcvbuf_actual":	131072,
		"test_start":	{
			"protocol":	"TCP",
			"num_streams":	1,
			"blksize":	131072,
			"omit":	0,
			"duration":	10,
			"bytes":	0,
			"blocks":	0,
			"reverse":	0,
			"tos":	0,
			"target_bitrate":	15000000000,
			"bidir":	0,
			"fqrate":	0
		}
	},
	"intervals":	[{
			"streams":	[{
					"socket":	5,
					"start":	0,
					"end":	2.000055,
					"seconds":	2.0000550746917725,
					"bytes":	3141664768,
					"bits_per_second":	12566313029.0916,
					"retransmits":	234,
					"snd_cwnd":	2837186,
					"snd_wnd":	5412224,
					"rtt":	371,
					"rttvar":	96,
					"pmtu":	8946,
					"omitted":	false,
					"sender":	true
				}],
			"sum":	{
				"start":	0,
				"end":	2.000055,
				"seconds":	2.0000550746917725,
				"bytes":	3141664768,
				"bits_per_second":	12566313029.0916,
				"retransmits":	234,
				"omitted":	false,
				"sender":	true
			}
		}, {
			"streams":	[{
					"socket":	5,
					"start":	2.000055,
					"end":	4.000055,
					"seconds":	2,
					"bytes":	3129212928,
					"bits_per_second":	12516851712,
					"retransmits":	48,
					"snd_cwnd":	3788844,
					"snd_wnd":	5394944,
					"rtt":	1812,
					"rttvar":	511,
					"pmtu":	8946,
					"omitted":	false,
					"sender":	true
				}],
			"sum":	{
				"start":	2.000055,
				"end":	4.000055,
				"seconds":	2,
				"bytes":	3129212928,
				"bits_per_second":	12516851712,
				"retransmits":	48,
				"omitted":	false,
				"sender":	true
			}
		}, {
			"streams":	[{
					"socket":	5,
					"start":	4.000055,
					"end":	6.000054,
					"seconds":	1.9999990463256836,
					"bytes":	3017015296,
					"bits_per_second":	12068066938.502745,
					"retransmits":	360,
					"snd_cwnd":	2472532,
					"snd_wnd":	5396480,
					"rtt":	1385,
					"rttvar":	147,
					"pmtu":	8946,
					"omitted":	false,
					"sender":	true
				}],
			"sum":	{
				"start":	4.000055,
				"end":	6.000054,
				"seconds":	1.9999990463256836,
				"bytes":	3017015296,
				"bits_per_second":	12068066938.502745,
				"retransmits":	360,
				"omitted":	false,
				"sender":	true
			}
		}, {
			"streams":	[{
					"socket":	5,
					"start":	6.000054,
					"end":	8.000055,
					"seconds":	2.0000009536743164,
					"bytes":	3607232512,
					"bits_per_second":	14428923167.753281,
					"retransmits":	25,
					"snd_cwnd":	2552578,
					"snd_wnd":	5211520,
					"rtt":	433,
					"rttvar":	68,
					"pmtu":	8946,
					"omitted":	false,
					"sender":	true
				}],
			"sum":	{
				"start":	6.000054,
				"end":	8.000055,
				"seconds":	2.0000009536743164,
				"bytes":	3607232512,
				"bits_per_second":	14428923167.753281,
				"retransmits":	25,
				"omitted":	false,
				"sender":	true
			}
		}, {
			"streams":	[{
					"socket":	5,
					"start":	8.000055,
					"end":	10.000336,
					"seconds":	2.0002810955047607,
					"bytes":	3170631680,
					"bits_per_second":	12680744469.866251,
					"retransmits":	204,
					"snd_cwnd":	2267970,
					"snd_wnd":	5307648,
					"rtt":	1770,
					"rttvar":	325,
					"pmtu":	8946,
					"omitted":	false,
					"sender":	true
				}],
			"sum":	{
				"start":	8.000055,
				"end":	10.000336,
				"seconds":	2.0002810955047607,
				"bytes":	3170631680,
				"bits_per_second":	12680744469.866251,
				"retransmits":	204,
				"omitted":	false,
				"sender":	true
			}
		}],
	"end":	{
		"streams":	[{
				"sender":	{
					"socket":	5,
					"start":	0,
					"end":	10.000336,
					"seconds":	10.000336,
					"bytes":	16128147456,
					"bits_per_second":	12902084454.76232,
					"retransmits":	871,
					"max_snd_cwnd":	3788844,
					"max_snd_wnd":	5412224,
					"max_rtt":	1812,
					"min_rtt":	371,
					"mean_rtt":	1154,
					"sender":	true
				},
				"receiver":	{
					"socket":	5,
					"start":	0,
					"end":	10.000606,
					"seconds":	10.000336,
					"bytes":	16124215296,
					"bits_per_second":	12898590582.210718,
					"sender":	true
				}
			}],
		"sum_sent":	{
			"start":	0,
			"end":	10.000336,
			"seconds":	10.000336,
			"bytes":	16128147456,
			"bits_per_second":	12902084454.76232,
			"retransmits":	871,
			"sender":	true
		},
		"sum_received":	{
			"start":	0,
			"end":	10.000606,
			"seconds":	10.000606,
			"bytes":	16124215296,
			"bits_per_second":	12898590582.210718,
			"sender":	true
		},
		"cpu_utilization_percent":	{
			"host_total":	89.148927767070859,
			"host_user":	0.26096542208157419,
			"host_system":	88.8879623449893,
			"remote_total":	20.43830121979547,
			"remote_user":	0.75739372324351,
			"remote_system":	19.680917495941
		},
		"sender_tcp_congestion":	"cubic",
		"receiver_tcp_congestion":	"cubic"
	}
}
