{
	"start":	{
		"connected":	[{
				"socket":	5,
				"local_host":	"192.0.1.254",
				"local_port":	45568,
				"remote_host":	"192.0.2.254",
				"remote_port":	5201
			}],
		"version":	"iperf 3.16",
		"system_info":	"Linux lab-dd2 6.8.0-100-generic #100-Ubuntu SMP PREEMPT_DYNAMIC Tue Jan 13 16:40:06 UTC 2026 x86_64",
		"timestamp":	{
			"time":	"Thu, 19 Mar 2026 06:25:01 GMT",
			"timesecs":	1773901501
		},
		"connecting_to":	{
			"host":	"192.0.2.254",
			"port":	5201
		},
		"cookie":	"vzjtx46zqezmjuq3kaumhrts6syoccf4so5j",
		"tcp_mss_default":	8894,
		"target_bitrate":	20000000000,
		"fq_rate":	0,
		"sock_bufsize":	0,
		"sndbuf_actual":	16384,
		"rcvbuf_actual":	131072,
		"test_start":	{
			"protocol":	"TCP",
			"num_streams":	1,
			"blksize":	131072,
			"omit":	0,
			"duration":	10,
			"bytes":	0,
			"blocks":	0,
			"reverse":	0,
			"tos":	0,
			"target_bitrate":	20000000000,
			"bidir":	0,
			"fqrate":	0
		}
	},
	"intervals":	[{
			"streams":	[{
					"socket":	5,
					"start":	0,
					"end":	2.00006,
					"seconds":	2.0000600814819336,
					"bytes":	4039770112,
					"bits_per_second":	16158595031.832262,
					"retransmits":	19,
					"snd_cwnd":	2935020,
					"snd_wnd":	5342464,
					"rtt":	1018,
					"rttvar":	610,
					"pmtu":	8946,
					"omitted":	false,
					"sender":	true
				}],
			"sum":	{
				"start":	0,
				"end":	2.00006,
				"seconds":	2.0000600814819336,
				"bytes":	4039770112,
				"bits_per_second":	16158595031.832262,
				"retransmits":	19,
				"omitted":	false,
				"sender":	true
			}
		}, {
			"streams":	[{
					"socket":	5,
					"start":	2.00006,
					"end":	4.00006,
					"seconds":	2,
					"bytes":	3112173568,
					"bits_per_second":	12448694272,
					"retransmits":	473,
					"snd_cwnd":	2757140,
					"snd_wnd":	5309696,
					"rtt":	361,
					"rttvar":	48,
					"pmtu":	8946,
					"omitted":	false,
					"sender":	true
				}],
			"sum":	{
				"start":	2.00006,
				"end":	4.00006,
				"seconds":	2,
				"bytes":	3112173568,
				"bits_per_second":	12448694272,
				"retransmits":	473,
				"omitted":	false,
				"sender":	true
			}
		}, {
			"streams":	[{
					"socket":	5,
					"start":	4.00006,
					"end":	6.000061,
					"seconds":	2.0000009536743164,
					"bytes":	3058565120,
					"bits_per_second":	12234254646.252781,
					"retransmits":	147,
					"snd_cwnd":	2881656,
					"snd_wnd":	5429760,
					"rtt":	247,
					"rttvar":	172,
					"pmtu":	8946,
					"omitted":	false,
					"sender":	true
				}],
			"sum":	{
				"start":	4.00006,
				"end":	6.000061,
				"seconds":	2.0000009536743164,
				"bytes":	3058565120,
				"bits_per_second":	12234254646.252781,
				"retransmits":	147,
				"omitted":	false,
				"sender":	true
			}
		}, {
			"streams":	[{
					"socket":	5,
					"start":	6.000061,
					"end":	8.000059,
					"seconds":	1.9999979734420776,
					"bytes":	4022468608,
					"bits_per_second":	16089890735.54777,
					"retransmits":	219,
					"snd_cwnd":	2330228,
					"snd_wnd":	5432192,
					"rtt":	414,
					"rttvar":	36,
					"pmtu":	8946,
					"omitted":	false,
					"sender":	true
				}],
			"sum":	{
				"start":	6.000061,
				"end":	8.000059,
				"seconds":	1.9999979734420776,
				"bytes":	4022468608,
				"bits_per_second":	16089890735.54777,
				"retransmits":	219,
				"omitted":	false,
				"sender":	true
			}
		}, {
			"streams":	[{
					"socket":	5,
					"start":	8.000059,
					"end":	10.000324,
					"seconds":	2.0002648830413818,
					"bytes":	3640918016,
					"bits_per_second":	14561743484.548996,
					"retransmits":	44,
					"snd_cwnd":	2597048,
					"snd_wnd":	5387136,
					"rtt":	1811,
					"rttvar":	236,
					"pmtu":	8946,
					"omitted":	false,
					"sender":	true
				}],
			"sum":	{
				"start":	8.000059,
				"end":	10.000324,
				"seconds":	2.0002648830413818,
				"bytes":	3640918016,
				"bits_per_second":	14561743484.548996,
				"retransmits":	44,
				"omitted":	false,
				"sender":	true
			}
		}],
	"end":	{
		"streams":	[{
				"sender":	{
					"socket":	5,
					"start":	0,
					"end":	10.000324,
					"seconds":	10.000324,
					"bytes":	17915052032,
					"bits_per_second":	14331577282.496046,
					"retransmits":	902,
					"max_snd_cwnd":	2935020,
					"max_snd_wnd":	5432192,
					"max_rtt":	1811,
					"min_rtt":	247,
					"mean_rtt":	770,
					"sender":	true
				},
				"receiver":	{
					"socket":	5,
					"start":	0,
					"end":	10.001236,
					"seconds":	10.000324,
					"bytes":	17915052032,
					"bits_per_second":	14330270404.178043,
					"sender":	true
				}
			}],
		"sum_sent":	{
			"start":	0,
			"end":	10.000324,
			"seconds":	10.000324,
			"bytes":	17915052032,
			"bits_per_second":	14331577282.496046,
			"retransmits":	902,
			"sender":	true
		},
		"sum_received":	{
			"start":	0,
			"end":	10.001236,
			"seconds":	10.001236,
			"bytes":	17915052032,
			"bits_per_second":	14330270404.178043,
			"sender":	true
		},
		"cpu_utilization_percent":	{
			"host_total":	90.593787022390231,
			"host_user":	0.28239625681981861,
			"host_system":	90.3114107624729,
			"remote_total":	24.213213033656007,
			"remote_user":	1.0042948648598384,
			"remote_system":	23.208938166304481
		},
		"sender_tcp_congestion":	"cubic",
		"receiver_tcp_congestion":	"cubic"
	}
}
