{
	"start":	{
		"connected":	[{
				"socket":	5,
				"local_host":	"192.0.1.254",
				"local_port":	52430,
				"remote_host":	"192.0.2.254",
				"remote_port":	5201
			}],
		"version":	"iperf 3.16",
		"system_info":	"Linux lab-dd2 6.8.0-100-generic #100-Ubuntu SMP PREEMPT_DYNAMIC Tue Jan 13 16:40:06 UTC 2026 x86_64",
		"timestamp":	{
			"time":	"Thu, 19 Mar 2026 06:08:41 GMT",
			"timesecs":	1773900521
		},
		"connecting_to":	{
			"host":	"192.0.2.254",
			"port":	5201
		},
		"cookie":	"lxicvwk2gj3ik53joc2o2tyua5mwt4swfk3t",
		"tcp_mss_default":	8894,
		"target_bitrate":	10000000000,
		"fq_rate":	0,
		"sock_bufsize":	0,
		"sndbuf_actual":	16384,
		"rcvbuf_actual":	131072,
		"test_start":	{
			"protocol":	"TCP",
			"num_streams":	1,
			"blksize":	131072,
			"omit":	0,
			"duration":	10,
			"bytes":	0,
			"blocks":	0,
			"reverse":	0,
			"tos":	0,
			"target_bitrate":	10000000000,
			"bidir":	0,
			"fqrate":	0
		}
	},
	"intervals":	[{
			"streams":	[{
					"socket":	5,
					"start":	0,
					"end":	2.000056,
					"seconds":	2.0000560283660889,
					"bytes":	2497708032,
					"bits_per_second":	9990552250.84053,
					"retransmits":	90,
					"snd_cwnd":	2072302,
					"snd_wnd":	5394944,
					"rtt":	1700,
					"rttvar":	383,
					"pmtu":	8946,
					"omitted":	false,
					"sender":	true
				}],
			"sum":	{
				"start":	0,
				"end":	2.000056,
				"seconds":	2.0000560283660889,
				"bytes":	2497708032,
				"bits_per_second":	9990552250.84053,
				"retransmits":	90,
				"omitted":	false,
				"sender":	true
			}
		}, {
			"streams":	[{
					"socket":	5,
					"start":	2.000056,
					"end":	4.000055,
					"seconds":	1.9999990463256836,
					"bytes":	2501115904,
					"bits_per_second":	10004468386.502275,
					"retransmits":	175,
					"snd_cwnd":	2365804,
					"snd_wnd":	5377408,
					"rtt":	1178,
					"rttvar":	98,
					"pmtu":	8946,
					"omitted":	false,
					"sender":	true
				}],
			"sum":	{
				"start":	2.000056,
				"end":	4.000055,
				"seconds":	1.9999990463256836,
				"bytes":	2501115904,
				"bits_per_second":	10004468386.502275,
				"retransmits":	175,
				"omitted":	false,
				"sender":	true
			}
		}, {
			"streams":	[{
					"socket":	5,
					"start":	4.000055,
					"end":	6.000057,
					"seconds":	2.0000019073486328,
					"bytes":	2500198400,
					"bits_per_second":	10000784062.509096,
					"retransmits":	38,
					"snd_cwnd":	2641518,
					"snd_wnd":	5394944,
					"rtt":	938,
					"rttvar":	94,
					"pmtu":	8946,
					"omitted":	false,
					"sender":	true
				}],
			"sum":	{
				"start":	4.000055,
				"end":	6.000057,
				"seconds":	2.0000019073486328,
				"bytes":	2500198400,
				"bits_per_second":	10000784062.509096,
				"retransmits":	38,
				"omitted":	false,
				"sender":	true
			}
		}, {
			"streams":	[{
					"socket":	5,
					"start":	6.000057,
					"end":	8.000056,
					"seconds":	1.9999990463256836,
					"bytes":	2500460544,
					"bits_per_second":	10001846945.252274,
					"retransmits":	5,
					"snd_cwnd":	2428062,
					"snd_wnd":	5394944,
					"rtt":	955,
					"rttvar":	86,
					"pmtu":	8946,
					"omitted":	false,
					"sender":	true
				}],
			"sum":	{
				"start":	6.000057,
				"end":	8.000056,
				"seconds":	1.9999990463256836,
				"bytes":	2500460544,
				"bits_per_second":	10001846945.252274,
				"retransmits":	5,
				"omitted":	false,
				"sender":	true
			}
		}, {
			"streams":	[{
					"socket":	5,
					"start":	8.000056,
					"end":	10.000298,
					"seconds":	2.0002419948577881,
					"bytes":	2500460544,
					"bits_per_second":	10000632125.225533,
					"retransmits":	8,
					"snd_cwnd":	2081196,
					"snd_wnd":	5379840,
					"rtt":	749,
					"rttvar":	160,
					"pmtu":	8946,
					"omitted":	false,
					"sender":	true
				}],
			"sum":	{
				"start":	8.000056,
				"end":	10.000298,
				"seconds":	2.0002419948577881,
				"bytes":	2500460544,
				"bits_per_second":	10000632125.225533,
				"retransmits":	8,
				"omitted":	false,
				"sender":	true
			}
		}],
	"end":	{
		"streams":	[{
				"sender":	{
					"socket":	5,
					"start":	0,
					"end":	10.000298,
					"seconds":	10.000298,
					"bytes":	12499943424,
					"bits_per_second":	9999656749.4288654,
					"retransmits":	316,
					"max_snd_cwnd":	2641518,
					"max_snd_wnd":	5394944,
					"max_rtt":	1700,
					"min_rtt":	749,
					"mean_rtt":	1104,
					"sender":	true
				},
				"receiver":	{
					"socket":	5,
					"start":	0,
					"end":	10.000439,
					"seconds":	10.000298,
					"bytes":	12499943424,
					"bits_per_second":	9999515760.4581165,
					"sender":	true
				}
			}],
		"sum_sent":	{
			"start":	0,
			"end":	10.000298,
			"seconds":	10.000298,
			"bytes":	12499943424,
			"bits_per_second":	9999656749.4288654,
			"retransmits":	316,
			"sender":	true
		},
		"sum_received":	{
			"start":	0,
			"end":	10.000439,
			"seconds":	10.000439,
			"bytes":	12499943424,
			"bits_per_second":	9999515760.4581165,
			"sender":	true
		},
		"cpu_utilization_percent":	{
			"host_total":	95.60835706188206,
			"host_user":	24.982267330072826,
			"host_system":	70.626089731809245,
			"remote_total":	17.672541804635514,
			"remote_user":	1.0826917119496471,
			"remote_system":	16.589860092239885
		},
		"sender_tcp_congestion":	"cubic",
		"receiver_tcp_congestion":	"cubic"
	}
}
