{
	"start":	{
		"connected":	[{
				"socket":	5,
				"local_host":	"192.0.1.254",
				"local_port":	56448,
				"remote_host":	"192.0.2.254",
				"remote_port":	5201
			}],
		"version":	"iperf 3.16",
		"system_info":	"Linux lab-dd2 6.8.0-100-generic #100-Ubuntu SMP PREEMPT_DYNAMIC Tue Jan 13 16:40:06 UTC 2026 x86_64",
		"timestamp":	{
			"time":	"Thu, 19 Mar 2026 06:09:41 GMT",
			"timesecs":	1773900581
		},
		"connecting_to":	{
			"host":	"192.0.2.254",
			"port":	5201
		},
		"cookie":	"w7urs6o4m7ci53rgvzcpght25idjgli7gyvh",
		"tcp_mss_default":	8894,
		"target_bitrate":	11000000000,
		"fq_rate":	0,
		"sock_bufsize":	0,
		"sndbuf_actual":	16384,
		"rcvbuf_actual":	131072,
		"test_start":	{
			"protocol":	"TCP",
			"num_streams":	1,
			"blksize":	131072,
			"omit":	0,
			"duration":	10,
			"bytes":	0,
			"blocks":	0,
			"reverse":	0,
			"tos":	0,
			"target_bitrate":	11000000000,
			"bidir":	0,
			"fqrate":	0
		}
	},
	"intervals":	[{
			"streams":	[{
					"socket":	5,
					"start":	0,
					"end":	2.000055,
					"seconds":	2.0000550746917725,
					"bytes":	2699296768,
					"bits_per_second":	10796889754.31234,
					"retransmits":	185,
					"snd_cwnd":	3806632,
					"snd_wnd":	5220352,
					"rtt":	444,
					"rttvar":	117,
					"pmtu":	8946,
					"omitted":	false,
					"sender":	true
				}],
			"sum":	{
				"start":	0,
				"end":	2.000055,
				"seconds":	2.0000550746917725,
				"bytes":	2699296768,
				"bits_per_second":	10796889754.31234,
				"retransmits":	185,
				"omitted":	false,
				"sender":	true
			}
		}, {
			"streams":	[{
					"socket":	5,
					"start":	2.000055,
					"end":	4.000055,
					"seconds":	2,
					"bytes":	2774925312,
					"bits_per_second":	11099701248,
					"retransmits":	157,
					"snd_cwnd":	3806632,
					"snd_wnd":	5272832,
					"rtt":	1266,
					"rttvar":	196,
					"pmtu":	8946,
					"omitted":	false,
					"sender":	true
				}],
			"sum":	{
				"start":	2.000055,
				"end":	4.000055,
				"seconds":	2,
				"bytes":	2774925312,
				"bits_per_second":	11099701248,
				"retransmits":	157,
				"omitted":	false,
				"sender":	true
			}
		}, {
			"streams":	[{
					"socket":	5,
					"start":	4.000055,
					"end":	6.000055,
					"seconds":	2,
					"bytes":	2750545920,
					"bits_per_second":	11002183680,
					"retransmits":	110,
					"snd_cwnd":	3806632,
					"snd_wnd":	5185536,
					"rtt":	499,
					"rttvar":	120,
					"pmtu":	8946,
					"omitted":	false,
					"sender":	true
				}],
			"sum":	{
				"start":	4.000055,
				"end":	6.000055,
				"seconds":	2,
				"bytes":	2750545920,
				"bits_per_second":	11002183680,
				"retransmits":	110,
				"omitted":	false,
				"sender":	true
			}
		}, {
			"streams":	[{
					"socket":	5,
					"start":	6.000055,
					"end":	8.000055,
					"seconds":	2,
					"bytes":	2748710912,
					"bits_per_second":	10994843648,
					"retransmits":	68,
					"snd_cwnd":	2952808,
					"snd_wnd":	5394944,
					"rtt":	1166,
					"rttvar":	92,
					"pmtu":	8946,
					"omitted":	false,
					"sender":	true
				}],
			"sum":	{
				"start":	6.000055,
				"end":	8.000055,
				"seconds":	2,
				"bytes":	2748710912,
				"bits_per_second":	10994843648,
				"retransmits":	68,
				"omitted":	false,
				"sender":	true
			}
		}, {
			"streams":	[{
					"socket":	5,
					"start":	8.000055,
					"end":	10.000176,
					"seconds":	2.0001211166381836,
					"bytes":	2734817280,
					"bits_per_second":	10938606696.365261,
					"retransmits":	21,
					"snd_cwnd":	3726586,
					"snd_wnd":	5394944,
					"rtt":	488,
					"rttvar":	243,
					"pmtu":	8946,
					"omitted":	false,
					"sender":	true
				}],
			"sum":	{
				"start":	8.000055,
				"end":	10.000176,
				"seconds":	2.0001211166381836,
				"bytes":	2734817280,
				"bits_per_second":	10938606696.365261,
				"retransmits":	21,
				"omitted":	false,
				"sender":	true
			}
		}],
	"end":	{
		"streams":	[{
				"sender":	{
					"socket":	5,
					"start":	0,
					"end":	10.000176,
					"seconds":	10.000176,
					"bytes":	13734772736,
					"bits_per_second":	10987624806.603405,
					"retransmits":	541,
					"max_snd_cwnd":	3806632,
					"max_snd_wnd":	5394944,
					"max_rtt":	1266,
					"min_rtt":	444,
					"mean_rtt":	772,
					"sender":	true
				},
				"receiver":	{
					"socket":	5,
					"start":	0,
					"end":	10.000308,
					"seconds":	10.000176,
					"bytes":	13734641664,
					"bits_per_second":	10987374920.052462,
					"sender":	true
				}
			}],
		"sum_sent":	{
			"start":	0,
			"end":	10.000176,
			"seconds":	10.000176,
			"bytes":	13734772736,
			"bits_per_second":	10987624806.603405,
			"retransmits":	541,
			"sender":	true
		},
		"sum_received":	{
			"start":	0,
			"end":	10.000308,
			"seconds":	10.000308,
			"bytes":	13734641664,
			"bits_per_second":	10987374920.052462,
			"sender":	true
		},
		"cpu_utilization_percent":	{
			"host_total":	92.9888758738296,
			"host_user":	14.083180727180194,
			"host_system":	78.9056951466494,
			"remote_total":	19.073531554343418,
			"remote_user":	0.794564653387557,
			"remote_system":	18.27897690063687
		},
		"sender_tcp_congestion":	"cubic",
		"receiver_tcp_congestion":	"cubic"
	}
}
