{
	"start":	{
		"connected":	[{
				"socket":	5,
				"local_host":	"192.0.1.254",
				"local_port":	40310,
				"remote_host":	"192.0.2.254",
				"remote_port":	5201
			}],
		"version":	"iperf 3.16",
		"system_info":	"Linux lab-dd2 6.8.0-100-generic #100-Ubuntu SMP PREEMPT_DYNAMIC Tue Jan 13 16:40:06 UTC 2026 x86_64",
		"timestamp":	{
			"time":	"Thu, 19 Mar 2026 06:20:21 GMT",
			"timesecs":	1773901221
		},
		"connecting_to":	{
			"host":	"192.0.2.254",
			"port":	5201
		},
		"cookie":	"yvyrpwddvdjto3ojidyj3kgnrlzov6x5krv2",
		"tcp_mss_default":	8894,
		"target_bitrate":	17000000000,
		"fq_rate":	0,
		"sock_bufsize":	0,
		"sndbuf_actual":	16384,
		"rcvbuf_actual":	131072,
		"test_start":	{
			"protocol":	"TCP",
			"num_streams":	1,
			"blksize":	131072,
			"omit":	0,
			"duration":	10,
			"bytes":	0,
			"blocks":	0,
			"reverse":	0,
			"tos":	0,
			"target_bitrate":	17000000000,
			"bidir":	0,
			"fqrate":	0
		}
	},
	"intervals":	[{
			"streams":	[{
					"socket":	5,
					"start":	0,
					"end":	2.000056,
					"seconds":	2.0000560283660889,
					"bytes":	3636199424,
					"bits_per_second":	14544390246.789356,
					"retransmits":	52,
					"snd_cwnd":	2712670,
					"snd_wnd":	5098752,
					"rtt":	396,
					"rttvar":	26,
					"pmtu":	8946,
					"omitted":	false,
					"sender":	true
				}],
			"sum":	{
				"start":	0,
				"end":	2.000056,
				"seconds":	2.0000560283660889,
				"bytes":	3636199424,
				"bits_per_second":	14544390246.789356,
				"retransmits":	52,
				"omitted":	false,
				"sender":	true
			}
		}, {
			"streams":	[{
					"socket":	5,
					"start":	2.000056,
					"end":	4.000057,
					"seconds":	2.0000009536743164,
					"bytes":	4095737856,
					"bits_per_second":	16382943612.003725,
					"retransmits":	0,
					"snd_cwnd":	3468660,
					"snd_wnd":	5412224,
					"rtt":	158,
					"rttvar":	35,
					"pmtu":	8946,
					"omitted":	false,
					"sender":	true
				}],
			"sum":	{
				"start":	2.000056,
				"end":	4.000057,
				"seconds":	2.0000009536743164,
				"bytes":	4095737856,
				"bits_per_second":	16382943612.003725,
				"retransmits":	0,
				"omitted":	false,
				"sender":	true
			}
		}, {
			"streams":	[{
					"socket":	5,
					"start":	4.000057,
					"end":	6.000058,
					"seconds":	2.0000009536743164,
					"bytes":	4310433792,
					"bits_per_second":	17241726946.503922,
					"retransmits":	24,
					"snd_cwnd":	2081196,
					"snd_wnd":	5220352,
					"rtt":	414,
					"rttvar":	43,
					"pmtu":	8946,
					"omitted":	false,
					"sender":	true
				}],
			"sum":	{
				"start":	4.000057,
				"end":	6.000058,
				"seconds":	2.0000009536743164,
				"bytes":	4310433792,
				"bits_per_second":	17241726946.503922,
				"retransmits":	24,
				"omitted":	false,
				"sender":	true
			}
		}, {
			"streams":	[{
					"socket":	5,
					"start":	6.000058,
					"end":	8.000056,
					"seconds":	1.9999979734420776,
					"bytes":	4302569472,
					"bits_per_second":	17210295326.83017,
					"retransmits":	9,
					"snd_cwnd":	1832164,
					"snd_wnd":	5394944,
					"rtt":	365,
					"rttvar":	48,
					"pmtu":	8946,
					"omitted":	false,
					"sender":	true
				}],
			"sum":	{
				"start":	6.000058,
				"end":	8.000056,
				"seconds":	1.9999979734420776,
				"bytes":	4302569472,
				"bits_per_second":	17210295326.83017,
				"retransmits":	9,
				"omitted":	false,
				"sender":	true
			}
		}, {
			"streams":	[{
					"socket":	5,
					"start":	8.000056,
					"end":	10.000342,
					"seconds":	2.0002861022949219,
					"bytes":	4141481984,
					"bits_per_second":	16563558499.950546,
					"retransmits":	20,
					"snd_cwnd":	2579260,
					"snd_wnd":	5172608,
					"rtt":	375,
					"rttvar":	39,
					"pmtu":	8946,
					"omitted":	false,
					"sender":	true
				}],
			"sum":	{
				"start":	8.000056,
				"end":	10.000342,
				"seconds":	2.0002861022949219,
				"bytes":	4141481984,
				"bits_per_second":	16563558499.950546,
				"retransmits":	20,
				"omitted":	false,
				"sender":	true
			}
		}],
	"end":	{
		"streams":	[{
				"sender":	{
					"socket":	5,
					"start":	0,
					"end":	10.000342,
					"seconds":	10.000342,
					"bytes":	20519845888,
					"bits_per_second":	16415315306.616514,
					"retransmits":	105,
					"max_snd_cwnd":	3468660,
					"max_snd_wnd":	5412224,
					"max_rtt":	414,
					"min_rtt":	158,
					"mean_rtt":	341,
					"sender":	true
				},
				"receiver":	{
					"socket":	5,
					"start":	0,
					"end":	10.000485,
					"seconds":	10.000342,
					"bytes":	20519845888,
					"bits_per_second":	16415080578.99192,
					"sender":	true
				}
			}],
		"sum_sent":	{
			"start":	0,
			"end":	10.000342,
			"seconds":	10.000342,
			"bytes":	20519845888,
			"bits_per_second":	16415315306.616514,
			"retransmits":	105,
			"sender":	true
		},
		"sum_received":	{
			"start":	0,
			"end":	10.000485,
			"seconds":	10.000485,
			"bytes":	20519845888,
			"bits_per_second":	16415080578.99192,
			"sender":	true
		},
		"cpu_utilization_percent":	{
			"host_total":	96.073579122332973,
			"host_user":	0.45113575826802266,
			"host_system":	95.622443364064964,
			"remote_total":	26.108452409915227,
			"remote_user":	1.132673706116806,
			"remote_system":	24.9758087023075
		},
		"sender_tcp_congestion":	"cubic",
		"receiver_tcp_congestion":	"cubic"
	}
}
