{
	"start":	{
		"connected":	[{
				"socket":	5,
				"local_host":	"192.0.1.254",
				"local_port":	54802,
				"remote_host":	"192.0.2.254",
				"remote_port":	5201
			}],
		"version":	"iperf 3.16",
		"system_info":	"Linux lab-dd2 6.8.0-100-generic #100-Ubuntu SMP PREEMPT_DYNAMIC Tue Jan 13 16:40:06 UTC 2026 x86_64",
		"timestamp":	{
			"time":	"Thu, 19 Mar 2026 06:08:21 GMT",
			"timesecs":	1773900501
		},
		"connecting_to":	{
			"host":	"192.0.2.254",
			"port":	5201
		},
		"cookie":	"76cf74dkq5zokwrmffxbimh2c6mciasqnfr6",
		"tcp_mss_default":	8894,
		"target_bitrate":	10000000000,
		"fq_rate":	0,
		"sock_bufsize":	0,
		"sndbuf_actual":	16384,
		"rcvbuf_actual":	131072,
		"test_start":	{
			"protocol":	"TCP",
			"num_streams":	1,
			"blksize":	131072,
			"omit":	0,
			"duration":	10,
			"bytes":	0,
			"blocks":	0,
			"reverse":	0,
			"tos":	0,
			"target_bitrate":	10000000000,
			"bidir":	0,
			"fqrate":	0
		}
	},
	"intervals":	[{
			"streams":	[{
					"socket":	5,
					"start":	0,
					"end":	2.000055,
					"seconds":	2.0000550746917725,
					"bytes":	2499149824,
					"bits_per_second":	9996324023.767767,
					"retransmits":	77,
					"snd_cwnd":	3904466,
					"snd_wnd":	5394944,
					"rtt":	945,
					"rttvar":	91,
					"pmtu":	8946,
					"omitted":	false,
					"sender":	true
				}],
			"sum":	{
				"start":	0,
				"end":	2.000055,
				"seconds":	2.0000550746917725,
				"bytes":	2499149824,
				"bits_per_second":	9996324023.767767,
				"retransmits":	77,
				"omitted":	false,
				"sender":	true
			}
		}, {
			"streams":	[{
					"socket":	5,
					"start":	2.000055,
					"end":	4.000056,
					"seconds":	2.0000009536743164,
					"bytes":	2495086592,
					"bits_per_second":	9980341609.00227,
					"retransmits":	86,
					"snd_cwnd":	2926126,
					"snd_wnd":	5360000,
					"rtt":	1859,
					"rttvar":	91,
					"pmtu":	8946,
					"omitted":	false,
					"sender":	true
				}],
			"sum":	{
				"start":	2.000055,
				"end":	4.000056,
				"seconds":	2.0000009536743164,
				"bytes":	2495086592,
				"bits_per_second":	9980341609.00227,
				"retransmits":	86,
				"omitted":	false,
				"sender":	true
			}
		}, {
			"streams":	[{
					"socket":	5,
					"start":	4.000056,
					"end":	6.000056,
					"seconds":	2,
					"bytes":	2498887680,
					"bits_per_second":	9995550720,
					"retransmits":	11,
					"snd_cwnd":	3015066,
					"snd_wnd":	5272832,
					"rtt":	320,
					"rttvar":	182,
					"pmtu":	8946,
					"omitted":	false,
					"sender":	true
				}],
			"sum":	{
				"start":	4.000056,
				"end":	6.000056,
				"seconds":	2,
				"bytes":	2498887680,
				"bits_per_second":	9995550720,
				"retransmits":	11,
				"omitted":	false,
				"sender":	true
			}
		}, {
			"streams":	[{
					"socket":	5,
					"start":	6.000056,
					"end":	8.000057,
					"seconds":	2.0000009536743164,
					"bytes":	2499411968,
					"bits_per_second":	9997643104.7522736,
					"retransmits":	268,
					"snd_cwnd":	2312440,
					"snd_wnd":	5421056,
					"rtt":	426,
					"rttvar":	78,
					"pmtu":	8946,
					"omitted":	false,
					"sender":	true
				}],
			"sum":	{
				"start":	6.000056,
				"end":	8.000057,
				"seconds":	2.0000009536743164,
				"bytes":	2499411968,
				"bits_per_second":	9997643104.7522736,
				"retransmits":	268,
				"omitted":	false,
				"sender":	true
			}
		}, {
			"streams":	[{
					"socket":	5,
					"start":	8.000057,
					"end":	10.000256,
					"seconds":	2.00019907951355,
					"bytes":	2497576960,
					"bits_per_second":	9989313506.16325,
					"retransmits":	23,
					"snd_cwnd":	2517002,
					"snd_wnd":	5447552,
					"rtt":	469,
					"rttvar":	98,
					"pmtu":	8946,
					"omitted":	false,
					"sender":	true
				}],
			"sum":	{
				"start":	8.000057,
				"end":	10.000256,
				"seconds":	2.00019907951355,
				"bytes":	2497576960,
				"bits_per_second":	9989313506.16325,
				"retransmits":	23,
				"omitted":	false,
				"sender":	true
			}
		}],
	"end":	{
		"streams":	[{
				"sender":	{
					"socket":	5,
					"start":	0,
					"end":	10.000256,
					"seconds":	10.000256,
					"bytes":	12499419136,
					"bits_per_second":	9999279327.24922,
					"retransmits":	465,
					"max_snd_cwnd":	3904466,
					"max_snd_wnd":	5447552,
					"max_rtt":	1859,
					"min_rtt":	320,
					"mean_rtt":	803,
					"sender":	true
				},
				"receiver":	{
					"socket":	5,
					"start":	0,
					"end":	10.000387,
					"seconds":	10.000256,
					"bytes":	12499419136,
					"bits_per_second":	9999148341.7591743,
					"sender":	true
				}
			}],
		"sum_sent":	{
			"start":	0,
			"end":	10.000256,
			"seconds":	10.000256,
			"bytes":	12499419136,
			"bits_per_second":	9999279327.24922,
			"retransmits":	465,
			"sender":	true
		},
		"sum_received":	{
			"start":	0,
			"end":	10.000387,
			"seconds":	10.000387,
			"bytes":	12499419136,
			"bits_per_second":	9999148341.7591743,
			"sender":	true
		},
		"cpu_utilization_percent":	{
			"host_total":	98.8549564891865,
			"host_user":	30.354001802985088,
			"host_system":	68.500944687393257,
			"remote_total":	17.508961897797416,
			"remote_user":	0.648734504733964,
			"remote_system":	16.860247392277483
		},
		"sender_tcp_congestion":	"cubic",
		"receiver_tcp_congestion":	"cubic"
	}
}
