{
	"start":	{
		"connected":	[{
				"socket":	5,
				"local_host":	"192.0.1.254",
				"local_port":	60348,
				"remote_host":	"192.0.2.254",
				"remote_port":	5201
			}],
		"version":	"iperf 3.16",
		"system_info":	"Linux lab-dd2 6.8.0-100-generic #100-Ubuntu SMP PREEMPT_DYNAMIC Tue Jan 13 16:40:06 UTC 2026 x86_64",
		"timestamp":	{
			"time":	"Thu, 19 Mar 2026 06:23:41 GMT",
			"timesecs":	1773901421
		},
		"connecting_to":	{
			"host":	"192.0.2.254",
			"port":	5201
		},
		"cookie":	"xkltnr23ewrxrhq2zr7zlzxum47rsqorfntt",
		"tcp_mss_default":	8894,
		"target_bitrate":	19000000000,
		"fq_rate":	0,
		"sock_bufsize":	0,
		"sndbuf_actual":	16384,
		"rcvbuf_actual":	131072,
		"test_start":	{
			"protocol":	"TCP",
			"num_streams":	1,
			"blksize":	131072,
			"omit":	0,
			"duration":	10,
			"bytes":	0,
			"blocks":	0,
			"reverse":	0,
			"tos":	0,
			"target_bitrate":	19000000000,
			"bidir":	0,
			"fqrate":	0
		}
	},
	"intervals":	[{
			"streams":	[{
					"socket":	5,
					"start":	0,
					"end":	2.000055,
					"seconds":	2.0000550746917725,
					"bytes":	3295674368,
					"bits_per_second":	13182334465.496235,
					"retransmits":	265,
					"snd_cwnd":	2801610,
					"snd_wnd":	5220352,
					"rtt":	2013,
					"rttvar":	112,
					"pmtu":	8946,
					"omitted":	false,
					"sender":	true
				}],
			"sum":	{
				"start":	0,
				"end":	2.000055,
				"seconds":	2.0000550746917725,
				"bytes":	3295674368,
				"bits_per_second":	13182334465.496235,
				"retransmits":	265,
				"omitted":	false,
				"sender":	true
			}
		}, {
			"streams":	[{
					"socket":	5,
					"start":	2.000055,
					"end":	4.000055,
					"seconds":	2,
					"bytes":	3362127872,
					"bits_per_second":	13448511488,
					"retransmits":	49,
					"snd_cwnd":	3797738,
					"snd_wnd":	5261440,
					"rtt":	409,
					"rttvar":	91,
					"pmtu":	8946,
					"omitted":	false,
					"sender":	true
				}],
			"sum":	{
				"start":	2.000055,
				"end":	4.000055,
				"seconds":	2,
				"bytes":	3362127872,
				"bits_per_second":	13448511488,
				"retransmits":	49,
				"omitted":	false,
				"sender":	true
			}
		}, {
			"streams":	[{
					"socket":	5,
					"start":	4.000055,
					"end":	6.000054,
					"seconds":	1.9999990463256836,
					"bytes":	3330015232,
					"bits_per_second":	13320067279.503029,
					"retransmits":	307,
					"snd_cwnd":	3815526,
					"snd_wnd":	5342464,
					"rtt":	1608,
					"rttvar":	504,
					"pmtu":	8946,
					"omitted":	false,
					"sender":	true
				}],
			"sum":	{
				"start":	4.000055,
				"end":	6.000054,
				"seconds":	1.9999990463256836,
				"bytes":	3330015232,
				"bits_per_second":	13320067279.503029,
				"retransmits":	307,
				"omitted":	false,
				"sender":	true
			}
		}, {
			"streams":	[{
					"socket":	5,
					"start":	6.000054,
					"end":	8.000057,
					"seconds":	2.0000030994415283,
					"bytes":	3212967936,
					"bits_per_second":	12851851827.218365,
					"retransmits":	0,
					"snd_cwnd":	3815526,
					"snd_wnd":	5342464,
					"rtt":	1229,
					"rttvar":	631,
					"pmtu":	8946,
					"omitted":	false,
					"sender":	true
				}],
			"sum":	{
				"start":	6.000054,
				"end":	8.000057,
				"seconds":	2.0000030994415283,
				"bytes":	3212967936,
				"bits_per_second":	12851851827.218365,
				"retransmits":	0,
				"omitted":	false,
				"sender":	true
			}
		}, {
			"streams":	[{
					"socket":	5,
					"start":	8.000057,
					"end":	10.000252,
					"seconds":	2.0001950263977051,
					"bytes":	3209822208,
					"bits_per_second":	12838036953.949633,
					"retransmits":	14,
					"snd_cwnd":	3815526,
					"snd_wnd":	5394944,
					"rtt":	440,
					"rttvar":	79,
					"pmtu":	8946,
					"omitted":	false,
					"sender":	true
				}],
			"sum":	{
				"start":	8.000057,
				"end":	10.000252,
				"seconds":	2.0001950263977051,
				"bytes":	3209822208,
				"bits_per_second":	12838036953.949633,
				"retransmits":	14,
				"omitted":	false,
				"sender":	true
			}
		}],
	"end":	{
		"streams":	[{
				"sender":	{
					"socket":	5,
					"start":	0,
					"end":	10.000252,
					"seconds":	10.000252,
					"bytes":	16644046848,
					"bits_per_second":	13314901942.87104,
					"retransmits":	635,
					"max_snd_cwnd":	3815526,
					"max_snd_wnd":	5394944,
					"max_rtt":	2013,
					"min_rtt":	409,
					"mean_rtt":	1139,
					"sender":	true
				},
				"receiver":	{
					"socket":	5,
					"start":	0,
					"end":	10.000387,
					"seconds":	10.000252,
					"bytes":	16644046848,
					"bits_per_second":	13314722198.650913,
					"sender":	true
				}
			}],
		"sum_sent":	{
			"start":	0,
			"end":	10.000252,
			"seconds":	10.000252,
			"bytes":	16644046848,
			"bits_per_second":	13314901942.87104,
			"retransmits":	635,
			"sender":	true
		},
		"sum_received":	{
			"start":	0,
			"end":	10.000387,
			"seconds":	10.000387,
			"bytes":	16644046848,
			"bits_per_second":	13314722198.650913,
			"sender":	true
		},
		"cpu_utilization_percent":	{
			"host_total":	91.161896302049627,
			"host_user":	0.24279850903337835,
			"host_system":	90.919117790422575,
			"remote_total":	21.970114377493527,
			"remote_user":	0.80137842569002782,
			"remote_system":	21.168745951409516
		},
		"sender_tcp_congestion":	"cubic",
		"receiver_tcp_congestion":	"cubic"
	}
}
