{
	"start":	{
		"connected":	[{
				"socket":	5,
				"local_host":	"192.0.1.254",
				"local_port":	45158,
				"remote_host":	"192.0.2.254",
				"remote_port":	5201
			}],
		"version":	"iperf 3.16",
		"system_info":	"Linux lab-dd2 6.8.0-100-generic #100-Ubuntu SMP PREEMPT_DYNAMIC Tue Jan 13 16:40:06 UTC 2026 x86_64",
		"timestamp":	{
			"time":	"Thu, 19 Mar 2026 06:25:11 GMT",
			"timesecs":	1773901511
		},
		"connecting_to":	{
			"host":	"192.0.2.254",
			"port":	5201
		},
		"cookie":	"ojywsab4k3xmhlyxramzvvjcuhmiluxhlhhe",
		"tcp_mss_default":	8894,
		"target_bitrate":	20000000000,
		"fq_rate":	0,
		"sock_bufsize":	0,
		"sndbuf_actual":	16384,
		"rcvbuf_actual":	131072,
		"test_start":	{
			"protocol":	"TCP",
			"num_streams":	1,
			"blksize":	131072,
			"omit":	0,
			"duration":	10,
			"bytes":	0,
			"blocks":	0,
			"reverse":	0,
			"tos":	0,
			"target_bitrate":	20000000000,
			"bidir":	0,
			"fqrate":	0
		}
	},
	"intervals":	[{
			"streams":	[{
					"socket":	5,
					"start":	0,
					"end":	2.000057,
					"seconds":	2.0000569820404053,
					"bytes":	3253731328,
					"bits_per_second":	13014554514.064411,
					"retransmits":	15,
					"snd_cwnd":	3895572,
					"snd_wnd":	5418880,
					"rtt":	443,
					"rttvar":	72,
					"pmtu":	8946,
					"omitted":	false,
					"sender":	true
				}],
			"sum":	{
				"start":	0,
				"end":	2.000057,
				"seconds":	2.0000569820404053,
				"bytes":	3253731328,
				"bits_per_second":	13014554514.064411,
				"retransmits":	15,
				"omitted":	false,
				"sender":	true
			}
		}, {
			"streams":	[{
					"socket":	5,
					"start":	2.000057,
					"end":	4.000056,
					"seconds":	1.9999990463256836,
					"bytes":	3654156288,
					"bits_per_second":	14616632121.753323,
					"retransmits":	168,
					"snd_cwnd":	2668200,
					"snd_wnd":	5281408,
					"rtt":	321,
					"rttvar":	123,
					"pmtu":	8946,
					"omitted":	false,
					"sender":	true
				}],
			"sum":	{
				"start":	2.000057,
				"end":	4.000056,
				"seconds":	1.9999990463256836,
				"bytes":	3654156288,
				"bits_per_second":	14616632121.753323,
				"retransmits":	168,
				"omitted":	false,
				"sender":	true
			}
		}, {
			"streams":	[{
					"socket":	5,
					"start":	4.000056,
					"end":	6.000057,
					"seconds":	2.0000009536743164,
					"bytes":	3984326656,
					"bits_per_second":	15937299024.503624,
					"retransmits":	88,
					"snd_cwnd":	3344144,
					"snd_wnd":	5255296,
					"rtt":	408,
					"rttvar":	45,
					"pmtu":	8946,
					"omitted":	false,
					"sender":	true
				}],
			"sum":	{
				"start":	4.000056,
				"end":	6.000057,
				"seconds":	2.0000009536743164,
				"bytes":	3984326656,
				"bits_per_second":	15937299024.503624,
				"retransmits":	88,
				"omitted":	false,
				"sender":	true
			}
		}, {
			"streams":	[{
					"socket":	5,
					"start":	6.000057,
					"end":	8.000056,
					"seconds":	1.9999990463256836,
					"bytes":	4209246208,
					"bits_per_second":	16836992860.503828,
					"retransmits":	64,
					"snd_cwnd":	1761012,
					"snd_wnd":	5220352,
					"rtt":	472,
					"rttvar":	81,
					"pmtu":	8946,
					"omitted":	false,
					"sender":	true
				}],
			"sum":	{
				"start":	6.000057,
				"end":	8.000056,
				"seconds":	1.9999990463256836,
				"bytes":	4209246208,
				"bits_per_second":	16836992860.503828,
				"retransmits":	64,
				"omitted":	false,
				"sender":	true
			}
		}, {
			"streams":	[{
					"socket":	5,
					"start":	8.000056,
					"end":	10.000525,
					"seconds":	2.0004689693450928,
					"bytes":	3825074176,
					"bits_per_second":	15296709859.997442,
					"retransmits":	0,
					"snd_cwnd":	2988384,
					"snd_wnd":	5403520,
					"rtt":	2102,
					"rttvar":	155,
					"pmtu":	8946,
					"omitted":	false,
					"sender":	true
				}],
			"sum":	{
				"start":	8.000056,
				"end":	10.000525,
				"seconds":	2.0004689693450928,
				"bytes":	3825074176,
				"bits_per_second":	15296709859.997442,
				"retransmits":	0,
				"omitted":	false,
				"sender":	true
			}
		}],
	"end":	{
		"streams":	[{
				"sender":	{
					"socket":	5,
					"start":	0,
					"end":	10.000525,
					"seconds":	10.000525,
					"bytes":	18977783808,
					"bits_per_second":	15181430021.323881,
					"retransmits":	335,
					"max_snd_cwnd":	3895572,
					"max_snd_wnd":	5418880,
					"max_rtt":	2102,
					"min_rtt":	321,
					"mean_rtt":	749,
					"sender":	true
				},
				"receiver":	{
					"socket":	5,
					"start":	0,
					"end":	10.001976,
					"seconds":	10.000525,
					"bytes":	18977783808,
					"bits_per_second":	15179227631.020109,
					"sender":	true
				}
			}],
		"sum_sent":	{
			"start":	0,
			"end":	10.000525,
			"seconds":	10.000525,
			"bytes":	18977783808,
			"bits_per_second":	15181430021.323881,
			"retransmits":	335,
			"sender":	true
		},
		"sum_received":	{
			"start":	0,
			"end":	10.001976,
			"seconds":	10.001976,
			"bytes":	18977783808,
			"bits_per_second":	15179227631.020109,
			"sender":	true
		},
		"cpu_utilization_percent":	{
			"host_total":	93.64680053926574,
			"host_user":	0.31113561349476115,
			"host_system":	93.335654927518675,
			"remote_total":	24.724817068775263,
			"remote_user":	0.958010026611723,
			"remote_system":	23.766827038198326
		},
		"sender_tcp_congestion":	"cubic",
		"receiver_tcp_congestion":	"cubic"
	}
}
