{
	"start":	{
		"connected":	[{
				"socket":	5,
				"local_host":	"192.0.1.254",
				"local_port":	54960,
				"remote_host":	"192.0.2.254",
				"remote_port":	5201
			}],
		"version":	"iperf 3.16",
		"system_info":	"Linux lab-dd2 6.8.0-100-generic #100-Ubuntu SMP PREEMPT_DYNAMIC Tue Jan 13 16:40:06 UTC 2026 x86_64",
		"timestamp":	{
			"time":	"Thu, 19 Mar 2026 06:07:51 GMT",
			"timesecs":	1773900471
		},
		"connecting_to":	{
			"host":	"192.0.2.254",
			"port":	5201
		},
		"cookie":	"gv7z5q56gs6u34mluigqiies7tsob2leh3v4",
		"target_bitrate":	10000000000,
		"fq_rate":	0,
		"sock_bufsize":	0,
		"sndbuf_actual":	212992,
		"rcvbuf_actual":	212992,
		"test_start":	{
			"protocol":	"UDP",
			"num_streams":	1,
			"blksize":	8894,
			"omit":	0,
			"duration":	10,
			"bytes":	0,
			"blocks":	0,
			"reverse":	0,
			"tos":	0,
			"target_bitrate":	10000000000,
			"bidir":	0,
			"fqrate":	0
		}
	},
	"intervals":	[{
			"streams":	[{
					"socket":	5,
					"start":	0,
					"end":	2.000055,
					"seconds":	2.0000550746917725,
					"bytes":	1858952728,
					"bits_per_second":	7435606155.1414318,
					"packets":	209013,
					"omitted":	false,
					"sender":	true
				}],
			"sum":	{
				"start":	0,
				"end":	2.000055,
				"seconds":	2.0000550746917725,
				"bytes":	1858952728,
				"bits_per_second":	7435606155.1414318,
				"packets":	209013,
				"omitted":	false,
				"sender":	true
			}
		}, {
			"streams":	[{
					"socket":	5,
					"start":	2.000055,
					"end":	4.000058,
					"seconds":	2.0000030994415283,
					"bytes":	1703974778,
					"bits_per_second":	6815888549.27599,
					"packets":	191587,
					"omitted":	false,
					"sender":	true
				}],
			"sum":	{
				"start":	2.000055,
				"end":	4.000058,
				"seconds":	2.0000030994415283,
				"bytes":	1703974778,
				"bits_per_second":	6815888549.27599,
				"packets":	191587,
				"omitted":	false,
				"sender":	true
			}
		}, {
			"streams":	[{
					"socket":	5,
					"start":	4.000058,
					"end":	6.000057,
					"seconds":	1.9999990463256836,
					"bytes":	2631289900,
					"bits_per_second":	10525164618.789587,
					"packets":	295850,
					"omitted":	false,
					"sender":	true
				}],
			"sum":	{
				"start":	4.000058,
				"end":	6.000057,
				"seconds":	1.9999990463256836,
				"bytes":	2631289900,
				"bits_per_second":	10525164618.789587,
				"packets":	295850,
				"omitted":	false,
				"sender":	true
			}
		}, {
			"streams":	[{
					"socket":	5,
					"start":	6.000057,
					"end":	8.000057,
					"seconds":	2,
					"bytes":	3804995504,
					"bits_per_second":	15219982016,
					"packets":	427815,
					"omitted":	false,
					"sender":	true
				}],
			"sum":	{
				"start":	6.000057,
				"end":	8.000057,
				"seconds":	2,
				"bytes":	3804995504,
				"bits_per_second":	15219982016,
				"packets":	427815,
				"omitted":	false,
				"sender":	true
			}
		}, {
			"streams":	[{
					"socket":	5,
					"start":	8.000057,
					"end":	10.000268,
					"seconds":	2.0002110004425049,
					"bytes":	2500272386,
					"bits_per_second":	10000034538.143694,
					"packets":	281119,
					"omitted":	false,
					"sender":	true
				}],
			"sum":	{
				"start":	8.000057,
				"end":	10.000268,
				"seconds":	2.0002110004425049,
				"bytes":	2500272386,
				"bits_per_second":	10000034538.143694,
				"packets":	281119,
				"omitted":	false,
				"sender":	true
			}
		}],
	"end":	{
		"streams":	[{
				"udp":	{
					"socket":	5,
					"start":	0,
					"end":	10.000268,
					"seconds":	10.000268,
					"bytes":	12499485296,
					"bits_per_second":	9999320255.0171661,
					"jitter_ms":	0.0023424195934227316,
					"lost_packets":	354603,
					"packets":	1405384,
					"lost_percent":	25.231751606678316,
					"out_of_order":	0,
					"sender":	true
				}
			}],
		"sum":	{
			"start":	0,
			"end":	10.000383,
			"seconds":	10.000383,
			"bytes":	12499485296,
			"bits_per_second":	9999320255.0171661,
			"jitter_ms":	0.0023424195934227316,
			"lost_packets":	354603,
			"packets":	1405384,
			"lost_percent":	25.231751606678316,
			"sender":	true
		},
		"sum_sent":	{
			"start":	0,
			"end":	10.000268,
			"seconds":	10.000268,
			"bytes":	12499485296,
			"bits_per_second":	9999320255.0171661,
			"jitter_ms":	0,
			"lost_packets":	0,
			"packets":	1405384,
			"lost_percent":	0,
			"sender":	true
		},
		"sum_received":	{
			"start":	0,
			"end":	10.000383,
			"seconds":	10.000383,
			"bytes":	9345637320,
			"bits_per_second":	7476223516.6393127,
			"jitter_ms":	0.0023424195934227316,
			"lost_packets":	354603,
			"packets":	1405383,
			"lost_percent":	25.231751606678316,
			"sender":	false
		},
		"cpu_utilization_percent":	{
			"host_total":	75.3865481861191,
			"host_user":	6.227578285325853,
			"host_system":	69.158969900793238,
			"remote_total":	54.729768376894327,
			"remote_user":	6.9952613819629317,
			"remote_system":	47.734536993779436
		}
	}
}
