{
	"start":	{
		"connected":	[{
				"socket":	5,
				"local_host":	"192.0.1.254",
				"local_port":	34897,
				"remote_host":	"192.0.2.254",
				"remote_port":	5201
			}],
		"version":	"iperf 3.16",
		"system_info":	"Linux lab-dd2 6.8.0-100-generic #100-Ubuntu SMP PREEMPT_DYNAMIC Tue Jan 13 16:40:06 UTC 2026 x86_64",
		"timestamp":	{
			"time":	"Thu, 19 Mar 2026 06:17:51 GMT",
			"timesecs":	1773901071
		},
		"connecting_to":	{
			"host":	"192.0.2.254",
			"port":	5201
		},
		"cookie":	"2ndnvoofh4gpfetscexp7vxud3cx4pksqlau",
		"target_bitrate":	16000000000,
		"fq_rate":	0,
		"sock_bufsize":	0,
		"sndbuf_actual":	212992,
		"rcvbuf_actual":	212992,
		"test_start":	{
			"protocol":	"UDP",
			"num_streams":	1,
			"blksize":	8894,
			"omit":	0,
			"duration":	10,
			"bytes":	0,
			"blocks":	0,
			"reverse":	0,
			"tos":	0,
			"target_bitrate":	16000000000,
			"bidir":	0,
			"fqrate":	0
		}
	},
	"intervals":	[{
			"streams":	[{
					"socket":	5,
					"start":	0,
					"end":	2.000055,
					"seconds":	2.0000550746917725,
					"bytes":	3722841626,
					"bits_per_second":	14890956446.581753,
					"packets":	418580,
					"omitted":	false,
					"sender":	true
				}],
			"sum":	{
				"start":	0,
				"end":	2.000055,
				"seconds":	2.0000550746917725,
				"bytes":	3722841626,
				"bits_per_second":	14890956446.581753,
				"packets":	418580,
				"omitted":	false,
				"sender":	true
			}
		}, {
			"streams":	[{
					"socket":	5,
					"start":	2.000055,
					"end":	4.000055,
					"seconds":	2,
					"bytes":	3700055198,
					"bits_per_second":	14800220792,
					"packets":	416017,
					"omitted":	false,
					"sender":	true
				}],
			"sum":	{
				"start":	2.000055,
				"end":	4.000055,
				"seconds":	2,
				"bytes":	3700055198,
				"bits_per_second":	14800220792,
				"packets":	416017,
				"omitted":	false,
				"sender":	true
			}
		}, {
			"streams":	[{
					"socket":	5,
					"start":	4.000055,
					"end":	6.000056,
					"seconds":	2.0000009536743164,
					"bytes":	3693740458,
					"bits_per_second":	14774954786.752546,
					"packets":	415307,
					"omitted":	false,
					"sender":	true
				}],
			"sum":	{
				"start":	4.000055,
				"end":	6.000056,
				"seconds":	2.0000009536743164,
				"bytes":	3693740458,
				"bits_per_second":	14774954786.752546,
				"packets":	415307,
				"omitted":	false,
				"sender":	true
			}
		}, {
			"streams":	[{
					"socket":	5,
					"start":	6.000056,
					"end":	8.000055,
					"seconds":	1.9999990463256836,
					"bytes":	3700215290,
					"bits_per_second":	14800868217.603939,
					"packets":	416035,
					"omitted":	false,
					"sender":	true
				}],
			"sum":	{
				"start":	6.000056,
				"end":	8.000055,
				"seconds":	1.9999990463256836,
				"bytes":	3700215290,
				"bits_per_second":	14800868217.603939,
				"packets":	416035,
				"omitted":	false,
				"sender":	true
			}
		}, {
			"streams":	[{
					"socket":	5,
					"start":	8.000055,
					"end":	10.000173,
					"seconds":	2.0001180171966553,
					"bytes":	3709438368,
					"bits_per_second":	14836877968.627514,
					"packets":	417071,
					"omitted":	false,
					"sender":	true
				}],
			"sum":	{
				"start":	8.000055,
				"end":	10.000173,
				"seconds":	2.0001180171966553,
				"bytes":	3709438368,
				"bits_per_second":	14836877968.627514,
				"packets":	417071,
				"omitted":	false,
				"sender":	true
			}
		}],
	"end":	{
		"streams":	[{
				"udp":	{
					"socket":	5,
					"start":	0,
					"end":	10.000173,
					"seconds":	10.000173,
					"bytes":	18526290940,
					"bits_per_second":	14820776352.5691,
					"jitter_ms":	0.010829256386572865,
					"lost_packets":	805676,
					"packets":	2083010,
					"lost_percent":	38.678450895579,
					"out_of_order":	0,
					"sender":	true
				}
			}],
		"sum":	{
			"start":	0,
			"end":	10.000389,
			"seconds":	10.000389,
			"bytes":	18526290940,
			"bits_per_second":	14820776352.5691,
			"jitter_ms":	0.010829256386572865,
			"lost_packets":	805676,
			"packets":	2083010,
			"lost_percent":	38.678450895579,
			"sender":	true
		},
		"sum_sent":	{
			"start":	0,
			"end":	10.000173,
			"seconds":	10.000173,
			"bytes":	18526290940,
			"bits_per_second":	14820776352.5691,
			"jitter_ms":	0,
			"lost_packets":	0,
			"packets":	2083010,
			"lost_percent":	0,
			"sender":	true
		},
		"sum_received":	{
			"start":	0,
			"end":	10.000389,
			"seconds":	10.000389,
			"bytes":	11360279518,
			"bits_per_second":	9087870096.2532558,
			"jitter_ms":	0.010829256386572865,
			"lost_packets":	805676,
			"packets":	2082973,
			"lost_percent":	38.678450895579,
			"sender":	false
		},
		"cpu_utilization_percent":	{
			"host_total":	100.16641805118391,
			"host_user":	5.35300565419403,
			"host_system":	94.813402397707847,
			"remote_total":	64.2082994554913,
			"remote_user":	8.34556368845978,
			"remote_system":	55.8627357670315
		}
	}
}
