{
	"start":	{
		"connected":	[{
				"socket":	5,
				"local_host":	"192.0.1.254",
				"local_port":	37051,
				"remote_host":	"192.0.2.254",
				"remote_port":	5201
			}],
		"version":	"iperf 3.16",
		"system_info":	"Linux lab-dd2 6.8.0-100-generic #100-Ubuntu SMP PREEMPT_DYNAMIC Tue Jan 13 16:40:06 UTC 2026 x86_64",
		"timestamp":	{
			"time":	"Thu, 19 Mar 2026 06:07:31 GMT",
			"timesecs":	1773900451
		},
		"connecting_to":	{
			"host":	"192.0.2.254",
			"port":	5201
		},
		"cookie":	"iqahclwit6f2jmbsvindn3mya6ptwbmxiryf",
		"target_bitrate":	10000000000,
		"fq_rate":	0,
		"sock_bufsize":	0,
		"sndbuf_actual":	212992,
		"rcvbuf_actual":	212992,
		"test_start":	{
			"protocol":	"UDP",
			"num_streams":	1,
			"blksize":	8894,
			"omit":	0,
			"duration":	10,
			"bytes":	0,
			"blocks":	0,
			"reverse":	0,
			"tos":	0,
			"target_bitrate":	10000000000,
			"bidir":	0,
			"fqrate":	0
		}
	},
	"intervals":	[{
			"streams":	[{
					"socket":	5,
					"start":	0,
					"end":	2.000057,
					"seconds":	2.0000569820404053,
					"bytes":	2498902710,
					"bits_per_second":	9995326062.96321,
					"packets":	280965,
					"omitted":	false,
					"sender":	true
				}],
			"sum":	{
				"start":	0,
				"end":	2.000057,
				"seconds":	2.0000569820404053,
				"bytes":	2498902710,
				"bits_per_second":	9995326062.96321,
				"packets":	280965,
				"omitted":	false,
				"sender":	true
			}
		}, {
			"streams":	[{
					"socket":	5,
					"start":	2.000057,
					"end":	4.000057,
					"seconds":	2,
					"bytes":	2500512524,
					"bits_per_second":	10002050096,
					"packets":	281146,
					"omitted":	false,
					"sender":	true
				}],
			"sum":	{
				"start":	2.000057,
				"end":	4.000057,
				"seconds":	2,
				"bytes":	2500512524,
				"bits_per_second":	10002050096,
				"packets":	281146,
				"omitted":	false,
				"sender":	true
			}
		}, {
			"streams":	[{
					"socket":	5,
					"start":	4.000057,
					"end":	6.000056,
					"seconds":	1.9999990463256836,
					"bytes":	2499738746,
					"bits_per_second":	9998959751.8755531,
					"packets":	281059,
					"omitted":	false,
					"sender":	true
				}],
			"sum":	{
				"start":	4.000057,
				"end":	6.000056,
				"seconds":	1.9999990463256836,
				"bytes":	2499738746,
				"bits_per_second":	9998959751.8755531,
				"packets":	281059,
				"omitted":	false,
				"sender":	true
			}
		}, {
			"streams":	[{
					"socket":	5,
					"start":	6.000056,
					"end":	8.000056,
					"seconds":	2,
					"bytes":	2497693126,
					"bits_per_second":	9990772504,
					"packets":	280830,
					"omitted":	false,
					"sender":	true
				}],
			"sum":	{
				"start":	6.000056,
				"end":	8.000056,
				"seconds":	2,
				"bytes":	2497693126,
				"bits_per_second":	9990772504,
				"packets":	280830,
				"omitted":	false,
				"sender":	true
			}
		}, {
			"streams":	[{
					"socket":	5,
					"start":	8.000056,
					"end":	10.00006,
					"seconds":	2.0000040531158447,
					"bytes":	907356986,
					"bits_per_second":	3629420588.7689524,
					"packets":	102018,
					"omitted":	false,
					"sender":	true
				}],
			"sum":	{
				"start":	8.000056,
				"end":	10.00006,
				"seconds":	2.0000040531158447,
				"bytes":	907356986,
				"bits_per_second":	3629420588.7689524,
				"packets":	102018,
				"omitted":	false,
				"sender":	true
			}
		}],
	"end":	{
		"streams":	[{
				"udp":	{
					"socket":	5,
					"start":	0,
					"end":	10.00006,
					"seconds":	10.00006,
					"bytes":	10904204092,
					"bits_per_second":	8723310933.7344,
					"jitter_ms":	0.0096750511151832766,
					"lost_packets":	306201,
					"packets":	1226018,
					"lost_percent":	24.975245061654885,
					"out_of_order":	0,
					"sender":	true
				}
			}],
		"sum":	{
			"start":	0,
			"end":	10.000386,
			"seconds":	10.000386,
			"bytes":	10904204092,
			"bits_per_second":	8723310933.7344,
			"jitter_ms":	0.0096750511151832766,
			"lost_packets":	306201,
			"packets":	1226018,
			"lost_percent":	24.975245061654885,
			"sender":	true
		},
		"sum_sent":	{
			"start":	0,
			"end":	10.00006,
			"seconds":	10.00006,
			"bytes":	10904204092,
			"bits_per_second":	8723310933.7344,
			"jitter_ms":	0,
			"lost_packets":	0,
			"packets":	1226018,
			"lost_percent":	0,
			"sender":	true
		},
		"sum_received":	{
			"start":	0,
			"end":	10.000386,
			"seconds":	10.000386,
			"bytes":	8180852398,
			"bits_per_second":	6544429303.4288874,
			"jitter_ms":	0.0096750511151832766,
			"lost_packets":	306201,
			"packets":	1226018,
			"lost_percent":	24.975245061654885,
			"sender":	false
		},
		"cpu_utilization_percent":	{
			"host_total":	63.280565589103155,
			"host_user":	35.14133177982918,
			"host_system":	28.139243808657007,
			"remote_total":	48.685526133033427,
			"remote_user":	6.29604508384624,
			"remote_system":	42.389501048409215
		}
	}
}
