{
	"start":	{
		"connected":	[{
				"socket":	5,
				"local_host":	"192.0.1.254",
				"local_port":	37240,
				"remote_host":	"192.0.2.254",
				"remote_port":	5201
			}],
		"version":	"iperf 3.16",
		"system_info":	"Linux lab-dd2 6.8.0-100-generic #100-Ubuntu SMP PREEMPT_DYNAMIC Tue Jan 13 16:40:06 UTC 2026 x86_64",
		"timestamp":	{
			"time":	"Thu, 19 Mar 2026 06:14:21 GMT",
			"timesecs":	1773900861
		},
		"connecting_to":	{
			"host":	"192.0.2.254",
			"port":	5201
		},
		"cookie":	"be4jo5u7mzdo5m3t4rigzixtjkhfxecjw2fm",
		"target_bitrate":	14000000000,
		"fq_rate":	0,
		"sock_bufsize":	0,
		"sndbuf_actual":	212992,
		"rcvbuf_actual":	212992,
		"test_start":	{
			"protocol":	"UDP",
			"num_streams":	1,
			"blksize":	8894,
			"omit":	0,
			"duration":	10,
			"bytes":	0,
			"blocks":	0,
			"reverse":	0,
			"tos":	0,
			"target_bitrate":	14000000000,
			"bidir":	0,
			"fqrate":	0
		}
	},
	"intervals":	[{
			"streams":	[{
					"socket":	5,
					"start":	0,
					"end":	2.000055,
					"seconds":	2.0000550746917725,
					"bytes":	3460361898,
					"bits_per_second":	13841066445.765848,
					"packets":	389068,
					"omitted":	false,
					"sender":	true
				}],
			"sum":	{
				"start":	0,
				"end":	2.000055,
				"seconds":	2.0000550746917725,
				"bytes":	3460361898,
				"bits_per_second":	13841066445.765848,
				"packets":	389068,
				"omitted":	false,
				"sender":	true
			}
		}, {
			"streams":	[{
					"socket":	5,
					"start":	2.000055,
					"end":	4.000054,
					"seconds":	1.9999990463256836,
					"bytes":	3507713554,
					"bits_per_second":	14030860906.435843,
					"packets":	394391,
					"omitted":	false,
					"sender":	true
				}],
			"sum":	{
				"start":	2.000055,
				"end":	4.000054,
				"seconds":	1.9999990463256836,
				"bytes":	3507713554,
				"bits_per_second":	14030860906.435843,
				"packets":	394391,
				"omitted":	false,
				"sender":	true
			}
		}, {
			"streams":	[{
					"socket":	5,
					"start":	4.000054,
					"end":	6.000055,
					"seconds":	2.0000009536743164,
					"bytes":	3321268632,
					"bits_per_second":	13285068193.185837,
					"packets":	373428,
					"omitted":	false,
					"sender":	true
				}],
			"sum":	{
				"start":	4.000054,
				"end":	6.000055,
				"seconds":	2.0000009536743164,
				"bytes":	3321268632,
				"bits_per_second":	13285068193.185837,
				"packets":	373428,
				"omitted":	false,
				"sender":	true
			}
		}, {
			"streams":	[{
					"socket":	5,
					"start":	6.000055,
					"end":	8.000058,
					"seconds":	2.0000030994415283,
					"bytes":	3659703120,
					"bits_per_second":	14638789793.963493,
					"packets":	411480,
					"omitted":	false,
					"sender":	true
				}],
			"sum":	{
				"start":	6.000055,
				"end":	8.000058,
				"seconds":	2.0000030994415283,
				"bytes":	3659703120,
				"bits_per_second":	14638789793.963493,
				"packets":	411480,
				"omitted":	false,
				"sender":	true
			}
		}, {
			"streams":	[{
					"socket":	5,
					"start":	8.000058,
					"end":	10.000247,
					"seconds":	2.0001890659332275,
					"bytes":	3550689362,
					"bits_per_second":	14201414946.11503,
					"packets":	399222,
					"omitted":	false,
					"sender":	true
				}],
			"sum":	{
				"start":	8.000058,
				"end":	10.000247,
				"seconds":	2.0001890659332275,
				"bytes":	3550689362,
				"bits_per_second":	14201414946.11503,
				"packets":	399222,
				"omitted":	false,
				"sender":	true
			}
		}],
	"end":	{
		"streams":	[{
				"udp":	{
					"socket":	5,
					"start":	0,
					"end":	10.000247,
					"seconds":	10.000247,
					"bytes":	17499736566,
					"bits_per_second":	13999443466.546377,
					"jitter_ms":	0.0041367232035210621,
					"lost_packets":	699659,
					"packets":	1967589,
					"lost_percent":	35.559204691630214,
					"out_of_order":	0,
					"sender":	true
				}
			}],
		"sum":	{
			"start":	0,
			"end":	10.002723,
			"seconds":	10.002723,
			"bytes":	17499736566,
			"bits_per_second":	13999443466.546377,
			"jitter_ms":	0.0041367232035210621,
			"lost_packets":	699659,
			"packets":	1967589,
			"lost_percent":	35.559204691630214,
			"sender":	true
		},
		"sum_sent":	{
			"start":	0,
			"end":	10.000247,
			"seconds":	10.000247,
			"bytes":	17499736566,
			"bits_per_second":	13999443466.546377,
			"jitter_ms":	0,
			"lost_packets":	0,
			"packets":	1967589,
			"lost_percent":	0,
			"sender":	true
		},
		"sum_received":	{
			"start":	0,
			"end":	10.002723,
			"seconds":	10.002723,
			"bytes":	11276889374,
			"bits_per_second":	9019055610.3573,
			"jitter_ms":	0.0041367232035210621,
			"lost_packets":	699659,
			"packets":	1967580,
			"lost_percent":	35.559204691630214,
			"sender":	false
		},
		"cpu_utilization_percent":	{
			"host_total":	69.981001443890264,
			"host_user":	7.12561845299757,
			"host_system":	62.855392990132749,
			"remote_total":	65.7659427444422,
			"remote_user":	8.4092925812667971,
			"remote_system":	57.3566701577129
		}
	}
}
