{
	"start":	{
		"connected":	[{
				"socket":	5,
				"local_host":	"192.0.1.254",
				"local_port":	47483,
				"remote_host":	"192.0.2.254",
				"remote_port":	5201
			}],
		"version":	"iperf 3.16",
		"system_info":	"Linux lab-dd2 6.8.0-100-generic #100-Ubuntu SMP PREEMPT_DYNAMIC Tue Jan 13 16:40:06 UTC 2026 x86_64",
		"timestamp":	{
			"time":	"Thu, 19 Mar 2026 06:24:31 GMT",
			"timesecs":	1773901471
		},
		"connecting_to":	{
			"host":	"192.0.2.254",
			"port":	5201
		},
		"cookie":	"ddc7jtubvkfoixj2pbqpuwreg7ryhxupme4t",
		"target_bitrate":	20000000000,
		"fq_rate":	0,
		"sock_bufsize":	0,
		"sndbuf_actual":	212992,
		"rcvbuf_actual":	212992,
		"test_start":	{
			"protocol":	"UDP",
			"num_streams":	1,
			"blksize":	8894,
			"omit":	0,
			"duration":	10,
			"bytes":	0,
			"blocks":	0,
			"reverse":	0,
			"tos":	0,
			"target_bitrate":	20000000000,
			"bidir":	0,
			"fqrate":	0
		}
	},
	"intervals":	[{
			"streams":	[{
					"socket":	5,
					"start":	0,
					"end":	2.000019,
					"seconds":	2.0000190734863281,
					"bytes":	3656278930,
					"bits_per_second":	14624976245.357767,
					"packets":	411096,
					"omitted":	false,
					"sender":	true
				}],
			"sum":	{
				"start":	0,
				"end":	2.000019,
				"seconds":	2.0000190734863281,
				"bytes":	3656278930,
				"bits_per_second":	14624976245.357767,
				"packets":	411096,
				"omitted":	false,
				"sender":	true
			}
		}, {
			"streams":	[{
					"socket":	5,
					"start":	2.000019,
					"end":	4.00002,
					"seconds":	2.0000009536743164,
					"bytes":	3697573772,
					"bits_per_second":	14790288035.441084,
					"packets":	415739,
					"omitted":	false,
					"sender":	true
				}],
			"sum":	{
				"start":	2.000019,
				"end":	4.00002,
				"seconds":	2.0000009536743164,
				"bytes":	3697573772,
				"bits_per_second":	14790288035.441084,
				"packets":	415739,
				"omitted":	false,
				"sender":	true
			}
		}, {
			"streams":	[{
					"socket":	5,
					"start":	4.00002,
					"end":	6.000019,
					"seconds":	1.9999990463256836,
					"bytes":	3696968980,
					"bits_per_second":	14787882971.412092,
					"packets":	415670,
					"omitted":	false,
					"sender":	true
				}],
			"sum":	{
				"start":	4.00002,
				"end":	6.000019,
				"seconds":	1.9999990463256836,
				"bytes":	3696968980,
				"bits_per_second":	14787882971.412092,
				"packets":	415670,
				"omitted":	false,
				"sender":	true
			}
		}, {
			"streams":	[{
					"socket":	5,
					"start":	6.000019,
					"end":	8.000019,
					"seconds":	2,
					"bytes":	3687247838,
					"bits_per_second":	14748991352,
					"packets":	414577,
					"omitted":	false,
					"sender":	true
				}],
			"sum":	{
				"start":	6.000019,
				"end":	8.000019,
				"seconds":	2,
				"bytes":	3687247838,
				"bits_per_second":	14748991352,
				"packets":	414577,
				"omitted":	false,
				"sender":	true
			}
		}, {
			"streams":	[{
					"socket":	5,
					"start":	8.000019,
					"end":	10.00023,
					"seconds":	2.0002110004425049,
					"bytes":	3693091196,
					"bits_per_second":	14770806460.650324,
					"packets":	415233,
					"omitted":	false,
					"sender":	true
				}],
			"sum":	{
				"start":	8.000019,
				"end":	10.00023,
				"seconds":	2.0002110004425049,
				"bytes":	3693091196,
				"bits_per_second":	14770806460.650324,
				"packets":	415233,
				"omitted":	false,
				"sender":	true
			}
		}],
	"end":	{
		"streams":	[{
				"udp":	{
					"socket":	5,
					"start":	0,
					"end":	10.00023,
					"seconds":	10.00023,
					"bytes":	18431169610,
					"bits_per_second":	14744596562.279068,
					"jitter_ms":	0.003852040667840288,
					"lost_packets":	812959,
					"packets":	2072315,
					"lost_percent":	39.229509027343816,
					"out_of_order":	0,
					"sender":	true
				}
			}],
		"sum":	{
			"start":	0,
			"end":	10.000354,
			"seconds":	10.000354,
			"bytes":	18431169610,
			"bits_per_second":	14744596562.279068,
			"jitter_ms":	0.003852040667840288,
			"lost_packets":	812959,
			"packets":	2072315,
			"lost_percent":	39.229509027343816,
			"sender":	true
		},
		"sum_sent":	{
			"start":	0,
			"end":	10.00023,
			"seconds":	10.00023,
			"bytes":	18431169610,
			"bits_per_second":	14744596562.279068,
			"jitter_ms":	0,
			"lost_packets":	0,
			"packets":	2072315,
			"lost_percent":	0,
			"sender":	true
		},
		"sum_received":	{
			"start":	0,
			"end":	10.000354,
			"seconds":	10.000354,
			"bytes":	11200712264,
			"bits_per_second":	8960252618.2573147,
			"jitter_ms":	0.003852040667840288,
			"lost_packets":	812959,
			"packets":	2072315,
			"lost_percent":	39.229509027343816,
			"sender":	false
		},
		"cpu_utilization_percent":	{
			"host_total":	99.579551491593278,
			"host_user":	5.13928506754844,
			"host_system":	94.4402764232959,
			"remote_total":	65.219235585595356,
			"remote_user":	8.53424191386691,
			"remote_system":	56.68501367100648
		}
	}
}
