{
	"start":	{
		"connected":	[{
				"socket":	5,
				"local_host":	"192.0.1.254",
				"local_port":	45351,
				"remote_host":	"192.0.2.254",
				"remote_port":	5201
			}],
		"version":	"iperf 3.16",
		"system_info":	"Linux lab-dd2 6.8.0-100-generic #100-Ubuntu SMP PREEMPT_DYNAMIC Tue Jan 13 16:40:06 UTC 2026 x86_64",
		"timestamp":	{
			"time":	"Thu, 19 Mar 2026 06:17:11 GMT",
			"timesecs":	1773901031
		},
		"connecting_to":	{
			"host":	"192.0.2.254",
			"port":	5201
		},
		"cookie":	"e22nh4kx4h6rymgwanornojpkabuevmiok2e",
		"target_bitrate":	16000000000,
		"fq_rate":	0,
		"sock_bufsize":	0,
		"sndbuf_actual":	212992,
		"rcvbuf_actual":	212992,
		"test_start":	{
			"protocol":	"UDP",
			"num_streams":	1,
			"blksize":	8894,
			"omit":	0,
			"duration":	10,
			"bytes":	0,
			"blocks":	0,
			"reverse":	0,
			"tos":	0,
			"target_bitrate":	16000000000,
			"bidir":	0,
			"fqrate":	0
		}
	},
	"intervals":	[{
			"streams":	[{
					"socket":	5,
					"start":	0,
					"end":	2.000054,
					"seconds":	2.000053882598877,
					"bytes":	3723908906,
					"bits_per_second":	14895234327.03179,
					"packets":	418700,
					"omitted":	false,
					"sender":	true
				}],
			"sum":	{
				"start":	0,
				"end":	2.000054,
				"seconds":	2.000053882598877,
				"bytes":	3723908906,
				"bits_per_second":	14895234327.03179,
				"packets":	418700,
				"omitted":	false,
				"sender":	true
			}
		}, {
			"streams":	[{
					"socket":	5,
					"start":	2.000054,
					"end":	4.000055,
					"seconds":	2.0000009536743164,
					"bytes":	3703728420,
					"bits_per_second":	14814906615.70203,
					"packets":	416430,
					"omitted":	false,
					"sender":	true
				}],
			"sum":	{
				"start":	2.000054,
				"end":	4.000055,
				"seconds":	2.0000009536743164,
				"bytes":	3703728420,
				"bits_per_second":	14814906615.70203,
				"packets":	416430,
				"omitted":	false,
				"sender":	true
			}
		}, {
			"streams":	[{
					"socket":	5,
					"start":	4.000055,
					"end":	6.000054,
					"seconds":	1.9999990463256836,
					"bytes":	3705231506,
					"bits_per_second":	14820933091.171618,
					"packets":	416599,
					"omitted":	false,
					"sender":	true
				}],
			"sum":	{
				"start":	4.000055,
				"end":	6.000054,
				"seconds":	1.9999990463256836,
				"bytes":	3705231506,
				"bits_per_second":	14820933091.171618,
				"packets":	416599,
				"omitted":	false,
				"sender":	true
			}
		}, {
			"streams":	[{
					"socket":	5,
					"start":	6.000054,
					"end":	8.000055,
					"seconds":	2.0000009536743164,
					"bytes":	3705009156,
					"bits_per_second":	14820029557.259222,
					"packets":	416574,
					"omitted":	false,
					"sender":	true
				}],
			"sum":	{
				"start":	6.000054,
				"end":	8.000055,
				"seconds":	2.0000009536743164,
				"bytes":	3705009156,
				"bits_per_second":	14820029557.259222,
				"packets":	416574,
				"omitted":	false,
				"sender":	true
			}
		}, {
			"streams":	[{
					"socket":	5,
					"start":	8.000055,
					"end":	10.000182,
					"seconds":	2.0001270771026611,
					"bytes":	3705738464,
					"bits_per_second":	14822012086.8242,
					"packets":	416655,
					"omitted":	false,
					"sender":	true
				}],
			"sum":	{
				"start":	8.000055,
				"end":	10.000182,
				"seconds":	2.0001270771026611,
				"bytes":	3705738464,
				"bits_per_second":	14822012086.8242,
				"packets":	416655,
				"omitted":	false,
				"sender":	true
			}
		}],
	"end":	{
		"streams":	[{
				"udp":	{
					"socket":	5,
					"start":	0,
					"end":	10.000182,
					"seconds":	10.000182,
					"bytes":	18543616452,
					"bits_per_second":	14834623171.458279,
					"jitter_ms":	0.005942577626150072,
					"lost_packets":	794982,
					"packets":	2084958,
					"lost_percent":	38.129401167793311,
					"out_of_order":	0,
					"sender":	true
				}
			}],
		"sum":	{
			"start":	0,
			"end":	10.006532,
			"seconds":	10.006532,
			"bytes":	18543616452,
			"bits_per_second":	14834623171.458279,
			"jitter_ms":	0.005942577626150072,
			"lost_packets":	794982,
			"packets":	2084958,
			"lost_percent":	38.129401167793311,
			"sender":	true
		},
		"sum_sent":	{
			"start":	0,
			"end":	10.000182,
			"seconds":	10.000182,
			"bytes":	18543616452,
			"bits_per_second":	14834623171.458279,
			"jitter_ms":	0,
			"lost_packets":	0,
			"packets":	2084958,
			"lost_percent":	0,
			"sender":	true
		},
		"sum_received":	{
			"start":	0,
			"end":	10.006532,
			"seconds":	10.006532,
			"bytes":	11472672996,
			"bits_per_second":	9172147150.2814369,
			"jitter_ms":	0.005942577626150072,
			"lost_packets":	794982,
			"packets":	2084916,
			"lost_percent":	38.129401167793311,
			"sender":	false
		},
		"cpu_utilization_percent":	{
			"host_total":	100.19784561662368,
			"host_user":	5.4143163791992324,
			"host_system":	94.7835192381514,
			"remote_total":	63.286427005381185,
			"remote_user":	8.5964387886760854,
			"remote_system":	54.689998210170366
		}
	}
}
