{
	"start":	{
		"connected":	[{
				"socket":	5,
				"local_host":	"192.0.1.254",
				"local_port":	59683,
				"remote_host":	"192.0.2.254",
				"remote_port":	5201
			}],
		"version":	"iperf 3.16",
		"system_info":	"Linux lab-dd2 6.8.0-100-generic #100-Ubuntu SMP PREEMPT_DYNAMIC Tue Jan 13 16:40:06 UTC 2026 x86_64",
		"timestamp":	{
			"time":	"Thu, 19 Mar 2026 06:22:41 GMT",
			"timesecs":	1773901361
		},
		"connecting_to":	{
			"host":	"192.0.2.254",
			"port":	5201
		},
		"cookie":	"ntmibphghxf56h3ixvzkr76s26vs7myhgvhq",
		"target_bitrate":	19000000000,
		"fq_rate":	0,
		"sock_bufsize":	0,
		"sndbuf_actual":	212992,
		"rcvbuf_actual":	212992,
		"test_start":	{
			"protocol":	"UDP",
			"num_streams":	1,
			"blksize":	8894,
			"omit":	0,
			"duration":	10,
			"bytes":	0,
			"blocks":	0,
			"reverse":	0,
			"tos":	0,
			"target_bitrate":	19000000000,
			"bidir":	0,
			"fqrate":	0
		}
	},
	"intervals":	[{
			"streams":	[{
					"socket":	5,
					"start":	0,
					"end":	2.000055,
					"seconds":	2.0000550746917725,
					"bytes":	4418690398,
					"bits_per_second":	17674274889.379082,
					"packets":	496818,
					"omitted":	false,
					"sender":	true
				}],
			"sum":	{
				"start":	0,
				"end":	2.000055,
				"seconds":	2.0000550746917725,
				"bytes":	4418690398,
				"bits_per_second":	17674274889.379082,
				"packets":	496818,
				"omitted":	false,
				"sender":	true
			}
		}, {
			"streams":	[{
					"socket":	5,
					"start":	2.000055,
					"end":	4.000055,
					"seconds":	2,
					"bytes":	4413460726,
					"bits_per_second":	17653842904,
					"packets":	496229,
					"omitted":	false,
					"sender":	true
				}],
			"sum":	{
				"start":	2.000055,
				"end":	4.000055,
				"seconds":	2,
				"bytes":	4413460726,
				"bits_per_second":	17653842904,
				"packets":	496229,
				"omitted":	false,
				"sender":	true
			}
		}, {
			"streams":	[{
					"socket":	5,
					"start":	4.000055,
					"end":	6.000055,
					"seconds":	2,
					"bytes":	4408284418,
					"bits_per_second":	17633137672,
					"packets":	495648,
					"omitted":	false,
					"sender":	true
				}],
			"sum":	{
				"start":	4.000055,
				"end":	6.000055,
				"seconds":	2,
				"bytes":	4408284418,
				"bits_per_second":	17633137672,
				"packets":	495648,
				"omitted":	false,
				"sender":	true
			}
		}, {
			"streams":	[{
					"socket":	5,
					"start":	6.000055,
					"end":	8.000055,
					"seconds":	2,
					"bytes":	4404691242,
					"bits_per_second":	17618764968,
					"packets":	495243,
					"omitted":	false,
					"sender":	true
				}],
			"sum":	{
				"start":	6.000055,
				"end":	8.000055,
				"seconds":	2,
				"bytes":	4404691242,
				"bits_per_second":	17618764968,
				"packets":	495243,
				"omitted":	false,
				"sender":	true
			}
		}, {
			"streams":	[{
					"socket":	5,
					"start":	8.000055,
					"end":	10.000177,
					"seconds":	2.0001220703125,
					"bytes":	4414029942,
					"bits_per_second":	17655042189.741348,
					"packets":	496292,
					"omitted":	false,
					"sender":	true
				}],
			"sum":	{
				"start":	8.000055,
				"end":	10.000177,
				"seconds":	2.0001220703125,
				"bytes":	4414029942,
				"bits_per_second":	17655042189.741348,
				"packets":	496292,
				"omitted":	false,
				"sender":	true
			}
		}],
	"end":	{
		"streams":	[{
				"udp":	{
					"socket":	5,
					"start":	0,
					"end":	10.000177,
					"seconds":	10.000177,
					"bytes":	22059165620,
					"bits_per_second":	17647020143.743454,
					"jitter_ms":	0.0049383502550988815,
					"lost_packets":	1051554,
					"packets":	2480230,
					"lost_percent":	42.397438947194416,
					"out_of_order":	0,
					"sender":	true
				}
			}],
		"sum":	{
			"start":	0,
			"end":	10.002893,
			"seconds":	10.002893,
			"bytes":	22059165620,
			"bits_per_second":	17647020143.743454,
			"jitter_ms":	0.0049383502550988815,
			"lost_packets":	1051554,
			"packets":	2480230,
			"lost_percent":	42.397438947194416,
			"sender":	true
		},
		"sum_sent":	{
			"start":	0,
			"end":	10.000177,
			"seconds":	10.000177,
			"bytes":	22059165620,
			"bits_per_second":	17647020143.743454,
			"jitter_ms":	0,
			"lost_packets":	0,
			"packets":	2480230,
			"lost_percent":	0,
			"sender":	true
		},
		"sum_received":	{
			"start":	0,
			"end":	10.002893,
			"seconds":	10.002893,
			"bytes":	12706377524,
			"bits_per_second":	10162162105.70282,
			"jitter_ms":	0.0049383502550988815,
			"lost_packets":	1051554,
			"packets":	2480200,
			"lost_percent":	42.397438947194416,
			"sender":	false
		},
		"cpu_utilization_percent":	{
			"host_total":	100.27145178558519,
			"host_user":	5.8457477503259536,
			"host_system":	94.4256940359302,
			"remote_total":	69.3156246057394,
			"remote_user":	9.379388101572923,
			"remote_system":	59.936256498364173
		}
	}
}
