{
	"start":	{
		"connected":	[{
				"socket":	5,
				"local_host":	"192.0.1.254",
				"local_port":	56801,
				"remote_host":	"192.0.2.254",
				"remote_port":	5201
			}],
		"version":	"iperf 3.16",
		"system_info":	"Linux lab-dd2 6.8.0-100-generic #100-Ubuntu SMP PREEMPT_DYNAMIC Tue Jan 13 16:40:06 UTC 2026 x86_64",
		"timestamp":	{
			"time":	"Thu, 19 Mar 2026 06:16:01 GMT",
			"timesecs":	1773900961
		},
		"connecting_to":	{
			"host":	"192.0.2.254",
			"port":	5201
		},
		"cookie":	"3dcp65ir3u2iov7j34kaglbcy6mnt47l5mvq",
		"target_bitrate":	15000000000,
		"fq_rate":	0,
		"sock_bufsize":	0,
		"sndbuf_actual":	212992,
		"rcvbuf_actual":	212992,
		"test_start":	{
			"protocol":	"UDP",
			"num_streams":	1,
			"blksize":	8894,
			"omit":	0,
			"duration":	10,
			"bytes":	0,
			"blocks":	0,
			"reverse":	0,
			"tos":	0,
			"target_bitrate":	15000000000,
			"bidir":	0,
			"fqrate":	0
		}
	},
	"intervals":	[{
			"streams":	[{
					"socket":	5,
					"start":	0,
					"end":	2.000064,
					"seconds":	2.0000638961791992,
					"bytes":	3370559180,
					"bits_per_second":	13481806002.053883,
					"packets":	378971,
					"omitted":	false,
					"sender":	true
				}],
			"sum":	{
				"start":	0,
				"end":	2.000064,
				"seconds":	2.0000638961791992,
				"bytes":	3370559180,
				"bits_per_second":	13481806002.053883,
				"packets":	378971,
				"omitted":	false,
				"sender":	true
			}
		}, {
			"streams":	[{
					"socket":	5,
					"start":	2.000064,
					"end":	4.000065,
					"seconds":	2.0000009536743164,
					"bytes":	3669957902,
					"bits_per_second":	14679824608.114151,
					"packets":	412633,
					"omitted":	false,
					"sender":	true
				}],
			"sum":	{
				"start":	2.000064,
				"end":	4.000065,
				"seconds":	2.0000009536743164,
				"bytes":	3669957902,
				"bits_per_second":	14679824608.114151,
				"packets":	412633,
				"omitted":	false,
				"sender":	true
			}
		}, {
			"streams":	[{
					"socket":	5,
					"start":	4.000065,
					"end":	6.000065,
					"seconds":	2,
					"bytes":	3756318642,
					"bits_per_second":	15025274568,
					"packets":	422343,
					"omitted":	false,
					"sender":	true
				}],
			"sum":	{
				"start":	4.000065,
				"end":	6.000065,
				"seconds":	2,
				"bytes":	3756318642,
				"bits_per_second":	15025274568,
				"packets":	422343,
				"omitted":	false,
				"sender":	true
			}
		}, {
			"streams":	[{
					"socket":	5,
					"start":	6.000065,
					"end":	8.000063,
					"seconds":	1.9999979734420776,
					"bytes":	3747335702,
					"bits_per_second":	14989357996.4011,
					"packets":	421333,
					"omitted":	false,
					"sender":	true
				}],
			"sum":	{
				"start":	6.000065,
				"end":	8.000063,
				"seconds":	1.9999979734420776,
				"bytes":	3747335702,
				"bits_per_second":	14989357996.4011,
				"packets":	421333,
				"omitted":	false,
				"sender":	true
			}
		}, {
			"streams":	[{
					"socket":	5,
					"start":	8.000063,
					"end":	10.000177,
					"seconds":	2.00011396408081,
					"bytes":	3750706528,
					"bits_per_second":	15001971269.066988,
					"packets":	421711,
					"omitted":	false,
					"sender":	true
				}],
			"sum":	{
				"start":	8.000063,
				"end":	10.000177,
				"seconds":	2.00011396408081,
				"bytes":	3750706528,
				"bits_per_second":	15001971269.066988,
				"packets":	421711,
				"omitted":	false,
				"sender":	true
			}
		}],
	"end":	{
		"streams":	[{
				"udp":	{
					"socket":	5,
					"start":	0,
					"end":	10.000177,
					"seconds":	10.000177,
					"bytes":	18294877954,
					"bits_per_second":	14635643312.313372,
					"jitter_ms":	0.0057743468957909836,
					"lost_packets":	749382,
					"packets":	2056991,
					"lost_percent":	36.430980981443284,
					"out_of_order":	0,
					"sender":	true
				}
			}],
		"sum":	{
			"start":	0,
			"end":	10.000486,
			"seconds":	10.000486,
			"bytes":	18294877954,
			"bits_per_second":	14635643312.313372,
			"jitter_ms":	0.0057743468957909836,
			"lost_packets":	749382,
			"packets":	2056991,
			"lost_percent":	36.430980981443284,
			"sender":	true
		},
		"sum_sent":	{
			"start":	0,
			"end":	10.000177,
			"seconds":	10.000177,
			"bytes":	18294877954,
			"bits_per_second":	14635643312.313372,
			"jitter_ms":	0,
			"lost_packets":	0,
			"packets":	2056991,
			"lost_percent":	0,
			"sender":	true
		},
		"sum_received":	{
			"start":	0,
			"end":	10.000486,
			"seconds":	10.000486,
			"bytes":	11629625414,
			"bits_per_second":	9303248193.3378029,
			"jitter_ms":	0.0057743468957909836,
			"lost_packets":	749382,
			"packets":	2056963,
			"lost_percent":	36.430980981443284,
			"sender":	false
		},
		"cpu_utilization_percent":	{
			"host_total":	90.0498539738638,
			"host_user":	4.8255570886847172,
			"host_system":	85.224236888820855,
			"remote_total":	64.0030218504184,
			"remote_user":	8.25570134278353,
			"remote_system":	55.747340506644917
		}
	}
}
