{
	"start":	{
		"connected":	[{
				"socket":	5,
				"local_host":	"192.0.1.254",
				"local_port":	46999,
				"remote_host":	"192.0.2.254",
				"remote_port":	5201
			}],
		"version":	"iperf 3.16",
		"system_info":	"Linux lab-dd2 6.8.0-100-generic #100-Ubuntu SMP PREEMPT_DYNAMIC Tue Jan 13 16:40:06 UTC 2026 x86_64",
		"timestamp":	{
			"time":	"Thu, 19 Mar 2026 06:14:01 GMT",
			"timesecs":	1773900841
		},
		"connecting_to":	{
			"host":	"192.0.2.254",
			"port":	5201
		},
		"cookie":	"c757yrhtwuimjs2qwrhqlgmztofijexlbxgj",
		"target_bitrate":	14000000000,
		"fq_rate":	0,
		"sock_bufsize":	0,
		"sndbuf_actual":	212992,
		"rcvbuf_actual":	212992,
		"test_start":	{
			"protocol":	"UDP",
			"num_streams":	1,
			"blksize":	8894,
			"omit":	0,
			"duration":	10,
			"bytes":	0,
			"blocks":	0,
			"reverse":	0,
			"tos":	0,
			"target_bitrate":	14000000000,
			"bidir":	0,
			"fqrate":	0
		}
	},
	"intervals":	[{
			"streams":	[{
					"socket":	5,
					"start":	0,
					"end":	2.000061,
					"seconds":	2.00006103515625,
					"bytes":	3490903894,
					"bits_per_second":	13963189453.274986,
					"packets":	392502,
					"omitted":	false,
					"sender":	true
				}],
			"sum":	{
				"start":	0,
				"end":	2.000061,
				"seconds":	2.00006103515625,
				"bytes":	3490903894,
				"bits_per_second":	13963189453.274986,
				"packets":	392502,
				"omitted":	false,
				"sender":	true
			}
		}, {
			"streams":	[{
					"socket":	5,
					"start":	2.000061,
					"end":	4.00006,
					"seconds":	1.9999990463256836,
					"bytes":	3321099646,
					"bits_per_second":	13284404918.49789,
					"packets":	373409,
					"omitted":	false,
					"sender":	true
				}],
			"sum":	{
				"start":	2.000061,
				"end":	4.00006,
				"seconds":	1.9999990463256836,
				"bytes":	3321099646,
				"bits_per_second":	13284404918.49789,
				"packets":	373409,
				"omitted":	false,
				"sender":	true
			}
		}, {
			"streams":	[{
					"socket":	5,
					"start":	4.00006,
					"end":	6.000055,
					"seconds":	1.9999949932098389,
					"bytes":	3616656160,
					"bits_per_second":	14466660855.767618,
					"packets":	406640,
					"omitted":	false,
					"sender":	true
				}],
			"sum":	{
				"start":	4.00006,
				"end":	6.000055,
				"seconds":	1.9999949932098389,
				"bytes":	3616656160,
				"bits_per_second":	14466660855.767618,
				"packets":	406640,
				"omitted":	false,
				"sender":	true
			}
		}, {
			"streams":	[{
					"socket":	5,
					"start":	6.000055,
					"end":	8.000061,
					"seconds":	2.0000059604644775,
					"bytes":	3570469618,
					"bits_per_second":	14281835908.812195,
					"packets":	401446,
					"omitted":	false,
					"sender":	true
				}],
			"sum":	{
				"start":	6.000055,
				"end":	8.000061,
				"seconds":	2.0000059604644775,
				"bytes":	3570469618,
				"bits_per_second":	14281835908.812195,
				"packets":	401446,
				"omitted":	false,
				"sender":	true
			}
		}, {
			"streams":	[{
					"socket":	5,
					"start":	8.000061,
					"end":	10.000259,
					"seconds":	2.0001978874206543,
					"bytes":	3489916660,
					"bits_per_second":	13958285555.43734,
					"packets":	392390,
					"omitted":	false,
					"sender":	true
				}],
			"sum":	{
				"start":	8.000061,
				"end":	10.000259,
				"seconds":	2.0001978874206543,
				"bytes":	3489916660,
				"bits_per_second":	13958285555.43734,
				"packets":	392390,
				"omitted":	false,
				"sender":	true
			}
		}],
	"end":	{
		"streams":	[{
				"udp":	{
					"socket":	5,
					"start":	0,
					"end":	10.000259,
					"seconds":	10.000259,
					"bytes":	17489045978,
					"bits_per_second":	13990874418.752554,
					"jitter_ms":	0.0096628015474612035,
					"lost_packets":	715195,
					"packets":	1966387,
					"lost_percent":	36.371019539897283,
					"out_of_order":	0,
					"sender":	true
				}
			}],
		"sum":	{
			"start":	0,
			"end":	10.000367,
			"seconds":	10.000367,
			"bytes":	17489045978,
			"bits_per_second":	13990874418.752554,
			"jitter_ms":	0.0096628015474612035,
			"lost_packets":	715195,
			"packets":	1966387,
			"lost_percent":	36.371019539897283,
			"sender":	true
		},
		"sum_sent":	{
			"start":	0,
			"end":	10.000259,
			"seconds":	10.000259,
			"bytes":	17489045978,
			"bits_per_second":	13990874418.752554,
			"jitter_ms":	0,
			"lost_packets":	0,
			"packets":	1966387,
			"lost_percent":	0,
			"sender":	true
		},
		"sum_received":	{
			"start":	0,
			"end":	10.000367,
			"seconds":	10.000367,
			"bytes":	11127888192,
			"bits_per_second":	8901983850.792675,
			"jitter_ms":	0.0096628015474612035,
			"lost_packets":	715195,
			"packets":	1966363,
			"lost_percent":	36.371019539897283,
			"sender":	false
		},
		"cpu_utilization_percent":	{
			"host_total":	69.697953238126559,
			"host_user":	7.5297311220273873,
			"host_system":	62.168212117067071,
			"remote_total":	63.605072088782258,
			"remote_user":	8.25972860823147,
			"remote_system":	55.3453534801738
		}
	}
}
