{
	"start":	{
		"connected":	[{
				"socket":	5,
				"local_host":	"192.0.1.254",
				"local_port":	45022,
				"remote_host":	"192.0.2.254",
				"remote_port":	5201
			}],
		"version":	"iperf 3.16",
		"system_info":	"Linux lab-dd2 6.8.0-100-generic #100-Ubuntu SMP PREEMPT_DYNAMIC Tue Jan 13 16:40:06 UTC 2026 x86_64",
		"timestamp":	{
			"time":	"Thu, 19 Mar 2026 06:09:31 GMT",
			"timesecs":	1773900571
		},
		"connecting_to":	{
			"host":	"192.0.2.254",
			"port":	5201
		},
		"cookie":	"2hpxygkyw4osfyowsanqflqmigdgbn3pn7v2",
		"target_bitrate":	11000000000,
		"fq_rate":	0,
		"sock_bufsize":	0,
		"sndbuf_actual":	212992,
		"rcvbuf_actual":	212992,
		"test_start":	{
			"protocol":	"UDP",
			"num_streams":	1,
			"blksize":	8894,
			"omit":	0,
			"duration":	10,
			"bytes":	0,
			"blocks":	0,
			"reverse":	0,
			"tos":	0,
			"target_bitrate":	11000000000,
			"bidir":	0,
			"fqrate":	0
		}
	},
	"intervals":	[{
			"streams":	[{
					"socket":	5,
					"start":	0,
					"end":	2.000028,
					"seconds":	2.0000278949737549,
					"bytes":	2748726276,
					"bits_per_second":	10994751754.844179,
					"packets":	309054,
					"omitted":	false,
					"sender":	true
				}],
			"sum":	{
				"start":	0,
				"end":	2.000028,
				"seconds":	2.0000278949737549,
				"bytes":	2748726276,
				"bits_per_second":	10994751754.844179,
				"packets":	309054,
				"omitted":	false,
				"sender":	true
			}
		}, {
			"streams":	[{
					"socket":	5,
					"start":	2.000028,
					"end":	4.000028,
					"seconds":	2,
					"bytes":	2751029822,
					"bits_per_second":	11004119288,
					"packets":	309314,
					"omitted":	false,
					"sender":	true
				}],
			"sum":	{
				"start":	2.000028,
				"end":	4.000028,
				"seconds":	2,
				"bytes":	2751029822,
				"bits_per_second":	11004119288,
				"packets":	309314,
				"omitted":	false,
				"sender":	true
			}
		}, {
			"streams":	[{
					"socket":	5,
					"start":	4.000028,
					"end":	6.000026,
					"seconds":	1.9999979734420776,
					"bytes":	2748966414,
					"bits_per_second":	10995876797.890619,
					"packets":	309081,
					"omitted":	false,
					"sender":	true
				}],
			"sum":	{
				"start":	4.000028,
				"end":	6.000026,
				"seconds":	1.9999979734420776,
				"bytes":	2748966414,
				"bits_per_second":	10995876797.890619,
				"packets":	309081,
				"omitted":	false,
				"sender":	true
			}
		}, {
			"streams":	[{
					"socket":	5,
					"start":	6.000026,
					"end":	8.000028,
					"seconds":	2.0000019073486328,
					"bytes":	2687224266,
					"bits_per_second":	10748886813.062716,
					"packets":	302139,
					"omitted":	false,
					"sender":	true
				}],
			"sum":	{
				"start":	6.000026,
				"end":	8.000028,
				"seconds":	2.0000019073486328,
				"bytes":	2687224266,
				"bits_per_second":	10748886813.062716,
				"packets":	302139,
				"omitted":	false,
				"sender":	true
			}
		}, {
			"streams":	[{
					"socket":	5,
					"start":	8.000028,
					"end":	10.000273,
					"seconds":	2.0002450942993164,
					"bytes":	1705273302,
					"bits_per_second":	6820257404.8950949,
					"packets":	191732,
					"omitted":	false,
					"sender":	true
				}],
			"sum":	{
				"start":	8.000028,
				"end":	10.000273,
				"seconds":	2.0002450942993164,
				"bytes":	1705273302,
				"bits_per_second":	6820257404.8950949,
				"packets":	191732,
				"omitted":	false,
				"sender":	true
			}
		}],
	"end":	{
		"streams":	[{
				"udp":	{
					"socket":	5,
					"start":	0,
					"end":	10.000273,
					"seconds":	10.000273,
					"bytes":	12641220080,
					"bits_per_second":	10112699987.290346,
					"jitter_ms":	0.011724802548000172,
					"lost_packets":	361959,
					"packets":	1421320,
					"lost_percent":	25.4663974333718,
					"out_of_order":	0,
					"sender":	true
				}
			}],
		"sum":	{
			"start":	0,
			"end":	10.000421,
			"seconds":	10.000421,
			"bytes":	12641220080,
			"bits_per_second":	10112699987.290346,
			"jitter_ms":	0.011724802548000172,
			"lost_packets":	361959,
			"packets":	1421320,
			"lost_percent":	25.4663974333718,
			"sender":	true
		},
		"sum_sent":	{
			"start":	0,
			"end":	10.000273,
			"seconds":	10.000273,
			"bytes":	12641220080,
			"bits_per_second":	10112699987.290346,
			"jitter_ms":	0,
			"lost_packets":	0,
			"packets":	1421320,
			"lost_percent":	0,
			"sender":	true
		},
		"sum_received":	{
			"start":	0,
			"end":	10.000421,
			"seconds":	10.000421,
			"bytes":	9421956734,
			"bits_per_second":	7537248069.0562935,
			"jitter_ms":	0.011724802548000172,
			"lost_packets":	361959,
			"packets":	1421320,
			"lost_percent":	25.4663974333718,
			"sender":	false
		},
		"cpu_utilization_percent":	{
			"host_total":	74.728998109678628,
			"host_user":	30.306945993603605,
			"host_system":	44.422062115130117,
			"remote_total":	55.418537126220158,
			"remote_user":	7.63770470476346,
			"remote_system":	47.780822421895678
		}
	}
}
