{
	"start":	{
		"connected":	[{
				"socket":	5,
				"local_host":	"192.0.1.254",
				"local_port":	59055,
				"remote_host":	"192.0.2.254",
				"remote_port":	5201
			}],
		"version":	"iperf 3.16",
		"system_info":	"Linux lab-dd2 6.8.0-100-generic #100-Ubuntu SMP PREEMPT_DYNAMIC Tue Jan 13 16:40:06 UTC 2026 x86_64",
		"timestamp":	{
			"time":	"Thu, 19 Mar 2026 06:11:01 GMT",
			"timesecs":	1773900661
		},
		"connecting_to":	{
			"host":	"192.0.2.254",
			"port":	5201
		},
		"cookie":	"roam3o63diqi3wmvar7ywnd45i37iqdndobk",
		"target_bitrate":	12000000000,
		"fq_rate":	0,
		"sock_bufsize":	0,
		"sndbuf_actual":	212992,
		"rcvbuf_actual":	212992,
		"test_start":	{
			"protocol":	"UDP",
			"num_streams":	1,
			"blksize":	8894,
			"omit":	0,
			"duration":	10,
			"bytes":	0,
			"blocks":	0,
			"reverse":	0,
			"tos":	0,
			"target_bitrate":	12000000000,
			"bidir":	0,
			"fqrate":	0
		}
	},
	"intervals":	[{
			"streams":	[{
					"socket":	5,
					"start":	0,
					"end":	2.000055,
					"seconds":	2.0000550746917725,
					"bytes":	2998843344,
					"bits_per_second":	11995043064.350216,
					"packets":	337177,
					"omitted":	false,
					"sender":	true
				}],
			"sum":	{
				"start":	0,
				"end":	2.000055,
				"seconds":	2.0000550746917725,
				"bytes":	2998843344,
				"bits_per_second":	11995043064.350216,
				"packets":	337177,
				"omitted":	false,
				"sender":	true
			}
		}, {
			"streams":	[{
					"socket":	5,
					"start":	2.000055,
					"end":	4.000059,
					"seconds":	2.0000040531158447,
					"bytes":	3000337536,
					"bits_per_second":	12001325822.618074,
					"packets":	337344,
					"omitted":	false,
					"sender":	true
				}],
			"sum":	{
				"start":	2.000055,
				"end":	4.000059,
				"seconds":	2.0000040531158447,
				"bytes":	3000337536,
				"bits_per_second":	12001325822.618074,
				"packets":	337344,
				"omitted":	false,
				"sender":	true
			}
		}, {
			"streams":	[{
					"socket":	5,
					"start":	4.000059,
					"end":	6.000057,
					"seconds":	1.9999979734420776,
					"bytes":	3000150762,
					"bits_per_second":	12000615207.970911,
					"packets":	337323,
					"omitted":	false,
					"sender":	true
				}],
			"sum":	{
				"start":	4.000059,
				"end":	6.000057,
				"seconds":	1.9999979734420776,
				"bytes":	3000150762,
				"bits_per_second":	12000615207.970911,
				"packets":	337323,
				"omitted":	false,
				"sender":	true
			}
		}, {
			"streams":	[{
					"socket":	5,
					"start":	6.000057,
					"end":	8.000057,
					"seconds":	2,
					"bytes":	2375365050,
					"bits_per_second":	9501460200,
					"packets":	267074,
					"omitted":	false,
					"sender":	true
				}],
			"sum":	{
				"start":	6.000057,
				"end":	8.000057,
				"seconds":	2,
				"bytes":	2375365050,
				"bits_per_second":	9501460200,
				"packets":	267074,
				"omitted":	false,
				"sender":	true
			}
		}, {
			"streams":	[{
					"socket":	5,
					"start":	8.000057,
					"end":	10.000065,
					"seconds":	2.00000810623169,
					"bytes":	0,
					"bits_per_second":	0,
					"packets":	0,
					"omitted":	false,
					"sender":	true
				}],
			"sum":	{
				"start":	8.000057,
				"end":	10.000065,
				"seconds":	2.00000810623169,
				"bytes":	0,
				"bits_per_second":	0,
				"packets":	0,
				"omitted":	false,
				"sender":	true
			}
		}],
	"end":	{
		"streams":	[{
				"udp":	{
					"socket":	5,
					"start":	0,
					"end":	10.000065,
					"seconds":	10.000065,
					"bytes":	11374696692,
					"bits_per_second":	9099698205.5616646,
					"jitter_ms":	0.010436698907451991,
					"lost_packets":	372969,
					"packets":	1278918,
					"lost_percent":	29.162854850741017,
					"out_of_order":	0,
					"sender":	true
				}
			}],
		"sum":	{
			"start":	0,
			"end":	10.000399,
			"seconds":	10.000399,
			"bytes":	11374696692,
			"bits_per_second":	9099698205.5616646,
			"jitter_ms":	0.010436698907451991,
			"lost_packets":	372969,
			"packets":	1278918,
			"lost_percent":	29.162854850741017,
			"sender":	true
		},
		"sum_sent":	{
			"start":	0,
			"end":	10.000065,
			"seconds":	10.000065,
			"bytes":	11374696692,
			"bits_per_second":	9099698205.5616646,
			"jitter_ms":	0,
			"lost_packets":	0,
			"packets":	1278918,
			"lost_percent":	0,
			"sender":	true
		},
		"sum_received":	{
			"start":	0,
			"end":	10.000399,
			"seconds":	10.000399,
			"bytes":	8057501512,
			"bits_per_second":	6445744024.4134264,
			"jitter_ms":	0.010436698907451991,
			"lost_packets":	372969,
			"packets":	1278917,
			"lost_percent":	29.162854850741017,
			"sender":	false
		},
		"cpu_utilization_percent":	{
			"host_total":	52.087279118129416,
			"host_user":	14.3491158725567,
			"host_system":	37.738173244921761,
			"remote_total":	45.863091717403783,
			"remote_user":	5.9620497293959049,
			"remote_system":	39.9010519876049
		}
	}
}
