{
	"start":	{
		"connected":	[{
				"socket":	5,
				"local_host":	"192.0.1.254",
				"local_port":	39227,
				"remote_host":	"192.0.2.254",
				"remote_port":	5201
			}],
		"version":	"iperf 3.16",
		"system_info":	"Linux lab-dd2 6.8.0-100-generic #100-Ubuntu SMP PREEMPT_DYNAMIC Tue Jan 13 16:40:06 UTC 2026 x86_64",
		"timestamp":	{
			"time":	"Thu, 19 Mar 2026 06:22:51 GMT",
			"timesecs":	1773901371
		},
		"connecting_to":	{
			"host":	"192.0.2.254",
			"port":	5201
		},
		"cookie":	"bm3teqyevfhscbtfp4zm77kjqb5h725st4z2",
		"target_bitrate":	19000000000,
		"fq_rate":	0,
		"sock_bufsize":	0,
		"sndbuf_actual":	212992,
		"rcvbuf_actual":	212992,
		"test_start":	{
			"protocol":	"UDP",
			"num_streams":	1,
			"blksize":	8894,
			"omit":	0,
			"duration":	10,
			"bytes":	0,
			"blocks":	0,
			"reverse":	0,
			"tos":	0,
			"target_bitrate":	19000000000,
			"bidir":	0,
			"fqrate":	0
		}
	},
	"intervals":	[{
			"streams":	[{
					"socket":	5,
					"start":	0,
					"end":	2.000054,
					"seconds":	2.000053882598877,
					"bytes":	3667912282,
					"bits_per_second":	14671253865.356476,
					"packets":	412404,
					"omitted":	false,
					"sender":	true
				}],
			"sum":	{
				"start":	0,
				"end":	2.000054,
				"seconds":	2.000053882598877,
				"bytes":	3667912282,
				"bits_per_second":	14671253865.356476,
				"packets":	412404,
				"omitted":	false,
				"sender":	true
			}
		}, {
			"streams":	[{
					"socket":	5,
					"start":	2.000054,
					"end":	4.000054,
					"seconds":	2,
					"bytes":	3716171126,
					"bits_per_second":	14864684504,
					"packets":	417829,
					"omitted":	false,
					"sender":	true
				}],
			"sum":	{
				"start":	2.000054,
				"end":	4.000054,
				"seconds":	2,
				"bytes":	3716171126,
				"bits_per_second":	14864684504,
				"packets":	417829,
				"omitted":	false,
				"sender":	true
			}
		}, {
			"streams":	[{
					"socket":	5,
					"start":	4.000054,
					"end":	6.000053,
					"seconds":	1.9999990463256836,
					"bytes":	3719284026,
					"bits_per_second":	14877143197.974684,
					"packets":	418179,
					"omitted":	false,
					"sender":	true
				}],
			"sum":	{
				"start":	4.000054,
				"end":	6.000053,
				"seconds":	1.9999990463256836,
				"bytes":	3719284026,
				"bits_per_second":	14877143197.974684,
				"packets":	418179,
				"omitted":	false,
				"sender":	true
			}
		}, {
			"streams":	[{
					"socket":	5,
					"start":	6.000053,
					"end":	8.000055,
					"seconds":	2.0000019073486328,
					"bytes":	3718750386,
					"bits_per_second":	14874987358.1066,
					"packets":	418119,
					"omitted":	false,
					"sender":	true
				}],
			"sum":	{
				"start":	6.000053,
				"end":	8.000055,
				"seconds":	2.0000019073486328,
				"bytes":	3718750386,
				"bits_per_second":	14874987358.1066,
				"packets":	418119,
				"omitted":	false,
				"sender":	true
			}
		}, {
			"streams":	[{
					"socket":	5,
					"start":	8.000055,
					"end":	10.000189,
					"seconds":	2.0001339912414551,
					"bytes":	3722654852,
					"bits_per_second":	14889621868.54052,
					"packets":	418557,
					"omitted":	false,
					"sender":	true
				}],
			"sum":	{
				"start":	8.000055,
				"end":	10.000189,
				"seconds":	2.0001339912414551,
				"bytes":	3722654852,
				"bits_per_second":	14889621868.54052,
				"packets":	418557,
				"omitted":	false,
				"sender":	true
			}
		}],
	"end":	{
		"streams":	[{
				"udp":	{
					"socket":	5,
					"start":	0,
					"end":	10.000189,
					"seconds":	10.000189,
					"bytes":	18544772672,
					"bits_per_second":	14835537745.9366,
					"jitter_ms":	0.00474570184239415,
					"lost_packets":	779049,
					"packets":	2085088,
					"lost_percent":	37.362883485013583,
					"out_of_order":	0,
					"sender":	true
				}
			}],
		"sum":	{
			"start":	0,
			"end":	10.000288,
			"seconds":	10.000288,
			"bytes":	18544772672,
			"bits_per_second":	14835537745.9366,
			"jitter_ms":	0.00474570184239415,
			"lost_packets":	779049,
			"packets":	2085088,
			"lost_percent":	37.362883485013583,
			"sender":	true
		},
		"sum_sent":	{
			"start":	0,
			"end":	10.000189,
			"seconds":	10.000189,
			"bytes":	18544772672,
			"bits_per_second":	14835537745.9366,
			"jitter_ms":	0,
			"lost_packets":	0,
			"packets":	2085088,
			"lost_percent":	0,
			"sender":	true
		},
		"sum_received":	{
			"start":	0,
			"end":	10.000288,
			"seconds":	10.000288,
			"bytes":	11615910866,
			"bits_per_second":	9292461069.9211864,
			"jitter_ms":	0.00474570184239415,
			"lost_packets":	779049,
			"packets":	2085088,
			"lost_percent":	37.362883485013583,
			"sender":	false
		},
		"cpu_utilization_percent":	{
			"host_total":	99.421324546924552,
			"host_user":	5.26540565528238,
			"host_system":	94.155918891642159,
			"remote_total":	64.173139727006,
			"remote_user":	8.7741429176125134,
			"remote_system":	55.3990068091005
		}
	}
}
