{
	"start":	{
		"connected":	[{
				"socket":	5,
				"local_host":	"192.0.1.254",
				"local_port":	43466,
				"remote_host":	"192.0.2.254",
				"remote_port":	5201
			}],
		"version":	"iperf 3.16",
		"system_info":	"Linux lab-dd2 6.8.0-100-generic #100-Ubuntu SMP PREEMPT_DYNAMIC Tue Jan 13 16:40:06 UTC 2026 x86_64",
		"timestamp":	{
			"time":	"Thu, 19 Mar 2026 06:12:11 GMT",
			"timesecs":	1773900731
		},
		"connecting_to":	{
			"host":	"192.0.2.254",
			"port":	5201
		},
		"cookie":	"4wbsvbegjctfjy7q6ybwgulvthdvr2hbn3az",
		"target_bitrate":	13000000000,
		"fq_rate":	0,
		"sock_bufsize":	0,
		"sndbuf_actual":	212992,
		"rcvbuf_actual":	212992,
		"test_start":	{
			"protocol":	"UDP",
			"num_streams":	1,
			"blksize":	8894,
			"omit":	0,
			"duration":	10,
			"bytes":	0,
			"blocks":	0,
			"reverse":	0,
			"tos":	0,
			"target_bitrate":	13000000000,
			"bidir":	0,
			"fqrate":	0
		}
	},
	"intervals":	[{
			"streams":	[{
					"socket":	5,
					"start":	0,
					"end":	2.000055,
					"seconds":	2.0000550746917725,
					"bytes":	2746235956,
					"bits_per_second":	10984641336.132092,
					"packets":	308775,
					"omitted":	false,
					"sender":	true
				}],
			"sum":	{
				"start":	0,
				"end":	2.000055,
				"seconds":	2.0000550746917725,
				"bytes":	2746235956,
				"bits_per_second":	10984641336.132092,
				"packets":	308775,
				"omitted":	false,
				"sender":	true
			}
		}, {
			"streams":	[{
					"socket":	5,
					"start":	2.000055,
					"end":	4.000055,
					"seconds":	2,
					"bytes":	3749594778,
					"bits_per_second":	14998379112,
					"packets":	421587,
					"omitted":	false,
					"sender":	true
				}],
			"sum":	{
				"start":	2.000055,
				"end":	4.000055,
				"seconds":	2,
				"bytes":	3749594778,
				"bits_per_second":	14998379112,
				"packets":	421587,
				"omitted":	false,
				"sender":	true
			}
		}, {
			"streams":	[{
					"socket":	5,
					"start":	4.000055,
					"end":	6.000055,
					"seconds":	2,
					"bytes":	3250988244,
					"bits_per_second":	13003952976,
					"packets":	365526,
					"omitted":	false,
					"sender":	true
				}],
			"sum":	{
				"start":	4.000055,
				"end":	6.000055,
				"seconds":	2,
				"bytes":	3250988244,
				"bits_per_second":	13003952976,
				"packets":	365526,
				"omitted":	false,
				"sender":	true
			}
		}, {
			"streams":	[{
					"socket":	5,
					"start":	6.000055,
					"end":	8.000054,
					"seconds":	1.9999990463256836,
					"bytes":	1422408526,
					"bits_per_second":	5689636817.0302515,
					"packets":	159928,
					"omitted":	false,
					"sender":	true
				}],
			"sum":	{
				"start":	6.000055,
				"end":	8.000054,
				"seconds":	1.9999990463256836,
				"bytes":	1422408526,
				"bits_per_second":	5689636817.0302515,
				"packets":	159928,
				"omitted":	false,
				"sender":	true
			}
		}, {
			"streams":	[{
					"socket":	5,
					"start":	8.000054,
					"end":	10.000059,
					"seconds":	2.0000050067901611,
					"bytes":	0,
					"bits_per_second":	0,
					"packets":	0,
					"omitted":	false,
					"sender":	true
				}],
			"sum":	{
				"start":	8.000054,
				"end":	10.000059,
				"seconds":	2.0000050067901611,
				"bytes":	0,
				"bits_per_second":	0,
				"packets":	0,
				"omitted":	false,
				"sender":	true
			}
		}],
	"end":	{
		"streams":	[{
				"udp":	{
					"socket":	5,
					"start":	0,
					"end":	10.000059,
					"seconds":	10.000059,
					"bytes":	11169227504,
					"bits_per_second":	8935329284.75722,
					"jitter_ms":	0.0097730151712971461,
					"lost_packets":	408411,
					"packets":	1255816,
					"lost_percent":	32.521563668562912,
					"out_of_order":	0,
					"sender":	true
				}
			}],
		"sum":	{
			"start":	0,
			"end":	10.000368,
			"seconds":	10.000368,
			"bytes":	11169227504,
			"bits_per_second":	8935329284.75722,
			"jitter_ms":	0.0097730151712971461,
			"lost_packets":	408411,
			"packets":	1255816,
			"lost_percent":	32.521563668562912,
			"sender":	true
		},
		"sum_sent":	{
			"start":	0,
			"end":	10.000059,
			"seconds":	10.000059,
			"bytes":	11169227504,
			"bits_per_second":	8935329284.75722,
			"jitter_ms":	0,
			"lost_packets":	0,
			"packets":	1255816,
			"lost_percent":	0,
			"sender":	true
		},
		"sum_received":	{
			"start":	0,
			"end":	10.000368,
			"seconds":	10.000368,
			"bytes":	7536820070,
			"bits_per_second":	6029234180.18217,
			"jitter_ms":	0.0097730151712971461,
			"lost_packets":	408411,
			"packets":	1255816,
			"lost_percent":	32.521563668562912,
			"sender":	false
		},
		"cpu_utilization_percent":	{
			"host_total":	50.938664456142583,
			"host_user":	6.08011783239981,
			"host_system":	44.858536624387732,
			"remote_total":	43.165139940280227,
			"remote_user":	5.48039558124482,
			"remote_system":	37.684764358289435
		}
	}
}
