{
	"start":	{
		"connected":	[{
				"socket":	5,
				"local_host":	"192.0.1.254",
				"local_port":	44891,
				"remote_host":	"192.0.2.254",
				"remote_port":	5201
			}],
		"version":	"iperf 3.16",
		"system_info":	"Linux lab-dd2 6.8.0-100-generic #100-Ubuntu SMP PREEMPT_DYNAMIC Tue Jan 13 16:40:06 UTC 2026 x86_64",
		"timestamp":	{
			"time":	"Thu, 19 Mar 2026 06:06:11 GMT",
			"timesecs":	1773900371
		},
		"connecting_to":	{
			"host":	"192.0.2.254",
			"port":	5201
		},
		"cookie":	"s5b6xqelznnmaw4iuk23bz6xwaxo6q5h5d3m",
		"target_bitrate":	9000000000,
		"fq_rate":	0,
		"sock_bufsize":	0,
		"sndbuf_actual":	212992,
		"rcvbuf_actual":	212992,
		"test_start":	{
			"protocol":	"UDP",
			"num_streams":	1,
			"blksize":	8894,
			"omit":	0,
			"duration":	10,
			"bytes":	0,
			"blocks":	0,
			"reverse":	0,
			"tos":	0,
			"target_bitrate":	9000000000,
			"bidir":	0,
			"fqrate":	0
		}
	},
	"intervals":	[{
			"streams":	[{
					"socket":	5,
					"start":	0,
					"end":	2.000055,
					"seconds":	2.0000550746917725,
					"bytes":	1762808588,
					"bits_per_second":	7051040185.0675659,
					"packets":	198203,
					"omitted":	false,
					"sender":	true
				}],
			"sum":	{
				"start":	0,
				"end":	2.000055,
				"seconds":	2.0000550746917725,
				"bytes":	1762808588,
				"bits_per_second":	7051040185.0675659,
				"packets":	198203,
				"omitted":	false,
				"sender":	true
			}
		}, {
			"streams":	[{
					"socket":	5,
					"start":	2.000055,
					"end":	4.000055,
					"seconds":	2,
					"bytes":	1743392986,
					"bits_per_second":	6973571944,
					"packets":	196019,
					"omitted":	false,
					"sender":	true
				}],
			"sum":	{
				"start":	2.000055,
				"end":	4.000055,
				"seconds":	2,
				"bytes":	1743392986,
				"bits_per_second":	6973571944,
				"packets":	196019,
				"omitted":	false,
				"sender":	true
			}
		}, {
			"streams":	[{
					"socket":	5,
					"start":	4.000055,
					"end":	6.000055,
					"seconds":	2,
					"bytes":	1746034504,
					"bits_per_second":	6984138016,
					"packets":	196316,
					"omitted":	false,
					"sender":	true
				}],
			"sum":	{
				"start":	4.000055,
				"end":	6.000055,
				"seconds":	2,
				"bytes":	1746034504,
				"bits_per_second":	6984138016,
				"packets":	196316,
				"omitted":	false,
				"sender":	true
			}
		}, {
			"streams":	[{
					"socket":	5,
					"start":	6.000055,
					"end":	8.000056,
					"seconds":	2.0000009536743164,
					"bytes":	1738590226,
					"bits_per_second":	6954357587.90389,
					"packets":	195479,
					"omitted":	false,
					"sender":	true
				}],
			"sum":	{
				"start":	6.000055,
				"end":	8.000056,
				"seconds":	2.0000009536743164,
				"bytes":	1738590226,
				"bits_per_second":	6954357587.90389,
				"packets":	195479,
				"omitted":	false,
				"sender":	true
			}
		}, {
			"streams":	[{
					"socket":	5,
					"start":	8.000056,
					"end":	10.000187,
					"seconds":	2.0001308917999268,
					"bytes":	1735797510,
					"bits_per_second":	6942735666.4161034,
					"packets":	195164,
					"omitted":	false,
					"sender":	true
				}],
			"sum":	{
				"start":	8.000056,
				"end":	10.000187,
				"seconds":	2.0001308917999268,
				"bytes":	1735797510,
				"bits_per_second":	6942735666.4161034,
				"packets":	195164,
				"omitted":	false,
				"sender":	true
			}
		}],
	"end":	{
		"streams":	[{
				"udp":	{
					"socket":	5,
					"start":	0,
					"end":	10.000187,
					"seconds":	10.000187,
					"bytes":	8726623814,
					"bits_per_second":	6981168503.3489876,
					"jitter_ms":	0.010106195359581203,
					"lost_packets":	73827,
					"packets":	981181,
					"lost_percent":	7.5242997978966164,
					"out_of_order":	0,
					"sender":	true
				}
			}],
		"sum":	{
			"start":	0,
			"end":	10.000423,
			"seconds":	10.000423,
			"bytes":	8726623814,
			"bits_per_second":	6981168503.3489876,
			"jitter_ms":	0.010106195359581203,
			"lost_packets":	73827,
			"packets":	981181,
			"lost_percent":	7.5242997978966164,
			"sender":	true
		},
		"sum_sent":	{
			"start":	0,
			"end":	10.000187,
			"seconds":	10.000187,
			"bytes":	8726623814,
			"bits_per_second":	6981168503.3489876,
			"jitter_ms":	0,
			"lost_packets":	0,
			"packets":	981181,
			"lost_percent":	0,
			"sender":	true
		},
		"sum_received":	{
			"start":	0,
			"end":	10.000423,
			"seconds":	10.000423,
			"bytes":	8069926430,
			"bits_per_second":	6455668069.24067,
			"jitter_ms":	0.010106195359581203,
			"lost_packets":	73827,
			"packets":	981172,
			"lost_percent":	7.5242997978966164,
			"sender":	false
		},
		"cpu_utilization_percent":	{
			"host_total":	61.755638891744233,
			"host_user":	4.30640821604516,
			"host_system":	57.44924067497513,
			"remote_total":	49.827922485371886,
			"remote_user":	6.8848705081328969,
			"remote_system":	42.943071976369026
		}
	}
}
