{
	"start":	{
		"connected":	[{
				"socket":	5,
				"local_host":	"192.0.1.254",
				"local_port":	55502,
				"remote_host":	"192.0.2.254",
				"remote_port":	5201
			}],
		"version":	"iperf 3.16",
		"system_info":	"Linux lab-dd2 6.8.0-100-generic #100-Ubuntu SMP PREEMPT_DYNAMIC Tue Jan 13 16:40:06 UTC 2026 x86_64",
		"timestamp":	{
			"time":	"Thu, 19 Mar 2026 06:09:11 GMT",
			"timesecs":	1773900551
		},
		"connecting_to":	{
			"host":	"192.0.2.254",
			"port":	5201
		},
		"cookie":	"yyzd4x5234fyimfyy4z3r4rb5ykq55gosy7i",
		"target_bitrate":	11000000000,
		"fq_rate":	0,
		"sock_bufsize":	0,
		"sndbuf_actual":	212992,
		"rcvbuf_actual":	212992,
		"test_start":	{
			"protocol":	"UDP",
			"num_streams":	1,
			"blksize":	8894,
			"omit":	0,
			"duration":	10,
			"bytes":	0,
			"blocks":	0,
			"reverse":	0,
			"tos":	0,
			"target_bitrate":	11000000000,
			"bidir":	0,
			"fqrate":	0
		}
	},
	"intervals":	[{
			"streams":	[{
					"socket":	5,
					"start":	0,
					"end":	2.000055,
					"seconds":	2.0000550746917725,
					"bytes":	2747650102,
					"bits_per_second":	10990297764.36907,
					"packets":	308934,
					"omitted":	false,
					"sender":	true
				}],
			"sum":	{
				"start":	0,
				"end":	2.000055,
				"seconds":	2.0000550746917725,
				"bytes":	2747650102,
				"bits_per_second":	10990297764.36907,
				"packets":	308934,
				"omitted":	false,
				"sender":	true
			}
		}, {
			"streams":	[{
					"socket":	5,
					"start":	2.000055,
					"end":	4.000055,
					"seconds":	2,
					"bytes":	2752257194,
					"bits_per_second":	11009028776,
					"packets":	309451,
					"omitted":	false,
					"sender":	true
				}],
			"sum":	{
				"start":	2.000055,
				"end":	4.000055,
				"seconds":	2,
				"bytes":	2752257194,
				"bits_per_second":	11009028776,
				"packets":	309451,
				"omitted":	false,
				"sender":	true
			}
		}, {
			"streams":	[{
					"socket":	5,
					"start":	4.000055,
					"end":	6.000054,
					"seconds":	1.9999990463256836,
					"bytes":	2250466608,
					"bits_per_second":	9001870724.4264545,
					"packets":	253032,
					"omitted":	false,
					"sender":	true
				}],
			"sum":	{
				"start":	4.000055,
				"end":	6.000054,
				"seconds":	1.9999990463256836,
				"bytes":	2250466608,
				"bits_per_second":	9001870724.4264545,
				"packets":	253032,
				"omitted":	false,
				"sender":	true
			}
		}, {
			"streams":	[{
					"socket":	5,
					"start":	6.000054,
					"end":	8.000052,
					"seconds":	1.9999979734420776,
					"bytes":	554869978,
					"bits_per_second":	2219482160.9545784,
					"packets":	62386,
					"omitted":	false,
					"sender":	true
				}],
			"sum":	{
				"start":	6.000054,
				"end":	8.000052,
				"seconds":	1.9999979734420776,
				"bytes":	554869978,
				"bits_per_second":	2219482160.9545784,
				"packets":	62386,
				"omitted":	false,
				"sender":	true
			}
		}, {
			"streams":	[{
					"socket":	5,
					"start":	8.000052,
					"end":	10.000057,
					"seconds":	2.0000050067901611,
					"bytes":	0,
					"bits_per_second":	0,
					"packets":	0,
					"omitted":	false,
					"sender":	true
				}],
			"sum":	{
				"start":	8.000052,
				"end":	10.000057,
				"seconds":	2.0000050067901611,
				"bytes":	0,
				"bits_per_second":	0,
				"packets":	0,
				"omitted":	false,
				"sender":	true
			}
		}],
	"end":	{
		"streams":	[{
				"udp":	{
					"socket":	5,
					"start":	0,
					"end":	10.000057,
					"seconds":	10.000057,
					"bytes":	8305243882,
					"bits_per_second":	6644157233.9037666,
					"jitter_ms":	0.0033326504826048245,
					"lost_packets":	259432,
					"packets":	933803,
					"lost_percent":	27.78230526138811,
					"out_of_order":	0,
					"sender":	true
				}
			}],
		"sum":	{
			"start":	0,
			"end":	10.000327,
			"seconds":	10.000327,
			"bytes":	8305243882,
			"bits_per_second":	6644157233.9037666,
			"jitter_ms":	0.0033326504826048245,
			"lost_packets":	259432,
			"packets":	933803,
			"lost_percent":	27.78230526138811,
			"sender":	true
		},
		"sum_sent":	{
			"start":	0,
			"end":	10.000057,
			"seconds":	10.000057,
			"bytes":	8305243882,
			"bits_per_second":	6644157233.9037666,
			"jitter_ms":	0,
			"lost_packets":	0,
			"packets":	933803,
			"lost_percent":	0,
			"sender":	true
		},
		"sum_received":	{
			"start":	0,
			"end":	10.000327,
			"seconds":	10.000327,
			"bytes":	5997855674,
			"bits_per_second":	4798127640.426158,
			"jitter_ms":	0.0033326504826048245,
			"lost_packets":	259432,
			"packets":	933803,
			"lost_percent":	27.78230526138811,
			"sender":	false
		},
		"cpu_utilization_percent":	{
			"host_total":	45.487465264618862,
			"host_user":	9.2526055910589466,
			"host_system":	36.23484967416988,
			"remote_total":	35.631095668966388,
			"remote_user":	5.0034508833601423,
			"remote_system":	30.627664784930271
		}
	}
}
