{
	"start":	{
		"connected":	[{
				"socket":	5,
				"local_host":	"192.0.1.254",
				"local_port":	48304,
				"remote_host":	"192.0.2.254",
				"remote_port":	5201
			}],
		"version":	"iperf 3.16",
		"system_info":	"Linux lab-dd2 6.8.0-100-generic #100-Ubuntu SMP PREEMPT_DYNAMIC Tue Jan 13 16:40:06 UTC 2026 x86_64",
		"timestamp":	{
			"time":	"Thu, 19 Mar 2026 06:21:01 GMT",
			"timesecs":	1773901261
		},
		"connecting_to":	{
			"host":	"192.0.2.254",
			"port":	5201
		},
		"cookie":	"qjqug5ey7lswfga5io6vbd4rjq2gza6to5aj",
		"target_bitrate":	18000000000,
		"fq_rate":	0,
		"sock_bufsize":	0,
		"sndbuf_actual":	212992,
		"rcvbuf_actual":	212992,
		"test_start":	{
			"protocol":	"UDP",
			"num_streams":	1,
			"blksize":	8894,
			"omit":	0,
			"duration":	10,
			"bytes":	0,
			"blocks":	0,
			"reverse":	0,
			"tos":	0,
			"target_bitrate":	18000000000,
			"bidir":	0,
			"fqrate":	0
		}
	},
	"intervals":	[{
			"streams":	[{
					"socket":	5,
					"start":	0,
					"end":	2.000057,
					"seconds":	2.0000569820404053,
					"bytes":	3769428398,
					"bits_per_second":	15077284024.796249,
					"packets":	423818,
					"omitted":	false,
					"sender":	true
				}],
			"sum":	{
				"start":	0,
				"end":	2.000057,
				"seconds":	2.0000569820404053,
				"bytes":	3769428398,
				"bits_per_second":	15077284024.796249,
				"packets":	423818,
				"omitted":	false,
				"sender":	true
			}
		}, {
			"streams":	[{
					"socket":	5,
					"start":	2.000057,
					"end":	4.000058,
					"seconds":	2.0000009536743164,
					"bytes":	3741590178,
					"bits_per_second":	14966353575.486492,
					"packets":	420687,
					"omitted":	false,
					"sender":	true
				}],
			"sum":	{
				"start":	2.000057,
				"end":	4.000058,
				"seconds":	2.0000009536743164,
				"bytes":	3741590178,
				"bits_per_second":	14966353575.486492,
				"packets":	420687,
				"omitted":	false,
				"sender":	true
			}
		}, {
			"streams":	[{
					"socket":	5,
					"start":	4.000058,
					"end":	6.000057,
					"seconds":	1.9999990463256836,
					"bytes":	3729574384,
					"bits_per_second":	14918304649.601994,
					"packets":	419336,
					"omitted":	false,
					"sender":	true
				}],
			"sum":	{
				"start":	4.000058,
				"end":	6.000057,
				"seconds":	1.9999990463256836,
				"bytes":	3729574384,
				"bits_per_second":	14918304649.601994,
				"packets":	419336,
				"omitted":	false,
				"sender":	true
			}
		}, {
			"streams":	[{
					"socket":	5,
					"start":	6.000057,
					"end":	8.000057,
					"seconds":	2,
					"bytes":	3737383316,
					"bits_per_second":	14949533264,
					"packets":	420214,
					"omitted":	false,
					"sender":	true
				}],
			"sum":	{
				"start":	6.000057,
				"end":	8.000057,
				"seconds":	2,
				"bytes":	3737383316,
				"bits_per_second":	14949533264,
				"packets":	420214,
				"omitted":	false,
				"sender":	true
			}
		}, {
			"streams":	[{
					"socket":	5,
					"start":	8.000057,
					"end":	10.000194,
					"seconds":	2.0001370906829834,
					"bytes":	3739304420,
					"bits_per_second":	14956192502.677488,
					"packets":	420429,
					"omitted":	false,
					"sender":	true
				}],
			"sum":	{
				"start":	8.000057,
				"end":	10.000194,
				"seconds":	2.0001370906829834,
				"bytes":	3739304420,
				"bits_per_second":	14956192502.677488,
				"packets":	420429,
				"omitted":	false,
				"sender":	true
			}
		}],
	"end":	{
		"streams":	[{
				"udp":	{
					"socket":	5,
					"start":	0,
					"end":	10.000194,
					"seconds":	10.000194,
					"bytes":	18717280696,
					"bits_per_second":	14973534070.239037,
					"jitter_ms":	0.0048557542758524332,
					"lost_packets":	853335,
					"packets":	2104484,
					"lost_percent":	40.548419470045864,
					"out_of_order":	0,
					"sender":	true
				}
			}],
		"sum":	{
			"start":	0,
			"end":	10.000623,
			"seconds":	10.000623,
			"bytes":	18717280696,
			"bits_per_second":	14973534070.239037,
			"jitter_ms":	0.0048557542758524332,
			"lost_packets":	853335,
			"packets":	2104484,
			"lost_percent":	40.548419470045864,
			"sender":	true
		},
		"sum_sent":	{
			"start":	0,
			"end":	10.000194,
			"seconds":	10.000194,
			"bytes":	18717280696,
			"bits_per_second":	14973534070.239037,
			"jitter_ms":	0,
			"lost_packets":	0,
			"packets":	2104484,
			"lost_percent":	0,
			"sender":	true
		},
		"sum_received":	{
			"start":	0,
			"end":	10.000623,
			"seconds":	10.000623,
			"bytes":	11127568008,
			"bits_per_second":	8901499842.9597836,
			"jitter_ms":	0.0048557542758524332,
			"lost_packets":	853335,
			"packets":	2104467,
			"lost_percent":	40.548419470045864,
			"sender":	false
		},
		"cpu_utilization_percent":	{
			"host_total":	100.27267802215141,
			"host_user":	4.7222093899231723,
			"host_system":	95.550458633034168,
			"remote_total":	64.522882153847874,
			"remote_user":	9.09048548131758,
			"remote_system":	55.432426670634413
		}
	}
}
