{
	"start":	{
		"connected":	[{
				"socket":	5,
				"local_host":	"192.0.1.254",
				"local_port":	35000,
				"remote_host":	"192.0.2.254",
				"remote_port":	5201
			}],
		"version":	"iperf 3.16",
		"system_info":	"Linux lab-dd2 6.8.0-100-generic #100-Ubuntu SMP PREEMPT_DYNAMIC Tue Jan 13 16:40:06 UTC 2026 x86_64",
		"timestamp":	{
			"time":	"Thu, 19 Mar 2026 06:07:21 GMT",
			"timesecs":	1773900441
		},
		"connecting_to":	{
			"host":	"192.0.2.254",
			"port":	5201
		},
		"cookie":	"fuvylfjkcpxaqhdirs5fk3m7gd762ad7ogpv",
		"target_bitrate":	10000000000,
		"fq_rate":	0,
		"sock_bufsize":	0,
		"sndbuf_actual":	212992,
		"rcvbuf_actual":	212992,
		"test_start":	{
			"protocol":	"UDP",
			"num_streams":	1,
			"blksize":	8894,
			"omit":	0,
			"duration":	10,
			"bytes":	0,
			"blocks":	0,
			"reverse":	0,
			"tos":	0,
			"target_bitrate":	10000000000,
			"bidir":	0,
			"fqrate":	0
		}
	},
	"intervals":	[{
			"streams":	[{
					"socket":	5,
					"start":	0,
					"end":	2.00006,
					"seconds":	2.0000600814819336,
					"bytes":	2497106122,
					"bits_per_second":	9988124437.3410339,
					"packets":	280764,
					"omitted":	false,
					"sender":	true
				}],
			"sum":	{
				"start":	0,
				"end":	2.00006,
				"seconds":	2.0000600814819336,
				"bytes":	2497106122,
				"bits_per_second":	9988124437.3410339,
				"packets":	280764,
				"omitted":	false,
				"sender":	true
			}
		}, {
			"streams":	[{
					"socket":	5,
					"start":	2.00006,
					"end":	4.000058,
					"seconds":	1.9999979734420776,
					"bytes":	2501686532,
					"bits_per_second":	10006756267.635595,
					"packets":	281278,
					"omitted":	false,
					"sender":	true
				}],
			"sum":	{
				"start":	2.00006,
				"end":	4.000058,
				"seconds":	1.9999979734420776,
				"bytes":	2501686532,
				"bits_per_second":	10006756267.635595,
				"packets":	281278,
				"omitted":	false,
				"sender":	true
			}
		}, {
			"streams":	[{
					"socket":	5,
					"start":	4.000058,
					"end":	6.000059,
					"seconds":	2.0000009536743164,
					"bytes":	1919440822,
					"bits_per_second":	7677759626.95892,
					"packets":	215813,
					"omitted":	false,
					"sender":	true
				}],
			"sum":	{
				"start":	4.000058,
				"end":	6.000059,
				"seconds":	2.0000009536743164,
				"bytes":	1919440822,
				"bits_per_second":	7677759626.95892,
				"packets":	215813,
				"omitted":	false,
				"sender":	true
			}
		}, {
			"streams":	[{
					"socket":	5,
					"start":	6.000059,
					"end":	8.000058,
					"seconds":	1.9999990463256836,
					"bytes":	2746725126,
					"bits_per_second":	10986905742.964912,
					"packets":	308829,
					"omitted":	false,
					"sender":	true
				}],
			"sum":	{
				"start":	6.000059,
				"end":	8.000058,
				"seconds":	1.9999990463256836,
				"bytes":	2746725126,
				"bits_per_second":	10986905742.964912,
				"packets":	308829,
				"omitted":	false,
				"sender":	true
			}
		}, {
			"streams":	[{
					"socket":	5,
					"start":	8.000058,
					"end":	10.000283,
					"seconds":	2.0002250671386719,
					"bytes":	2832836834,
					"bits_per_second":	11330072322.520712,
					"packets":	318510,
					"omitted":	false,
					"sender":	true
				}],
			"sum":	{
				"start":	8.000058,
				"end":	10.000283,
				"seconds":	2.0002250671386719,
				"bytes":	2832836834,
				"bits_per_second":	11330072322.520712,
				"packets":	318510,
				"omitted":	false,
				"sender":	true
			}
		}],
	"end":	{
		"streams":	[{
				"udp":	{
					"socket":	5,
					"start":	0,
					"end":	10.000283,
					"seconds":	10.000283,
					"bytes":	12497795436,
					"bits_per_second":	9997953406.71859,
					"jitter_ms":	0.00566407126639967,
					"lost_packets":	347347,
					"packets":	1405194,
					"lost_percent":	24.718793276942542,
					"out_of_order":	0,
					"sender":	true
				}
			}],
		"sum":	{
			"start":	0,
			"end":	10.000412,
			"seconds":	10.000412,
			"bytes":	12497795436,
			"bits_per_second":	9997953406.71859,
			"jitter_ms":	0.00566407126639967,
			"lost_packets":	347347,
			"packets":	1405194,
			"lost_percent":	24.718793276942542,
			"sender":	true
		},
		"sum_sent":	{
			"start":	0,
			"end":	10.000283,
			"seconds":	10.000283,
			"bytes":	12497795436,
			"bits_per_second":	9997953406.71859,
			"jitter_ms":	0,
			"lost_packets":	0,
			"packets":	1405194,
			"lost_percent":	0,
			"sender":	true
		},
		"sum_received":	{
			"start":	0,
			"end":	10.000412,
			"seconds":	10.000412,
			"bytes":	9408446748,
			"bits_per_second":	7526447308.7708778,
			"jitter_ms":	0.00566407126639967,
			"lost_packets":	347347,
			"packets":	1405189,
			"lost_percent":	24.718793276942542,
			"sender":	false
		},
		"cpu_utilization_percent":	{
			"host_total":	73.3023751309396,
			"host_user":	29.164558501143311,
			"host_system":	44.137816629796269,
			"remote_total":	56.068040749092617,
			"remote_user":	7.29878418094282,
			"remote_system":	48.7692665677308
		}
	}
}
