{
	"start":	{
		"connected":	[{
				"socket":	5,
				"local_host":	"192.0.1.254",
				"local_port":	56458,
				"remote_host":	"192.0.2.254",
				"remote_port":	5201
			}],
		"version":	"iperf 3.16",
		"system_info":	"Linux lab-dd2 6.8.0-100-generic #100-Ubuntu SMP PREEMPT_DYNAMIC Tue Jan 13 16:40:06 UTC 2026 x86_64",
		"timestamp":	{
			"time":	"Thu, 19 Mar 2026 06:04:21 GMT",
			"timesecs":	1773900261
		},
		"connecting_to":	{
			"host":	"192.0.2.254",
			"port":	5201
		},
		"cookie":	"upilfcdfhir5zlulhfkj6znyfbgkeeh3xxpa",
		"target_bitrate":	8000000000,
		"fq_rate":	0,
		"sock_bufsize":	0,
		"sndbuf_actual":	212992,
		"rcvbuf_actual":	212992,
		"test_start":	{
			"protocol":	"UDP",
			"num_streams":	1,
			"blksize":	8894,
			"omit":	0,
			"duration":	10,
			"bytes":	0,
			"blocks":	0,
			"reverse":	0,
			"tos":	0,
			"target_bitrate":	8000000000,
			"bidir":	0,
			"fqrate":	0
		}
	},
	"intervals":	[{
			"streams":	[{
					"socket":	5,
					"start":	0,
					"end":	2.000055,
					"seconds":	2.0000550746917725,
					"bytes":	1920383586,
					"bits_per_second":	7681322820.75662,
					"packets":	215920,
					"omitted":	false,
					"sender":	true
				}],
			"sum":	{
				"start":	0,
				"end":	2.000055,
				"seconds":	2.0000550746917725,
				"bytes":	1920383586,
				"bits_per_second":	7681322820.75662,
				"packets":	215920,
				"omitted":	false,
				"sender":	true
			}
		}, {
			"streams":	[{
					"socket":	5,
					"start":	2.000055,
					"end":	4.000056,
					"seconds":	2.0000009536743164,
					"bytes":	2060553026,
					"bits_per_second":	8242208173.808877,
					"packets":	231679,
					"omitted":	false,
					"sender":	true
				}],
			"sum":	{
				"start":	2.000055,
				"end":	4.000056,
				"seconds":	2.0000009536743164,
				"bytes":	2060553026,
				"bits_per_second":	8242208173.808877,
				"packets":	231679,
				"omitted":	false,
				"sender":	true
			}
		}, {
			"streams":	[{
					"socket":	5,
					"start":	4.000056,
					"end":	6.000055,
					"seconds":	1.9999990463256836,
					"bytes":	1869856772,
					"bits_per_second":	7479430654.470458,
					"packets":	210238,
					"omitted":	false,
					"sender":	true
				}],
			"sum":	{
				"start":	4.000056,
				"end":	6.000055,
				"seconds":	1.9999990463256836,
				"bytes":	1869856772,
				"bits_per_second":	7479430654.470458,
				"packets":	210238,
				"omitted":	false,
				"sender":	true
			}
		}, {
			"streams":	[{
					"socket":	5,
					"start":	6.000055,
					"end":	8.000055,
					"seconds":	2,
					"bytes":	1740938242,
					"bits_per_second":	6963752968,
					"packets":	195743,
					"omitted":	false,
					"sender":	true
				}],
			"sum":	{
				"start":	6.000055,
				"end":	8.000055,
				"seconds":	2,
				"bytes":	1740938242,
				"bits_per_second":	6963752968,
				"packets":	195743,
				"omitted":	false,
				"sender":	true
			}
		}, {
			"streams":	[{
					"socket":	5,
					"start":	8.000055,
					"end":	10.000188,
					"seconds":	2.0001330375671387,
					"bytes":	1740884878,
					"bits_per_second":	6963076336.6321869,
					"packets":	195736,
					"omitted":	false,
					"sender":	true
				}],
			"sum":	{
				"start":	8.000055,
				"end":	10.000188,
				"seconds":	2.0001330375671387,
				"bytes":	1740884878,
				"bits_per_second":	6963076336.6321869,
				"packets":	195736,
				"omitted":	false,
				"sender":	true
			}
		}],
	"end":	{
		"streams":	[{
				"udp":	{
					"socket":	5,
					"start":	0,
					"end":	10.000188,
					"seconds":	10.000188,
					"bytes":	9332616504,
					"bits_per_second":	7465952843.2865467,
					"jitter_ms":	0.016832781512424923,
					"lost_packets":	106806,
					"packets":	1049316,
					"lost_percent":	10.178630650823965,
					"out_of_order":	0,
					"sender":	true
				}
			}],
		"sum":	{
			"start":	0,
			"end":	10.000464,
			"seconds":	10.000464,
			"bytes":	9332616504,
			"bits_per_second":	7465952843.2865467,
			"jitter_ms":	0.016832781512424923,
			"lost_packets":	106806,
			"packets":	1049316,
			"lost_percent":	10.178630650823965,
			"sender":	true
		},
		"sum_sent":	{
			"start":	0,
			"end":	10.000188,
			"seconds":	10.000188,
			"bytes":	9332616504,
			"bits_per_second":	7465952843.2865467,
			"jitter_ms":	0,
			"lost_packets":	0,
			"packets":	1049316,
			"lost_percent":	0,
			"sender":	true
		},
		"sum_received":	{
			"start":	0,
			"end":	10.000464,
			"seconds":	10.000464,
			"bytes":	8382595000,
			"bits_per_second":	6705764852.5108442,
			"jitter_ms":	0.016832781512424923,
			"lost_packets":	106806,
			"packets":	1049306,
			"lost_percent":	10.178630650823965,
			"sender":	false
		},
		"cpu_utilization_percent":	{
			"host_total":	58.091044460923,
			"host_user":	3.802738401211414,
			"host_system":	54.288286061455437,
			"remote_total":	52.13239551261988,
			"remote_user":	6.7325701040649015,
			"remote_system":	45.399835408065
		}
	}
}
