{
	"start":	{
		"connected":	[{
				"socket":	5,
				"local_host":	"192.0.1.254",
				"local_port":	44394,
				"remote_host":	"192.0.2.254",
				"remote_port":	5201
			}],
		"version":	"iperf 3.16",
		"system_info":	"Linux lab-dd2 6.8.0-100-generic #100-Ubuntu SMP PREEMPT_DYNAMIC Tue Jan 13 16:40:06 UTC 2026 x86_64",
		"timestamp":	{
			"time":	"Thu, 19 Mar 2026 06:10:41 GMT",
			"timesecs":	1773900641
		},
		"connecting_to":	{
			"host":	"192.0.2.254",
			"port":	5201
		},
		"cookie":	"jygq466gq7wqudxxwbgk5pxqdtash44kl2iq",
		"target_bitrate":	12000000000,
		"fq_rate":	0,
		"sock_bufsize":	0,
		"sndbuf_actual":	212992,
		"rcvbuf_actual":	212992,
		"test_start":	{
			"protocol":	"UDP",
			"num_streams":	1,
			"blksize":	8894,
			"omit":	0,
			"duration":	10,
			"bytes":	0,
			"blocks":	0,
			"reverse":	0,
			"tos":	0,
			"target_bitrate":	12000000000,
			"bidir":	0,
			"fqrate":	0
		}
	},
	"intervals":	[{
			"streams":	[{
					"socket":	5,
					"start":	0,
					"end":	2.000055,
					"seconds":	2.0000550746917725,
					"bytes":	2998051778,
					"bits_per_second":	11991876887.538322,
					"packets":	337088,
					"omitted":	false,
					"sender":	true
				}],
			"sum":	{
				"start":	0,
				"end":	2.000055,
				"seconds":	2.0000550746917725,
				"bytes":	2998051778,
				"bits_per_second":	11991876887.538322,
				"packets":	337088,
				"omitted":	false,
				"sender":	true
			}
		}, {
			"streams":	[{
					"socket":	5,
					"start":	2.000055,
					"end":	4.000054,
					"seconds":	1.9999990463256836,
					"bytes":	3001271406,
					"bits_per_second":	12005091348.473642,
					"packets":	337448,
					"omitted":	false,
					"sender":	true
				}],
			"sum":	{
				"start":	2.000055,
				"end":	4.000054,
				"seconds":	1.9999990463256836,
				"bytes":	3001271406,
				"bits_per_second":	12005091348.473642,
				"packets":	337448,
				"omitted":	false,
				"sender":	true
			}
		}, {
			"streams":	[{
					"socket":	5,
					"start":	4.000054,
					"end":	6.000055,
					"seconds":	2.0000009536743164,
					"bytes":	2995739338,
					"bits_per_second":	11982951638.083393,
					"packets":	336828,
					"omitted":	false,
					"sender":	true
				}],
			"sum":	{
				"start":	4.000054,
				"end":	6.000055,
				"seconds":	2.0000009536743164,
				"bytes":	2995739338,
				"bits_per_second":	11982951638.083393,
				"packets":	336828,
				"omitted":	false,
				"sender":	true
			}
		}, {
			"streams":	[{
					"socket":	5,
					"start":	6.000055,
					"end":	8.000054,
					"seconds":	1.9999990463256836,
					"bytes":	3004882370,
					"bits_per_second":	12019535211.361013,
					"packets":	337855,
					"omitted":	false,
					"sender":	true
				}],
			"sum":	{
				"start":	6.000055,
				"end":	8.000054,
				"seconds":	1.9999990463256836,
				"bytes":	3004882370,
				"bits_per_second":	12019535211.361013,
				"packets":	337855,
				"omitted":	false,
				"sender":	true
			}
		}, {
			"streams":	[{
					"socket":	5,
					"start":	8.000054,
					"end":	10.000309,
					"seconds":	2.0002551078796387,
					"bytes":	2994778786,
					"bits_per_second":	11977587355.54327,
					"packets":	336718,
					"omitted":	false,
					"sender":	true
				}],
			"sum":	{
				"start":	8.000054,
				"end":	10.000309,
				"seconds":	2.0002551078796387,
				"bytes":	2994778786,
				"bits_per_second":	11977587355.54327,
				"packets":	336718,
				"omitted":	false,
				"sender":	true
			}
		}],
	"end":	{
		"streams":	[{
				"udp":	{
					"socket":	5,
					"start":	0,
					"end":	10.000309,
					"seconds":	10.000309,
					"bytes":	14994723678,
					"bits_per_second":	11995408284.284016,
					"jitter_ms":	0.00513057929729072,
					"lost_packets":	523204,
					"packets":	1685937,
					"lost_percent":	31.033425329653479,
					"out_of_order":	0,
					"sender":	true
				}
			}],
		"sum":	{
			"start":	0,
			"end":	10.000435,
			"seconds":	10.000435,
			"bytes":	14994723678,
			"bits_per_second":	11995408284.284016,
			"jitter_ms":	0.00513057929729072,
			"lost_packets":	523204,
			"packets":	1685937,
			"lost_percent":	31.033425329653479,
			"sender":	true
		},
		"sum_sent":	{
			"start":	0,
			"end":	10.000309,
			"seconds":	10.000309,
			"bytes":	14994723678,
			"bits_per_second":	11995408284.284016,
			"jitter_ms":	0,
			"lost_packets":	0,
			"packets":	1685937,
			"lost_percent":	0,
			"sender":	true
		},
		"sum_received":	{
			"start":	0,
			"end":	10.000435,
			"seconds":	10.000435,
			"bytes":	10341347302,
			"bits_per_second":	8272717978.3679419,
			"jitter_ms":	0.00513057929729072,
			"lost_packets":	523204,
			"packets":	1685937,
			"lost_percent":	31.033425329653479,
			"sender":	false
		},
		"cpu_utilization_percent":	{
			"host_total":	72.423488544405,
			"host_user":	5.150413117363728,
			"host_system":	67.2730954254614,
			"remote_total":	59.719732612032459,
			"remote_user":	7.5990980405881734,
			"remote_system":	52.1206445709943
		}
	}
}
