{
	"start":	{
		"connected":	[{
				"socket":	5,
				"local_host":	"192.0.1.254",
				"local_port":	42680,
				"remote_host":	"192.0.2.254",
				"remote_port":	5201
			}],
		"version":	"iperf 3.16",
		"system_info":	"Linux lab-dd2 6.8.0-100-generic #100-Ubuntu SMP PREEMPT_DYNAMIC Tue Jan 13 16:40:06 UTC 2026 x86_64",
		"timestamp":	{
			"time":	"Thu, 19 Mar 2026 06:19:21 GMT",
			"timesecs":	1773901161
		},
		"connecting_to":	{
			"host":	"192.0.2.254",
			"port":	5201
		},
		"cookie":	"im7xuuezez3x2mmw5s3ahmga3fln3rbcykmq",
		"target_bitrate":	17000000000,
		"fq_rate":	0,
		"sock_bufsize":	0,
		"sndbuf_actual":	212992,
		"rcvbuf_actual":	212992,
		"test_start":	{
			"protocol":	"UDP",
			"num_streams":	1,
			"blksize":	8894,
			"omit":	0,
			"duration":	10,
			"bytes":	0,
			"blocks":	0,
			"reverse":	0,
			"tos":	0,
			"target_bitrate":	17000000000,
			"bidir":	0,
			"fqrate":	0
		}
	},
	"intervals":	[{
			"streams":	[{
					"socket":	5,
					"start":	0,
					"end":	2.000053,
					"seconds":	2.00005292892456,
					"bytes":	3754664358,
					"bits_per_second":	15018259981.825195,
					"packets":	422158,
					"omitted":	false,
					"sender":	true
				}],
			"sum":	{
				"start":	0,
				"end":	2.000053,
				"seconds":	2.00005292892456,
				"bytes":	3754664358,
				"bits_per_second":	15018259981.825195,
				"packets":	422158,
				"omitted":	false,
				"sender":	true
			}
		}, {
			"streams":	[{
					"socket":	5,
					"start":	2.000053,
					"end":	4.000054,
					"seconds":	2.0000009536743164,
					"bytes":	3724736048,
					"bits_per_second":	14898937087.633179,
					"packets":	418792,
					"omitted":	false,
					"sender":	true
				}],
			"sum":	{
				"start":	2.000053,
				"end":	4.000054,
				"seconds":	2.0000009536743164,
				"bytes":	3724736048,
				"bits_per_second":	14898937087.633179,
				"packets":	418792,
				"omitted":	false,
				"sender":	true
			}
		}, {
			"streams":	[{
					"socket":	5,
					"start":	4.000054,
					"end":	6.000053,
					"seconds":	1.9999990463256836,
					"bytes":	3717727576,
					"bits_per_second":	14870917395.005991,
					"packets":	418005,
					"omitted":	false,
					"sender":	true
				}],
			"sum":	{
				"start":	4.000054,
				"end":	6.000053,
				"seconds":	1.9999990463256836,
				"bytes":	3717727576,
				"bits_per_second":	14870917395.005991,
				"packets":	418005,
				"omitted":	false,
				"sender":	true
			}
		}, {
			"streams":	[{
					"socket":	5,
					"start":	6.000053,
					"end":	8.000053,
					"seconds":	2,
					"bytes":	3713271682,
					"bits_per_second":	14853086728,
					"packets":	417503,
					"omitted":	false,
					"sender":	true
				}],
			"sum":	{
				"start":	6.000053,
				"end":	8.000053,
				"seconds":	2,
				"bytes":	3713271682,
				"bits_per_second":	14853086728,
				"packets":	417503,
				"omitted":	false,
				"sender":	true
			}
		}, {
			"streams":	[{
					"socket":	5,
					"start":	8.000053,
					"end":	10.000137,
					"seconds":	2.0000839233398438,
					"bytes":	3712942604,
					"bits_per_second":	14851147237.061678,
					"packets":	417465,
					"omitted":	false,
					"sender":	true
				}],
			"sum":	{
				"start":	8.000053,
				"end":	10.000137,
				"seconds":	2.0000839233398438,
				"bytes":	3712942604,
				"bits_per_second":	14851147237.061678,
				"packets":	417465,
				"omitted":	false,
				"sender":	true
			}
		}],
	"end":	{
		"streams":	[{
				"udp":	{
					"socket":	5,
					"start":	0,
					"end":	10.000137,
					"seconds":	10.000137,
					"bytes":	18623351162,
					"bits_per_second":	14898476820.467558,
					"jitter_ms":	0.00791907016173392,
					"lost_packets":	820506,
					"packets":	2093923,
					"lost_percent":	39.185108525958213,
					"out_of_order":	0,
					"sender":	true
				}
			}],
		"sum":	{
			"start":	0,
			"end":	10.000388,
			"seconds":	10.000388,
			"bytes":	18623351162,
			"bits_per_second":	14898476820.467558,
			"jitter_ms":	0.00791907016173392,
			"lost_packets":	820506,
			"packets":	2093923,
			"lost_percent":	39.185108525958213,
			"sender":	true
		},
		"sum_sent":	{
			"start":	0,
			"end":	10.000137,
			"seconds":	10.000137,
			"bytes":	18623351162,
			"bits_per_second":	14898476820.467558,
			"jitter_ms":	0,
			"lost_packets":	0,
			"packets":	2093923,
			"lost_percent":	0,
			"sender":	true
		},
		"sum_received":	{
			"start":	0,
			"end":	10.000388,
			"seconds":	10.000388,
			"bytes":	11325726328,
			"bits_per_second":	9060229525.49441,
			"jitter_ms":	0.00791907016173392,
			"lost_packets":	820506,
			"packets":	2093918,
			"lost_percent":	39.185108525958213,
			"sender":	false
		},
		"cpu_utilization_percent":	{
			"host_total":	100.08993511652318,
			"host_user":	5.2236063581747514,
			"host_system":	94.8663187588914,
			"remote_total":	63.31601967003877,
			"remote_user":	8.5207902454175,
			"remote_system":	54.7952494238473
		}
	}
}
