{
	"start":	{
		"connected":	[{
				"socket":	5,
				"local_host":	"192.0.1.254",
				"local_port":	35484,
				"remote_host":	"192.0.2.254",
				"remote_port":	5201
			}],
		"version":	"iperf 3.16",
		"system_info":	"Linux lab-dd2 6.8.0-100-generic #100-Ubuntu SMP PREEMPT_DYNAMIC Tue Jan 13 16:40:06 UTC 2026 x86_64",
		"timestamp":	{
			"time":	"Thu, 19 Mar 2026 06:04:11 GMT",
			"timesecs":	1773900251
		},
		"connecting_to":	{
			"host":	"192.0.2.254",
			"port":	5201
		},
		"cookie":	"m2qhciycfjrufkgt2ycnckydvfahfrz3r76x",
		"target_bitrate":	8000000000,
		"fq_rate":	0,
		"sock_bufsize":	0,
		"sndbuf_actual":	212992,
		"rcvbuf_actual":	212992,
		"test_start":	{
			"protocol":	"UDP",
			"num_streams":	1,
			"blksize":	8894,
			"omit":	0,
			"duration":	10,
			"bytes":	0,
			"blocks":	0,
			"reverse":	0,
			"tos":	0,
			"target_bitrate":	8000000000,
			"bidir":	0,
			"fqrate":	0
		}
	},
	"intervals":	[{
			"streams":	[{
					"socket":	5,
					"start":	0,
					"end":	2.000058,
					"seconds":	2.0000579357147217,
					"bytes":	1918373542,
					"bits_per_second":	7673271889.7544069,
					"packets":	215694,
					"omitted":	false,
					"sender":	true
				}],
			"sum":	{
				"start":	0,
				"end":	2.000058,
				"seconds":	2.0000579357147217,
				"bytes":	1918373542,
				"bits_per_second":	7673271889.7544069,
				"packets":	215694,
				"omitted":	false,
				"sender":	true
			}
		}, {
			"streams":	[{
					"socket":	5,
					"start":	2.000058,
					"end":	4.000061,
					"seconds":	2.0000030994415283,
					"bytes":	1544585404,
					"bits_per_second":	6178332041.3105478,
					"packets":	173665,
					"omitted":	false,
					"sender":	true
				}],
			"sum":	{
				"start":	2.000058,
				"end":	4.000061,
				"seconds":	2.0000030994415283,
				"bytes":	1544585404,
				"bits_per_second":	6178332041.3105478,
				"packets":	173665,
				"omitted":	false,
				"sender":	true
			}
		}, {
			"streams":	[{
					"socket":	5,
					"start":	4.000061,
					"end":	6.000059,
					"seconds":	1.9999979734420776,
					"bytes":	0,
					"bits_per_second":	0,
					"packets":	0,
					"omitted":	false,
					"sender":	true
				}],
			"sum":	{
				"start":	4.000061,
				"end":	6.000059,
				"seconds":	1.9999979734420776,
				"bytes":	0,
				"bits_per_second":	0,
				"packets":	0,
				"omitted":	false,
				"sender":	true
			}
		}, {
			"streams":	[{
					"socket":	5,
					"start":	6.000059,
					"end":	8.000054,
					"seconds":	1.9999949932098389,
					"bytes":	0,
					"bits_per_second":	0,
					"packets":	0,
					"omitted":	false,
					"sender":	true
				}],
			"sum":	{
				"start":	6.000059,
				"end":	8.000054,
				"seconds":	1.9999949932098389,
				"bytes":	0,
				"bits_per_second":	0,
				"packets":	0,
				"omitted":	false,
				"sender":	true
			}
		}, {
			"streams":	[{
					"socket":	5,
					"start":	8.000054,
					"end":	10.00006,
					"seconds":	2.0000059604644775,
					"bytes":	0,
					"bits_per_second":	0,
					"packets":	0,
					"omitted":	false,
					"sender":	true
				}],
			"sum":	{
				"start":	8.000054,
				"end":	10.00006,
				"seconds":	2.0000059604644775,
				"bytes":	0,
				"bits_per_second":	0,
				"packets":	0,
				"omitted":	false,
				"sender":	true
			}
		}],
	"end":	{
		"streams":	[{
				"udp":	{
					"socket":	5,
					"start":	0,
					"end":	10.00006,
					"seconds":	10.00006,
					"bytes":	3462958946,
					"bits_per_second":	2770350534.6967921,
					"jitter_ms":	0.011894723168929543,
					"lost_packets":	59029,
					"packets":	389359,
					"lost_percent":	15.160558764533503,
					"out_of_order":	0,
					"sender":	true
				}
			}],
		"sum":	{
			"start":	0,
			"end":	10.000361,
			"seconds":	10.000361,
			"bytes":	3462958946,
			"bits_per_second":	2770350534.6967921,
			"jitter_ms":	0.011894723168929543,
			"lost_packets":	59029,
			"packets":	389359,
			"lost_percent":	15.160558764533503,
			"sender":	true
		},
		"sum_sent":	{
			"start":	0,
			"end":	10.00006,
			"seconds":	10.00006,
			"bytes":	3462958946,
			"bits_per_second":	2770350534.6967921,
			"jitter_ms":	0,
			"lost_packets":	0,
			"packets":	389359,
			"lost_percent":	0,
			"sender":	true
		},
		"sum_received":	{
			"start":	0,
			"end":	10.000361,
			"seconds":	10.000361,
			"bytes":	2937955020,
			"bits_per_second":	2350279170.92193,
			"jitter_ms":	0.011894723168929543,
			"lost_packets":	59029,
			"packets":	389359,
			"lost_percent":	15.160558764533503,
			"sender":	false
		},
		"cpu_utilization_percent":	{
			"host_total":	18.8564282737331,
			"host_user":	1.7133517161715379,
			"host_system":	17.143076557561564,
			"remote_total":	17.291778475018578,
			"remote_user":	2.5142567210756481,
			"remote_system":	14.777531753571942
		}
	}
}
