{
	"start":	{
		"connected":	[{
				"socket":	5,
				"local_host":	"192.0.1.254",
				"local_port":	35536,
				"remote_host":	"192.0.2.254",
				"remote_port":	5201
			}],
		"version":	"iperf 3.16",
		"system_info":	"Linux lab-dd2 6.8.0-100-generic #100-Ubuntu SMP PREEMPT_DYNAMIC Tue Jan 13 16:40:06 UTC 2026 x86_64",
		"timestamp":	{
			"time":	"Thu, 19 Mar 2026 06:05:31 GMT",
			"timesecs":	1773900331
		},
		"connecting_to":	{
			"host":	"192.0.2.254",
			"port":	5201
		},
		"cookie":	"ru62ry523yhwcxc4br2fbjnuck6ci3arvjx2",
		"target_bitrate":	9000000000,
		"fq_rate":	0,
		"sock_bufsize":	0,
		"sndbuf_actual":	212992,
		"rcvbuf_actual":	212992,
		"test_start":	{
			"protocol":	"UDP",
			"num_streams":	1,
			"blksize":	8894,
			"omit":	0,
			"duration":	10,
			"bytes":	0,
			"blocks":	0,
			"reverse":	0,
			"tos":	0,
			"target_bitrate":	9000000000,
			"bidir":	0,
			"fqrate":	0
		}
	},
	"intervals":	[{
			"streams":	[{
					"socket":	5,
					"start":	0,
					"end":	2.000057,
					"seconds":	2.0000569820404053,
					"bytes":	2248723384,
					"bits_per_second":	8994637269.6078358,
					"packets":	252837,
					"omitted":	false,
					"sender":	true
				}],
			"sum":	{
				"start":	0,
				"end":	2.000057,
				"seconds":	2.0000569820404053,
				"bytes":	2248723384,
				"bits_per_second":	8994637269.6078358,
				"packets":	252837,
				"omitted":	false,
				"sender":	true
			}
		}, {
			"streams":	[{
					"socket":	5,
					"start":	2.000057,
					"end":	4.000055,
					"seconds":	1.9999979734420776,
					"bytes":	1886257308,
					"bits_per_second":	7545036877.22713,
					"packets":	212082,
					"omitted":	false,
					"sender":	true
				}],
			"sum":	{
				"start":	2.000057,
				"end":	4.000055,
				"seconds":	1.9999979734420776,
				"bytes":	1886257308,
				"bits_per_second":	7545036877.22713,
				"packets":	212082,
				"omitted":	false,
				"sender":	true
			}
		}, {
			"streams":	[{
					"socket":	5,
					"start":	4.000055,
					"end":	6.000056,
					"seconds":	2.0000009536743164,
					"bytes":	2614257890,
					"bits_per_second":	10457026573.701166,
					"packets":	293934,
					"omitted":	false,
					"sender":	true
				}],
			"sum":	{
				"start":	4.000055,
				"end":	6.000056,
				"seconds":	2.0000009536743164,
				"bytes":	2614257890,
				"bits_per_second":	10457026573.701166,
				"packets":	293934,
				"omitted":	false,
				"sender":	true
			}
		}, {
			"streams":	[{
					"socket":	5,
					"start":	6.000056,
					"end":	8.000056,
					"seconds":	2,
					"bytes":	1120990866,
					"bits_per_second":	4483963464,
					"packets":	126039,
					"omitted":	false,
					"sender":	true
				}],
			"sum":	{
				"start":	6.000056,
				"end":	8.000056,
				"seconds":	2,
				"bytes":	1120990866,
				"bits_per_second":	4483963464,
				"packets":	126039,
				"omitted":	false,
				"sender":	true
			}
		}, {
			"streams":	[{
					"socket":	5,
					"start":	8.000056,
					"end":	10.000061,
					"seconds":	2.0000050067901611,
					"bytes":	0,
					"bits_per_second":	0,
					"packets":	0,
					"omitted":	false,
					"sender":	true
				}],
			"sum":	{
				"start":	8.000056,
				"end":	10.000061,
				"seconds":	2.0000050067901611,
				"bytes":	0,
				"bits_per_second":	0,
				"packets":	0,
				"omitted":	false,
				"sender":	true
			}
		}],
	"end":	{
		"streams":	[{
				"udp":	{
					"socket":	5,
					"start":	0,
					"end":	10.000061,
					"seconds":	10.000061,
					"bytes":	7870229448,
					"bits_per_second":	6296145151.9145727,
					"jitter_ms":	0.0082365524654385638,
					"lost_packets":	161035,
					"packets":	884892,
					"lost_percent":	18.19826600308286,
					"out_of_order":	0,
					"sender":	true
				}
			}],
		"sum":	{
			"start":	0,
			"end":	10.000336,
			"seconds":	10.000336,
			"bytes":	7870229448,
			"bits_per_second":	6296145151.9145727,
			"jitter_ms":	0.0082365524654385638,
			"lost_packets":	161035,
			"packets":	884892,
			"lost_percent":	18.19826600308286,
			"sender":	true
		},
		"sum_sent":	{
			"start":	0,
			"end":	10.000061,
			"seconds":	10.000061,
			"bytes":	7870229448,
			"bits_per_second":	6296145151.9145727,
			"jitter_ms":	0,
			"lost_packets":	0,
			"packets":	884892,
			"lost_percent":	0,
			"sender":	true
		},
		"sum_received":	{
			"start":	0,
			"end":	10.000336,
			"seconds":	10.000336,
			"bytes":	6437984158,
			"bits_per_second":	5150214279.2002182,
			"jitter_ms":	0.0082365524654385638,
			"lost_packets":	161035,
			"packets":	884892,
			"lost_percent":	18.19826600308286,
			"sender":	false
		},
		"cpu_utilization_percent":	{
			"host_total":	48.168564813217678,
			"host_user":	6.3788923503669048,
			"host_system":	41.789652463940712,
			"remote_total":	38.6801316674443,
			"remote_user":	5.1270326046718786,
			"remote_system":	33.553109062426437
		}
	}
}
