{
	"start":	{
		"connected":	[{
				"socket":	5,
				"local_host":	"192.0.1.254",
				"local_port":	58223,
				"remote_host":	"192.0.2.254",
				"remote_port":	5201
			}],
		"version":	"iperf 3.16",
		"system_info":	"Linux lab-dd2 6.8.0-100-generic #100-Ubuntu SMP PREEMPT_DYNAMIC Tue Jan 13 16:40:06 UTC 2026 x86_64",
		"timestamp":	{
			"time":	"Thu, 19 Mar 2026 06:04:01 GMT",
			"timesecs":	1773900241
		},
		"connecting_to":	{
			"host":	"192.0.2.254",
			"port":	5201
		},
		"cookie":	"42ogdel24rmamyh3ny7jgdhttm66kehj7ahv",
		"target_bitrate":	8000000000,
		"fq_rate":	0,
		"sock_bufsize":	0,
		"sndbuf_actual":	212992,
		"rcvbuf_actual":	212992,
		"test_start":	{
			"protocol":	"UDP",
			"num_streams":	1,
			"blksize":	8894,
			"omit":	0,
			"duration":	10,
			"bytes":	0,
			"blocks":	0,
			"reverse":	0,
			"tos":	0,
			"target_bitrate":	8000000000,
			"bidir":	0,
			"fqrate":	0
		}
	},
	"intervals":	[{
			"streams":	[{
					"socket":	5,
					"start":	0,
					"end":	2.000057,
					"seconds":	2.0000569820404053,
					"bytes":	1998748620,
					"bits_per_second":	7994766700.9404078,
					"packets":	224731,
					"omitted":	false,
					"sender":	true
				}],
			"sum":	{
				"start":	0,
				"end":	2.000057,
				"seconds":	2.0000569820404053,
				"bytes":	1998748620,
				"bits_per_second":	7994766700.9404078,
				"packets":	224731,
				"omitted":	false,
				"sender":	true
			}
		}, {
			"streams":	[{
					"socket":	5,
					"start":	2.000057,
					"end":	4.000055,
					"seconds":	1.9999979734420776,
					"bytes":	1979786612,
					"bits_per_second":	7919154472.3126173,
					"packets":	222598,
					"omitted":	false,
					"sender":	true
				}],
			"sum":	{
				"start":	2.000057,
				"end":	4.000055,
				"seconds":	1.9999979734420776,
				"bytes":	1979786612,
				"bits_per_second":	7919154472.3126173,
				"packets":	222598,
				"omitted":	false,
				"sender":	true
			}
		}, {
			"streams":	[{
					"socket":	5,
					"start":	4.000055,
					"end":	6.000056,
					"seconds":	2.0000009536743164,
					"bytes":	1734383364,
					"bits_per_second":	6937530147.92784,
					"packets":	195006,
					"omitted":	false,
					"sender":	true
				}],
			"sum":	{
				"start":	4.000055,
				"end":	6.000056,
				"seconds":	2.0000009536743164,
				"bytes":	1734383364,
				"bits_per_second":	6937530147.92784,
				"packets":	195006,
				"omitted":	false,
				"sender":	true
			}
		}, {
			"streams":	[{
					"socket":	5,
					"start":	6.000056,
					"end":	8.000055,
					"seconds":	1.9999990463256836,
					"bytes":	1735548478,
					"bits_per_second":	6942197222.297595,
					"packets":	195137,
					"omitted":	false,
					"sender":	true
				}],
			"sum":	{
				"start":	6.000056,
				"end":	8.000055,
				"seconds":	1.9999990463256836,
				"bytes":	1735548478,
				"bits_per_second":	6942197222.297595,
				"packets":	195137,
				"omitted":	false,
				"sender":	true
			}
		}, {
			"streams":	[{
					"socket":	5,
					"start":	8.000055,
					"end":	10.000192,
					"seconds":	2.0001370906829834,
					"bytes":	1728789038,
					"bits_per_second":	6914682182.748477,
					"packets":	194376,
					"omitted":	false,
					"sender":	true
				}],
			"sum":	{
				"start":	8.000055,
				"end":	10.000192,
				"seconds":	2.0001370906829834,
				"bytes":	1728789038,
				"bits_per_second":	6914682182.748477,
				"packets":	194376,
				"omitted":	false,
				"sender":	true
			}
		}],
	"end":	{
		"streams":	[{
				"udp":	{
					"socket":	5,
					"start":	0,
					"end":	10.000192,
					"seconds":	10.000192,
					"bytes":	9177256112,
					"bits_per_second":	7341663929.65255,
					"jitter_ms":	0.0099141776174241,
					"lost_packets":	115460,
					"packets":	1031848,
					"lost_percent":	11.189632581543018,
					"out_of_order":	0,
					"sender":	true
				}
			}],
		"sum":	{
			"start":	0,
			"end":	10.000515,
			"seconds":	10.000515,
			"bytes":	9177256112,
			"bits_per_second":	7341663929.65255,
			"jitter_ms":	0.0099141776174241,
			"lost_packets":	115460,
			"packets":	1031848,
			"lost_percent":	11.189632581543018,
			"sender":	true
		},
		"sum_sent":	{
			"start":	0,
			"end":	10.000192,
			"seconds":	10.000192,
			"bytes":	9177256112,
			"bits_per_second":	7341663929.65255,
			"jitter_ms":	0,
			"lost_packets":	0,
			"packets":	1031848,
			"lost_percent":	0,
			"sender":	true
		},
		"sum_received":	{
			"start":	0,
			"end":	10.000515,
			"seconds":	10.000515,
			"bytes":	8150354872,
			"bits_per_second":	6519948120.2718058,
			"jitter_ms":	0.0099141776174241,
			"lost_packets":	115460,
			"packets":	1031848,
			"lost_percent":	11.189632581543018,
			"sender":	false
		},
		"cpu_utilization_percent":	{
			"host_total":	62.2742461138565,
			"host_user":	5.51485314636089,
			"host_system":	56.7593829685415,
			"remote_total":	49.062215734128785,
			"remote_user":	6.3907342612764655,
			"remote_system":	42.671481472852321
		}
	}
}
