{
	"start":	{
		"connected":	[{
				"socket":	5,
				"local_host":	"192.0.1.254",
				"local_port":	54243,
				"remote_host":	"192.0.2.254",
				"remote_port":	5201
			}],
		"version":	"iperf 3.16",
		"system_info":	"Linux lab-dd2 6.8.0-100-generic #100-Ubuntu SMP PREEMPT_DYNAMIC Tue Jan 13 16:40:06 UTC 2026 x86_64",
		"timestamp":	{
			"time":	"Thu, 19 Mar 2026 06:24:01 GMT",
			"timesecs":	1773901441
		},
		"connecting_to":	{
			"host":	"192.0.2.254",
			"port":	5201
		},
		"cookie":	"2b4llm744xolb56cltlkv7rfswb5gf6ppyqb",
		"target_bitrate":	20000000000,
		"fq_rate":	0,
		"sock_bufsize":	0,
		"sndbuf_actual":	212992,
		"rcvbuf_actual":	212992,
		"test_start":	{
			"protocol":	"UDP",
			"num_streams":	1,
			"blksize":	8894,
			"omit":	0,
			"duration":	10,
			"bytes":	0,
			"blocks":	0,
			"reverse":	0,
			"tos":	0,
			"target_bitrate":	20000000000,
			"bidir":	0,
			"fqrate":	0
		}
	},
	"intervals":	[{
			"streams":	[{
					"socket":	5,
					"start":	0,
					"end":	2.000057,
					"seconds":	2.0000569820404053,
					"bytes":	4279276948,
					"bits_per_second":	17116620122.0303,
					"packets":	481143,
					"omitted":	false,
					"sender":	true
				}],
			"sum":	{
				"start":	0,
				"end":	2.000057,
				"seconds":	2.0000569820404053,
				"bytes":	4279276948,
				"bits_per_second":	17116620122.0303,
				"packets":	481143,
				"omitted":	false,
				"sender":	true
			}
		}, {
			"streams":	[{
					"socket":	5,
					"start":	2.000057,
					"end":	4.000057,
					"seconds":	2,
					"bytes":	4346951394,
					"bits_per_second":	17387805576,
					"packets":	488751,
					"omitted":	false,
					"sender":	true
				}],
			"sum":	{
				"start":	2.000057,
				"end":	4.000057,
				"seconds":	2,
				"bytes":	4346951394,
				"bits_per_second":	17387805576,
				"packets":	488751,
				"omitted":	false,
				"sender":	true
			}
		}, {
			"streams":	[{
					"socket":	5,
					"start":	4.000057,
					"end":	6.000059,
					"seconds":	2.0000019073486328,
					"bytes":	5015024204,
					"bits_per_second":	20060077685.219128,
					"packets":	563866,
					"omitted":	false,
					"sender":	true
				}],
			"sum":	{
				"start":	4.000057,
				"end":	6.000059,
				"seconds":	2.0000019073486328,
				"bytes":	5015024204,
				"bits_per_second":	20060077685.219128,
				"packets":	563866,
				"omitted":	false,
				"sender":	true
			}
		}, {
			"streams":	[{
					"socket":	5,
					"start":	6.000059,
					"end":	8.000058,
					"seconds":	1.9999990463256836,
					"bytes":	5013129782,
					"bits_per_second":	20052528689.7908,
					"packets":	563653,
					"omitted":	false,
					"sender":	true
				}],
			"sum":	{
				"start":	6.000059,
				"end":	8.000058,
				"seconds":	1.9999990463256836,
				"bytes":	5013129782,
				"bits_per_second":	20052528689.7908,
				"packets":	563653,
				"omitted":	false,
				"sender":	true
			}
		}, {
			"streams":	[{
					"socket":	5,
					"start":	8.000058,
					"end":	10.000271,
					"seconds":	2.0002129077911377,
					"bytes":	5008175824,
					"bits_per_second":	20030570963.690449,
					"packets":	563095,
					"omitted":	false,
					"sender":	true
				}],
			"sum":	{
				"start":	8.000058,
				"end":	10.000271,
				"seconds":	2.0002129077911377,
				"bytes":	5008175824,
				"bits_per_second":	20030570963.690449,
				"packets":	563095,
				"omitted":	false,
				"sender":	true
			}
		}],
	"end":	{
		"streams":	[{
				"udp":	{
					"socket":	5,
					"start":	0,
					"end":	10.000271,
					"seconds":	10.000271,
					"bytes":	23662558152,
					"bits_per_second":	18929533531.2413,
					"jitter_ms":	0.0063622859511916216,
					"lost_packets":	1223714,
					"packets":	2660508,
					"lost_percent":	45.995501610970535,
					"out_of_order":	0,
					"sender":	true
				}
			}],
		"sum":	{
			"start":	0,
			"end":	10.006508,
			"seconds":	10.006508,
			"bytes":	23662558152,
			"bits_per_second":	18929533531.2413,
			"jitter_ms":	0.0063622859511916216,
			"lost_packets":	1223714,
			"packets":	2660508,
			"lost_percent":	45.995501610970535,
			"sender":	true
		},
		"sum_sent":	{
			"start":	0,
			"end":	10.000271,
			"seconds":	10.000271,
			"bytes":	23662558152,
			"bits_per_second":	18929533531.2413,
			"jitter_ms":	0,
			"lost_packets":	0,
			"packets":	2660508,
			"lost_percent":	0,
			"sender":	true
		},
		"sum_received":	{
			"start":	0,
			"end":	10.006508,
			"seconds":	10.006508,
			"bytes":	12778587910,
			"bits_per_second":	10216221610.975576,
			"jitter_ms":	0.0063622859511916216,
			"lost_packets":	1223714,
			"packets":	2660479,
			"lost_percent":	45.995501610970535,
			"sender":	false
		},
		"cpu_utilization_percent":	{
			"host_total":	98.881967380641143,
			"host_user":	6.2259077234372882,
			"host_system":	92.656069656332932,
			"remote_total":	73.097289805962447,
			"remote_user":	9.6369405695249,
			"remote_system":	63.460369223414027
		}
	}
}
