{
	"start":	{
		"connected":	[{
				"socket":	5,
				"local_host":	"192.0.1.254",
				"local_port":	49257,
				"remote_host":	"192.0.2.254",
				"remote_port":	5201
			}],
		"version":	"iperf 3.16",
		"system_info":	"Linux lab-dd2 6.8.0-100-generic #100-Ubuntu SMP PREEMPT_DYNAMIC Tue Jan 13 16:40:06 UTC 2026 x86_64",
		"timestamp":	{
			"time":	"Thu, 19 Mar 2026 06:12:31 GMT",
			"timesecs":	1773900751
		},
		"connecting_to":	{
			"host":	"192.0.2.254",
			"port":	5201
		},
		"cookie":	"hf53jxlv3scojuspdokvankrw4lfqpeogu67",
		"target_bitrate":	13000000000,
		"fq_rate":	0,
		"sock_bufsize":	0,
		"sndbuf_actual":	212992,
		"rcvbuf_actual":	212992,
		"test_start":	{
			"protocol":	"UDP",
			"num_streams":	1,
			"blksize":	8894,
			"omit":	0,
			"duration":	10,
			"bytes":	0,
			"blocks":	0,
			"reverse":	0,
			"tos":	0,
			"target_bitrate":	13000000000,
			"bidir":	0,
			"fqrate":	0
		}
	},
	"intervals":	[{
			"streams":	[{
					"socket":	5,
					"start":	0,
					"end":	2.000056,
					"seconds":	2.0000560283660889,
					"bytes":	3247528478,
					"bits_per_second":	12989750014.765385,
					"packets":	365138,
					"omitted":	false,
					"sender":	true
				}],
			"sum":	{
				"start":	0,
				"end":	2.000056,
				"seconds":	2.0000560283660889,
				"bytes":	3247528478,
				"bits_per_second":	12989750014.765385,
				"packets":	365138,
				"omitted":	false,
				"sender":	true
			}
		}, {
			"streams":	[{
					"socket":	5,
					"start":	2.000056,
					"end":	4.000056,
					"seconds":	2,
					"bytes":	3245109310,
					"bits_per_second":	12980437240,
					"packets":	364865,
					"omitted":	false,
					"sender":	true
				}],
			"sum":	{
				"start":	2.000056,
				"end":	4.000056,
				"seconds":	2,
				"bytes":	3245109310,
				"bits_per_second":	12980437240,
				"packets":	364865,
				"omitted":	false,
				"sender":	true
			}
		}, {
			"streams":	[{
					"socket":	5,
					"start":	4.000056,
					"end":	6.000056,
					"seconds":	2,
					"bytes":	3254314600,
					"bits_per_second":	13017258400,
					"packets":	365900,
					"omitted":	false,
					"sender":	true
				}],
			"sum":	{
				"start":	4.000056,
				"end":	6.000056,
				"seconds":	2,
				"bytes":	3254314600,
				"bits_per_second":	13017258400,
				"packets":	365900,
				"omitted":	false,
				"sender":	true
			}
		}, {
			"streams":	[{
					"socket":	5,
					"start":	6.000056,
					"end":	8.000055,
					"seconds":	1.9999990463256836,
					"bytes":	2077798492,
					"bits_per_second":	8311197931.0880032,
					"packets":	233617,
					"omitted":	false,
					"sender":	true
				}],
			"sum":	{
				"start":	6.000056,
				"end":	8.000055,
				"seconds":	1.9999990463256836,
				"bytes":	2077798492,
				"bits_per_second":	8311197931.0880032,
				"packets":	233617,
				"omitted":	false,
				"sender":	true
			}
		}, {
			"streams":	[{
					"socket":	5,
					"start":	8.000055,
					"end":	10.00006,
					"seconds":	2.0000050067901611,
					"bytes":	0,
					"bits_per_second":	0,
					"packets":	0,
					"omitted":	false,
					"sender":	true
				}],
			"sum":	{
				"start":	8.000055,
				"end":	10.00006,
				"seconds":	2.0000050067901611,
				"bytes":	0,
				"bits_per_second":	0,
				"packets":	0,
				"omitted":	false,
				"sender":	true
			}
		}],
	"end":	{
		"streams":	[{
				"udp":	{
					"socket":	5,
					"start":	0,
					"end":	10.00006,
					"seconds":	10.00006,
					"bytes":	11824750880,
					"bits_per_second":	9459743945.53633,
					"jitter_ms":	0.010710853695605342,
					"lost_packets":	427013,
					"packets":	1329520,
					"lost_percent":	32.117831999518621,
					"out_of_order":	0,
					"sender":	true
				}
			}],
		"sum":	{
			"start":	0,
			"end":	10.000346,
			"seconds":	10.000346,
			"bytes":	11824750880,
			"bits_per_second":	9459743945.53633,
			"jitter_ms":	0.010710853695605342,
			"lost_packets":	427013,
			"packets":	1329520,
			"lost_percent":	32.117831999518621,
			"sender":	true
		},
		"sum_sent":	{
			"start":	0,
			"end":	10.00006,
			"seconds":	10.00006,
			"bytes":	11824750880,
			"bits_per_second":	9459743945.53633,
			"jitter_ms":	0,
			"lost_packets":	0,
			"packets":	1329520,
			"lost_percent":	0,
			"sender":	true
		},
		"sum_received":	{
			"start":	0,
			"end":	10.000346,
			"seconds":	10.000346,
			"bytes":	8026897258,
			"bits_per_second":	6421295629.5712166,
			"jitter_ms":	0.010710853695605342,
			"lost_packets":	427013,
			"packets":	1329520,
			"lost_percent":	32.117831999518621,
			"sender":	false
		},
		"cpu_utilization_percent":	{
			"host_total":	50.103797744537658,
			"host_user":	6.395132980204683,
			"host_system":	43.708654765031923,
			"remote_total":	45.6364744688038,
			"remote_user":	5.6629595312325938,
			"remote_system":	39.973524937217228
		}
	}
}
