{
	"start":	{
		"connected":	[{
				"socket":	5,
				"local_host":	"192.0.1.254",
				"local_port":	37028,
				"remote_host":	"192.0.2.254",
				"remote_port":	5201
			}],
		"version":	"iperf 3.16",
		"system_info":	"Linux lab-dd2 6.8.0-100-generic #100-Ubuntu SMP PREEMPT_DYNAMIC Tue Jan 13 16:40:06 UTC 2026 x86_64",
		"timestamp":	{
			"time":	"Thu, 19 Mar 2026 06:16:11 GMT",
			"timesecs":	1773900971
		},
		"connecting_to":	{
			"host":	"192.0.2.254",
			"port":	5201
		},
		"cookie":	"mc5aec7k3ds7eymfzjxcpfzbng4t4gqjjqif",
		"target_bitrate":	15000000000,
		"fq_rate":	0,
		"sock_bufsize":	0,
		"sndbuf_actual":	212992,
		"rcvbuf_actual":	212992,
		"test_start":	{
			"protocol":	"UDP",
			"num_streams":	1,
			"blksize":	8894,
			"omit":	0,
			"duration":	10,
			"bytes":	0,
			"blocks":	0,
			"reverse":	0,
			"tos":	0,
			"target_bitrate":	15000000000,
			"bidir":	0,
			"fqrate":	0
		}
	},
	"intervals":	[{
			"streams":	[{
					"socket":	5,
					"start":	0,
					"end":	2.000009,
					"seconds":	2.0000090599060059,
					"bytes":	3736138156,
					"bits_per_second":	14944484926.185631,
					"packets":	420075,
					"omitted":	false,
					"sender":	true
				}],
			"sum":	{
				"start":	0,
				"end":	2.000009,
				"seconds":	2.0000090599060059,
				"bytes":	3736138156,
				"bits_per_second":	14944484926.185631,
				"packets":	420075,
				"omitted":	false,
				"sender":	true
			}
		}, {
			"streams":	[{
					"socket":	5,
					"start":	2.000009,
					"end":	4.000009,
					"seconds":	2,
					"bytes":	3741607966,
					"bits_per_second":	14966431864,
					"packets":	420689,
					"omitted":	false,
					"sender":	true
				}],
			"sum":	{
				"start":	2.000009,
				"end":	4.000009,
				"seconds":	2,
				"bytes":	3741607966,
				"bits_per_second":	14966431864,
				"packets":	420689,
				"omitted":	false,
				"sender":	true
			}
		}, {
			"streams":	[{
					"socket":	5,
					"start":	4.000009,
					"end":	6.000009,
					"seconds":	2,
					"bytes":	3740478428,
					"bits_per_second":	14961913712,
					"packets":	420562,
					"omitted":	false,
					"sender":	true
				}],
			"sum":	{
				"start":	4.000009,
				"end":	6.000009,
				"seconds":	2,
				"bytes":	3740478428,
				"bits_per_second":	14961913712,
				"packets":	420562,
				"omitted":	false,
				"sender":	true
			}
		}, {
			"streams":	[{
					"socket":	5,
					"start":	6.000009,
					"end":	8.00001,
					"seconds":	2.0000009536743164,
					"bytes":	3742230546,
					"bits_per_second":	14968915046.265087,
					"packets":	420759,
					"omitted":	false,
					"sender":	true
				}],
			"sum":	{
				"start":	6.000009,
				"end":	8.00001,
				"seconds":	2.0000009536743164,
				"bytes":	3742230546,
				"bits_per_second":	14968915046.265087,
				"packets":	420759,
				"omitted":	false,
				"sender":	true
			}
		}, {
			"streams":	[{
					"socket":	5,
					"start":	8.00001,
					"end":	10.000219,
					"seconds":	2.0002090930938721,
					"bytes":	3745708100,
					"bits_per_second":	14981266160.354206,
					"packets":	421149,
					"omitted":	false,
					"sender":	true
				}],
			"sum":	{
				"start":	8.00001,
				"end":	10.000219,
				"seconds":	2.0002090930938721,
				"bytes":	3745708100,
				"bits_per_second":	14981266160.354206,
				"packets":	421149,
				"omitted":	false,
				"sender":	true
			}
		}],
	"end":	{
		"streams":	[{
				"udp":	{
					"socket":	5,
					"start":	0,
					"end":	10.000219,
					"seconds":	10.000219,
					"bytes":	18706163196,
					"bits_per_second":	14964602831.99798,
					"jitter_ms":	0.0046017955357615832,
					"lost_packets":	788002,
					"packets":	2103234,
					"lost_percent":	37.466206803427482,
					"out_of_order":	0,
					"sender":	true
				}
			}],
		"sum":	{
			"start":	0,
			"end":	10.00057,
			"seconds":	10.00057,
			"bytes":	18706163196,
			"bits_per_second":	14964602831.99798,
			"jitter_ms":	0.0046017955357615832,
			"lost_packets":	788002,
			"packets":	2103234,
			"lost_percent":	37.466206803427482,
			"sender":	true
		},
		"sum_sent":	{
			"start":	0,
			"end":	10.000219,
			"seconds":	10.000219,
			"bytes":	18706163196,
			"bits_per_second":	14964602831.99798,
			"jitter_ms":	0,
			"lost_packets":	0,
			"packets":	2103234,
			"lost_percent":	0,
			"sender":	true
		},
		"sum_received":	{
			"start":	0,
			"end":	10.00057,
			"seconds":	10.00057,
			"bytes":	11697353224,
			"bits_per_second":	9357349210.2950134,
			"jitter_ms":	0.0046017955357615832,
			"lost_packets":	788002,
			"packets":	2103198,
			"lost_percent":	37.466206803427482,
			"sender":	false
		},
		"cpu_utilization_percent":	{
			"host_total":	100.35297695060513,
			"host_user":	4.95938615208427,
			"host_system":	95.393570799826776,
			"remote_total":	63.550206798047071,
			"remote_user":	8.7782526169987367,
			"remote_system":	54.77196418047037
		}
	}
}
