{
	"start":	{
		"connected":	[{
				"socket":	5,
				"local_host":	"192.0.1.254",
				"local_port":	42163,
				"remote_host":	"192.0.2.254",
				"remote_port":	5201
			}],
		"version":	"iperf 3.16",
		"system_info":	"Linux lab-dd2 6.8.0-100-generic #100-Ubuntu SMP PREEMPT_DYNAMIC Tue Jan 13 16:40:06 UTC 2026 x86_64",
		"timestamp":	{
			"time":	"Thu, 19 Mar 2026 06:19:11 GMT",
			"timesecs":	1773901151
		},
		"connecting_to":	{
			"host":	"192.0.2.254",
			"port":	5201
		},
		"cookie":	"bzjgzat23gzxfln7pkrfcb25hccqzstjipss",
		"target_bitrate":	17000000000,
		"fq_rate":	0,
		"sock_bufsize":	0,
		"sndbuf_actual":	212992,
		"rcvbuf_actual":	212992,
		"test_start":	{
			"protocol":	"UDP",
			"num_streams":	1,
			"blksize":	8894,
			"omit":	0,
			"duration":	10,
			"bytes":	0,
			"blocks":	0,
			"reverse":	0,
			"tos":	0,
			"target_bitrate":	17000000000,
			"bidir":	0,
			"fqrate":	0
		}
	},
	"intervals":	[{
			"streams":	[{
					"socket":	5,
					"start":	0,
					"end":	2.000055,
					"seconds":	2.0000550746917725,
					"bytes":	3778775992,
					"bits_per_second":	15114687749.615477,
					"packets":	424869,
					"omitted":	false,
					"sender":	true
				}],
			"sum":	{
				"start":	0,
				"end":	2.000055,
				"seconds":	2.0000550746917725,
				"bytes":	3778775992,
				"bits_per_second":	15114687749.615477,
				"packets":	424869,
				"omitted":	false,
				"sender":	true
			}
		}, {
			"streams":	[{
					"socket":	5,
					"start":	2.000055,
					"end":	4.000055,
					"seconds":	2,
					"bytes":	3730143600,
					"bits_per_second":	14920574400,
					"packets":	419400,
					"omitted":	false,
					"sender":	true
				}],
			"sum":	{
				"start":	2.000055,
				"end":	4.000055,
				"seconds":	2,
				"bytes":	3730143600,
				"bits_per_second":	14920574400,
				"packets":	419400,
				"omitted":	false,
				"sender":	true
			}
		}, {
			"streams":	[{
					"socket":	5,
					"start":	4.000055,
					"end":	6.000056,
					"seconds":	2.0000009536743164,
					"bytes":	3719577528,
					"bits_per_second":	14878303017.472271,
					"packets":	418212,
					"omitted":	false,
					"sender":	true
				}],
			"sum":	{
				"start":	4.000055,
				"end":	6.000056,
				"seconds":	2.0000009536743164,
				"bytes":	3719577528,
				"bits_per_second":	14878303017.472271,
				"packets":	418212,
				"omitted":	false,
				"sender":	true
			}
		}, {
			"streams":	[{
					"socket":	5,
					"start":	6.000056,
					"end":	8.000054,
					"seconds":	1.9999979734420776,
					"bytes":	4165238080,
					"bits_per_second":	16660969202.209566,
					"packets":	468320,
					"omitted":	false,
					"sender":	true
				}],
			"sum":	{
				"start":	6.000056,
				"end":	8.000054,
				"seconds":	1.9999979734420776,
				"bytes":	4165238080,
				"bits_per_second":	16660969202.209566,
				"packets":	468320,
				"omitted":	false,
				"sender":	true
			}
		}, {
			"streams":	[{
					"socket":	5,
					"start":	8.000054,
					"end":	10.000143,
					"seconds":	2.0000889301300049,
					"bytes":	4493862486,
					"bits_per_second":	17974650699.988228,
					"packets":	505268,
					"omitted":	false,
					"sender":	true
				}],
			"sum":	{
				"start":	8.000054,
				"end":	10.000143,
				"seconds":	2.0000889301300049,
				"bytes":	4493862486,
				"bits_per_second":	17974650699.988228,
				"packets":	505268,
				"omitted":	false,
				"sender":	true
			}
		}],
	"end":	{
		"streams":	[{
				"udp":	{
					"socket":	5,
					"start":	0,
					"end":	10.000143,
					"seconds":	10.000143,
					"bytes":	19887597686,
					"bits_per_second":	15909850637.935879,
					"jitter_ms":	0.00510493539524597,
					"lost_packets":	922911,
					"packets":	2236069,
					"lost_percent":	41.273815790120963,
					"out_of_order":	0,
					"sender":	true
				}
			}],
		"sum":	{
			"start":	0,
			"end":	10.005276,
			"seconds":	10.005276,
			"bytes":	19887597686,
			"bits_per_second":	15909850637.935879,
			"jitter_ms":	0.00510493539524597,
			"lost_packets":	922911,
			"packets":	2236069,
			"lost_percent":	41.273815790120963,
			"sender":	true
		},
		"sum_sent":	{
			"start":	0,
			"end":	10.000143,
			"seconds":	10.000143,
			"bytes":	19887597686,
			"bits_per_second":	15909850637.935879,
			"jitter_ms":	0,
			"lost_packets":	0,
			"packets":	2236069,
			"lost_percent":	0,
			"sender":	true
		},
		"sum_received":	{
			"start":	0,
			"end":	10.005276,
			"seconds":	10.005276,
			"bytes":	11679031584,
			"bits_per_second":	9338298380.9742,
			"jitter_ms":	0.00510493539524597,
			"lost_packets":	922911,
			"packets":	2236047,
			"lost_percent":	41.273815790120963,
			"sender":	false
		},
		"cpu_utilization_percent":	{
			"host_total":	100.16068088939356,
			"host_user":	5.2203740047939284,
			"host_system":	94.94030688459965,
			"remote_total":	67.304126690694645,
			"remote_user":	8.9495837248349144,
			"remote_system":	58.354552960581515
		}
	}
}
