{
	"start":	{
		"connected":	[{
				"socket":	5,
				"local_host":	"192.0.1.254",
				"local_port":	55739,
				"remote_host":	"192.0.2.254",
				"remote_port":	5201
			}],
		"version":	"iperf 3.16",
		"system_info":	"Linux lab-dd2 6.8.0-100-generic #100-Ubuntu SMP PREEMPT_DYNAMIC Tue Jan 13 16:40:06 UTC 2026 x86_64",
		"timestamp":	{
			"time":	"Thu, 19 Mar 2026 06:17:41 GMT",
			"timesecs":	1773901061
		},
		"connecting_to":	{
			"host":	"192.0.2.254",
			"port":	5201
		},
		"cookie":	"6wadkryewx5zprsrt7rmvbwrie7wlh5qxuxx",
		"target_bitrate":	16000000000,
		"fq_rate":	0,
		"sock_bufsize":	0,
		"sndbuf_actual":	212992,
		"rcvbuf_actual":	212992,
		"test_start":	{
			"protocol":	"UDP",
			"num_streams":	1,
			"blksize":	8894,
			"omit":	0,
			"duration":	10,
			"bytes":	0,
			"blocks":	0,
			"reverse":	0,
			"tos":	0,
			"target_bitrate":	16000000000,
			"bidir":	0,
			"fqrate":	0
		}
	},
	"intervals":	[{
			"streams":	[{
					"socket":	5,
					"start":	0,
					"end":	2.000055,
					"seconds":	2.0000550746917725,
					"bytes":	3728418164,
					"bits_per_second":	14913261984.346445,
					"packets":	419207,
					"omitted":	false,
					"sender":	true
				}],
			"sum":	{
				"start":	0,
				"end":	2.000055,
				"seconds":	2.0000550746917725,
				"bytes":	3728418164,
				"bits_per_second":	14913261984.346445,
				"packets":	419207,
				"omitted":	false,
				"sender":	true
			}
		}, {
			"streams":	[{
					"socket":	5,
					"start":	2.000055,
					"end":	4.000055,
					"seconds":	2,
					"bytes":	3703915194,
					"bits_per_second":	14815660776,
					"packets":	416451,
					"omitted":	false,
					"sender":	true
				}],
			"sum":	{
				"start":	2.000055,
				"end":	4.000055,
				"seconds":	2,
				"bytes":	3703915194,
				"bits_per_second":	14815660776,
				"packets":	416451,
				"omitted":	false,
				"sender":	true
			}
		}, {
			"streams":	[{
					"socket":	5,
					"start":	4.000055,
					"end":	6.000055,
					"seconds":	2,
					"bytes":	3704048604,
					"bits_per_second":	14816194416,
					"packets":	416466,
					"omitted":	false,
					"sender":	true
				}],
			"sum":	{
				"start":	4.000055,
				"end":	6.000055,
				"seconds":	2,
				"bytes":	3704048604,
				"bits_per_second":	14816194416,
				"packets":	416466,
				"omitted":	false,
				"sender":	true
			}
		}, {
			"streams":	[{
					"socket":	5,
					"start":	6.000055,
					"end":	8.000055,
					"seconds":	2,
					"bytes":	3705364916,
					"bits_per_second":	14821459664,
					"packets":	416614,
					"omitted":	false,
					"sender":	true
				}],
			"sum":	{
				"start":	6.000055,
				"end":	8.000055,
				"seconds":	2,
				"bytes":	3705364916,
				"bits_per_second":	14821459664,
				"packets":	416614,
				"omitted":	false,
				"sender":	true
			}
		}, {
			"streams":	[{
					"socket":	5,
					"start":	8.000055,
					"end":	10.000171,
					"seconds":	2.0001161098480225,
					"bytes":	3701851786,
					"bits_per_second":	14806547551.007057,
					"packets":	416218,
					"omitted":	false,
					"sender":	true
				}],
			"sum":	{
				"start":	8.000055,
				"end":	10.000171,
				"seconds":	2.0001161098480225,
				"bytes":	3701851786,
				"bits_per_second":	14806547551.007057,
				"packets":	416218,
				"omitted":	false,
				"sender":	true
			}
		}],
	"end":	{
		"streams":	[{
				"udp":	{
					"socket":	5,
					"start":	0,
					"end":	10.000171,
					"seconds":	10.000171,
					"bytes":	18543598664,
					"bits_per_second":	14834625259.108068,
					"jitter_ms":	0.0043698912093482929,
					"lost_packets":	810703,
					"packets":	2084956,
					"lost_percent":	38.883458451881,
					"out_of_order":	0,
					"sender":	true
				}
			}],
		"sum":	{
			"start":	0,
			"end":	10.002484,
			"seconds":	10.002484,
			"bytes":	18543598664,
			"bits_per_second":	14834625259.108068,
			"jitter_ms":	0.0043698912093482929,
			"lost_packets":	810703,
			"packets":	2084956,
			"lost_percent":	38.883458451881,
			"sender":	true
		},
		"sum_sent":	{
			"start":	0,
			"end":	10.000171,
			"seconds":	10.000171,
			"bytes":	18543598664,
			"bits_per_second":	14834625259.108068,
			"jitter_ms":	0,
			"lost_packets":	0,
			"packets":	2084956,
			"lost_percent":	0,
			"sender":	true
		},
		"sum_received":	{
			"start":	0,
			"end":	10.002484,
			"seconds":	10.002484,
			"bytes":	11333188394,
			"bits_per_second":	9064299143.2928047,
			"jitter_ms":	0.0043698912093482929,
			"lost_packets":	810703,
			"packets":	2084954,
			"lost_percent":	38.883458451881,
			"sender":	false
		},
		"cpu_utilization_percent":	{
			"host_total":	100.16255892973689,
			"host_user":	4.6945103038483076,
			"host_system":	95.4680486258886,
			"remote_total":	63.785476387998273,
			"remote_user":	8.2463600592572,
			"remote_system":	55.5391263262437
		}
	}
}
