{
	"start":	{
		"connected":	[{
				"socket":	5,
				"local_host":	"192.0.1.254",
				"local_port":	57908,
				"remote_host":	"192.0.2.254",
				"remote_port":	5201
			}],
		"version":	"iperf 3.16",
		"system_info":	"Linux lab-dd2 6.8.0-100-generic #100-Ubuntu SMP PREEMPT_DYNAMIC Tue Jan 13 16:40:06 UTC 2026 x86_64",
		"timestamp":	{
			"time":	"Thu, 19 Mar 2026 06:06:01 GMT",
			"timesecs":	1773900361
		},
		"connecting_to":	{
			"host":	"192.0.2.254",
			"port":	5201
		},
		"cookie":	"waledd7soumtxvjcra3butua7bdxrzmnbngw",
		"target_bitrate":	9000000000,
		"fq_rate":	0,
		"sock_bufsize":	0,
		"sndbuf_actual":	212992,
		"rcvbuf_actual":	212992,
		"test_start":	{
			"protocol":	"UDP",
			"num_streams":	1,
			"blksize":	8894,
			"omit":	0,
			"duration":	10,
			"bytes":	0,
			"blocks":	0,
			"reverse":	0,
			"tos":	0,
			"target_bitrate":	9000000000,
			"bidir":	0,
			"fqrate":	0
		}
	},
	"intervals":	[{
			"streams":	[{
					"socket":	5,
					"start":	0,
					"end":	2.000056,
					"seconds":	2.0000560283660889,
					"bytes":	2249337070,
					"bits_per_second":	8997096233.69924,
					"packets":	252905,
					"omitted":	false,
					"sender":	true
				}],
			"sum":	{
				"start":	0,
				"end":	2.000056,
				"seconds":	2.0000560283660889,
				"bytes":	2249337070,
				"bits_per_second":	8997096233.69924,
				"packets":	252905,
				"omitted":	false,
				"sender":	true
			}
		}, {
			"streams":	[{
					"socket":	5,
					"start":	2.000056,
					"end":	4.000056,
					"seconds":	2,
					"bytes":	2250021908,
					"bits_per_second":	9000087632,
					"packets":	252982,
					"omitted":	false,
					"sender":	true
				}],
			"sum":	{
				"start":	2.000056,
				"end":	4.000056,
				"seconds":	2,
				"bytes":	2250021908,
				"bits_per_second":	9000087632,
				"packets":	252982,
				"omitted":	false,
				"sender":	true
			}
		}, {
			"streams":	[{
					"socket":	5,
					"start":	4.000056,
					"end":	6.000055,
					"seconds":	1.9999990463256836,
					"bytes":	1539195640,
					"bits_per_second":	6156785495.7841,
					"packets":	173060,
					"omitted":	false,
					"sender":	true
				}],
			"sum":	{
				"start":	4.000056,
				"end":	6.000055,
				"seconds":	1.9999990463256836,
				"bytes":	1539195640,
				"bits_per_second":	6156785495.7841,
				"packets":	173060,
				"omitted":	false,
				"sender":	true
			}
		}, {
			"streams":	[{
					"socket":	5,
					"start":	6.000055,
					"end":	8.000055,
					"seconds":	2,
					"bytes":	0,
					"bits_per_second":	0,
					"packets":	0,
					"omitted":	false,
					"sender":	true
				}],
			"sum":	{
				"start":	6.000055,
				"end":	8.000055,
				"seconds":	2,
				"bytes":	0,
				"bits_per_second":	0,
				"packets":	0,
				"omitted":	false,
				"sender":	true
			}
		}, {
			"streams":	[{
					"socket":	5,
					"start":	8.000055,
					"end":	10.000059,
					"seconds":	2.0000040531158447,
					"bytes":	0,
					"bits_per_second":	0,
					"packets":	0,
					"omitted":	false,
					"sender":	true
				}],
			"sum":	{
				"start":	8.000055,
				"end":	10.000059,
				"seconds":	2.0000040531158447,
				"bytes":	0,
				"bits_per_second":	0,
				"packets":	0,
				"omitted":	false,
				"sender":	true
			}
		}],
	"end":	{
		"streams":	[{
				"udp":	{
					"socket":	5,
					"start":	0,
					"end":	10.000059,
					"seconds":	10.000059,
					"bytes":	6038554618,
					"bits_per_second":	4830815192.5903635,
					"jitter_ms":	0.0053219828259236986,
					"lost_packets":	118675,
					"packets":	678947,
					"lost_percent":	17.479273050768324,
					"out_of_order":	0,
					"sender":	true
				}
			}],
		"sum":	{
			"start":	0,
			"end":	10.000353,
			"seconds":	10.000353,
			"bytes":	6038554618,
			"bits_per_second":	4830815192.5903635,
			"jitter_ms":	0.0053219828259236986,
			"lost_packets":	118675,
			"packets":	678947,
			"lost_percent":	17.479273050768324,
			"sender":	true
		},
		"sum_sent":	{
			"start":	0,
			"end":	10.000059,
			"seconds":	10.000059,
			"bytes":	6038554618,
			"bits_per_second":	4830815192.5903635,
			"jitter_ms":	0,
			"lost_packets":	0,
			"packets":	678947,
			"lost_percent":	0,
			"sender":	true
		},
		"sum_received":	{
			"start":	0,
			"end":	10.000353,
			"seconds":	10.000353,
			"bytes":	4983041380,
			"bits_per_second":	3986292387.8787079,
			"jitter_ms":	0.0053219828259236986,
			"lost_packets":	118675,
			"packets":	678945,
			"lost_percent":	17.479273050768324,
			"sender":	false
		},
		"cpu_utilization_percent":	{
			"host_total":	41.069760628285131,
			"host_user":	28.707316743920714,
			"host_system":	12.362443884364417,
			"remote_total":	28.574491318312539,
			"remote_user":	3.7204360643016852,
			"remote_system":	24.854065253650869
		}
	}
}
