{
	"start":	{
		"connected":	[{
				"socket":	5,
				"local_host":	"192.0.1.254",
				"local_port":	53208,
				"remote_host":	"192.0.2.254",
				"remote_port":	5201
			}],
		"version":	"iperf 3.16",
		"system_info":	"Linux lab-dd2 6.8.0-100-generic #100-Ubuntu SMP PREEMPT_DYNAMIC Tue Jan 13 16:40:06 UTC 2026 x86_64",
		"timestamp":	{
			"time":	"Thu, 19 Mar 2026 06:12:41 GMT",
			"timesecs":	1773900761
		},
		"connecting_to":	{
			"host":	"192.0.2.254",
			"port":	5201
		},
		"cookie":	"2d2gmc4jpns37zyt2ot6oogmakmvfffovk7w",
		"target_bitrate":	13000000000,
		"fq_rate":	0,
		"sock_bufsize":	0,
		"sndbuf_actual":	212992,
		"rcvbuf_actual":	212992,
		"test_start":	{
			"protocol":	"UDP",
			"num_streams":	1,
			"blksize":	8894,
			"omit":	0,
			"duration":	10,
			"bytes":	0,
			"blocks":	0,
			"reverse":	0,
			"tos":	0,
			"target_bitrate":	13000000000,
			"bidir":	0,
			"fqrate":	0
		}
	},
	"intervals":	[{
			"streams":	[{
					"socket":	5,
					"start":	0,
					"end":	2.000057,
					"seconds":	2.0000569820404053,
					"bytes":	3244771338,
					"bits_per_second":	12978715575.152344,
					"packets":	364828,
					"omitted":	false,
					"sender":	true
				}],
			"sum":	{
				"start":	0,
				"end":	2.000057,
				"seconds":	2.0000569820404053,
				"bytes":	3244771338,
				"bits_per_second":	12978715575.152344,
				"packets":	364828,
				"omitted":	false,
				"sender":	true
			}
		}, {
			"streams":	[{
					"socket":	5,
					"start":	2.000057,
					"end":	4.000056,
					"seconds":	1.9999990463256836,
					"bytes":	3081246254,
					"bits_per_second":	12324990893.013632,
					"packets":	346441,
					"omitted":	false,
					"sender":	true
				}],
			"sum":	{
				"start":	2.000057,
				"end":	4.000056,
				"seconds":	1.9999990463256836,
				"bytes":	3081246254,
				"bits_per_second":	12324990893.013632,
				"packets":	346441,
				"omitted":	false,
				"sender":	true
			}
		}, {
			"streams":	[{
					"socket":	5,
					"start":	4.000056,
					"end":	6.000055,
					"seconds":	1.9999990463256836,
					"bytes":	238857264,
					"bits_per_second":	955429511.584293,
					"packets":	26855,
					"omitted":	false,
					"sender":	true
				}],
			"sum":	{
				"start":	4.000056,
				"end":	6.000055,
				"seconds":	1.9999990463256836,
				"bytes":	238857264,
				"bits_per_second":	955429511.584293,
				"packets":	26855,
				"omitted":	false,
				"sender":	true
			}
		}, {
			"streams":	[{
					"socket":	5,
					"start":	6.000055,
					"end":	8.000057,
					"seconds":	2.0000019073486328,
					"bytes":	0,
					"bits_per_second":	0,
					"packets":	0,
					"omitted":	false,
					"sender":	true
				}],
			"sum":	{
				"start":	6.000055,
				"end":	8.000057,
				"seconds":	2.0000019073486328,
				"bytes":	0,
				"bits_per_second":	0,
				"packets":	0,
				"omitted":	false,
				"sender":	true
			}
		}, {
			"streams":	[{
					"socket":	5,
					"start":	8.000057,
					"end":	10.000062,
					"seconds":	2.0000050067901611,
					"bytes":	0,
					"bits_per_second":	0,
					"packets":	0,
					"omitted":	false,
					"sender":	true
				}],
			"sum":	{
				"start":	8.000057,
				"end":	10.000062,
				"seconds":	2.0000050067901611,
				"bytes":	0,
				"bits_per_second":	0,
				"packets":	0,
				"omitted":	false,
				"sender":	true
			}
		}],
	"end":	{
		"streams":	[{
				"udp":	{
					"socket":	5,
					"start":	0,
					"end":	10.000062,
					"seconds":	10.000062,
					"bytes":	6564874856,
					"bits_per_second":	5251867323.2225962,
					"jitter_ms":	0.0071129765460851537,
					"lost_packets":	230367,
					"packets":	738124,
					"lost_percent":	31.209796727921052,
					"out_of_order":	0,
					"sender":	true
				}
			}],
		"sum":	{
			"start":	0,
			"end":	10.00035,
			"seconds":	10.00035,
			"bytes":	6564874856,
			"bits_per_second":	5251867323.2225962,
			"jitter_ms":	0.0071129765460851537,
			"lost_packets":	230367,
			"packets":	738124,
			"lost_percent":	31.209796727921052,
			"sender":	true
		},
		"sum_sent":	{
			"start":	0,
			"end":	10.000062,
			"seconds":	10.000062,
			"bytes":	6564874856,
			"bits_per_second":	5251867323.2225962,
			"jitter_ms":	0,
			"lost_packets":	0,
			"packets":	738124,
			"lost_percent":	0,
			"sender":	true
		},
		"sum_received":	{
			"start":	0,
			"end":	10.00035,
			"seconds":	10.00035,
			"bytes":	4515990758,
			"bits_per_second":	3612666163.0842924,
			"jitter_ms":	0.0071129765460851537,
			"lost_packets":	230367,
			"packets":	738124,
			"lost_percent":	31.209796727921052,
			"sender":	false
		},
		"cpu_utilization_percent":	{
			"host_total":	29.118174905916284,
			"host_user":	2.330704308952162,
			"host_system":	26.78749059562821,
			"remote_total":	26.422934424545964,
			"remote_user":	3.3979132578354823,
			"remote_system":	23.024951169321383
		}
	}
}
