{
	"start":	{
		"connected":	[{
				"socket":	5,
				"local_host":	"192.0.1.254",
				"local_port":	47314,
				"remote_host":	"192.0.2.254",
				"remote_port":	5201
			}],
		"version":	"iperf 3.16",
		"system_info":	"Linux lab-dd2 6.8.0-100-generic #100-Ubuntu SMP PREEMPT_DYNAMIC Tue Jan 13 16:40:06 UTC 2026 x86_64",
		"timestamp":	{
			"time":	"Thu, 19 Mar 2026 06:22:11 GMT",
			"timesecs":	1773901331
		},
		"connecting_to":	{
			"host":	"192.0.2.254",
			"port":	5201
		},
		"cookie":	"jdzq4brnwz74xnd37sdh73mudnyjenfojczc",
		"target_bitrate":	19000000000,
		"fq_rate":	0,
		"sock_bufsize":	0,
		"sndbuf_actual":	212992,
		"rcvbuf_actual":	212992,
		"test_start":	{
			"protocol":	"UDP",
			"num_streams":	1,
			"blksize":	8894,
			"omit":	0,
			"duration":	10,
			"bytes":	0,
			"blocks":	0,
			"reverse":	0,
			"tos":	0,
			"target_bitrate":	19000000000,
			"bidir":	0,
			"fqrate":	0
		}
	},
	"intervals":	[{
			"streams":	[{
					"socket":	5,
					"start":	0,
					"end":	2.000057,
					"seconds":	2.0000569820404053,
					"bytes":	4078512686,
					"bits_per_second":	16313585953.293028,
					"packets":	458570,
					"omitted":	false,
					"sender":	true
				}],
			"sum":	{
				"start":	0,
				"end":	2.000057,
				"seconds":	2.0000569820404053,
				"bytes":	4078512686,
				"bits_per_second":	16313585953.293028,
				"packets":	458570,
				"omitted":	false,
				"sender":	true
			}
		}, {
			"streams":	[{
					"socket":	5,
					"start":	2.000057,
					"end":	4.000057,
					"seconds":	2,
					"bytes":	4087522308,
					"bits_per_second":	16350089232,
					"packets":	459582,
					"omitted":	false,
					"sender":	true
				}],
			"sum":	{
				"start":	2.000057,
				"end":	4.000057,
				"seconds":	2,
				"bytes":	4087522308,
				"bits_per_second":	16350089232,
				"packets":	459582,
				"omitted":	false,
				"sender":	true
			}
		}, {
			"streams":	[{
					"socket":	5,
					"start":	4.000057,
					"end":	6.000057,
					"seconds":	2,
					"bytes":	4076867296,
					"bits_per_second":	16307469184,
					"packets":	458384,
					"omitted":	false,
					"sender":	true
				}],
			"sum":	{
				"start":	4.000057,
				"end":	6.000057,
				"seconds":	2,
				"bytes":	4076867296,
				"bits_per_second":	16307469184,
				"packets":	458384,
				"omitted":	false,
				"sender":	true
			}
		}, {
			"streams":	[{
					"socket":	5,
					"start":	6.000057,
					"end":	8.000057,
					"seconds":	2,
					"bytes":	4063997678,
					"bits_per_second":	16255990712,
					"packets":	456937,
					"omitted":	false,
					"sender":	true
				}],
			"sum":	{
				"start":	6.000057,
				"end":	8.000057,
				"seconds":	2,
				"bytes":	4063997678,
				"bits_per_second":	16255990712,
				"packets":	456937,
				"omitted":	false,
				"sender":	true
			}
		}, {
			"streams":	[{
					"socket":	5,
					"start":	8.000057,
					"end":	10.000182,
					"seconds":	2.0001249313354492,
					"bytes":	4048539906,
					"bits_per_second":	16193148108.190859,
					"packets":	455198,
					"omitted":	false,
					"sender":	true
				}],
			"sum":	{
				"start":	8.000057,
				"end":	10.000182,
				"seconds":	2.0001249313354492,
				"bytes":	4048539906,
				"bits_per_second":	16193148108.190859,
				"packets":	455198,
				"omitted":	false,
				"sender":	true
			}
		}],
	"end":	{
		"streams":	[{
				"udp":	{
					"socket":	5,
					"start":	0,
					"end":	10.000182,
					"seconds":	10.000182,
					"bytes":	20355439874,
					"bits_per_second":	16284055529.389364,
					"jitter_ms":	0.0035152057753568317,
					"lost_packets":	985978,
					"packets":	2288671,
					"lost_percent":	43.080809779998958,
					"out_of_order":	0,
					"sender":	true
				}
			}],
		"sum":	{
			"start":	0,
			"end":	10.005266,
			"seconds":	10.005266,
			"bytes":	20355439874,
			"bits_per_second":	16284055529.389364,
			"jitter_ms":	0.0035152057753568317,
			"lost_packets":	985978,
			"packets":	2288671,
			"lost_percent":	43.080809779998958,
			"sender":	true
		},
		"sum_sent":	{
			"start":	0,
			"end":	10.000182,
			"seconds":	10.000182,
			"bytes":	20355439874,
			"bits_per_second":	16284055529.389364,
			"jitter_ms":	0,
			"lost_packets":	0,
			"packets":	2288671,
			"lost_percent":	0,
			"sender":	true
		},
		"sum_received":	{
			"start":	0,
			"end":	10.005266,
			"seconds":	10.005266,
			"bytes":	11586151542,
			"bits_per_second":	9264042788.6674862,
			"jitter_ms":	0.0035152057753568317,
			"lost_packets":	985978,
			"packets":	2288671,
			"lost_percent":	43.080809779998958,
			"sender":	false
		},
		"cpu_utilization_percent":	{
			"host_total":	100.14159836061476,
			"host_user":	5.0697932629937821,
			"host_system":	95.071805097621,
			"remote_total":	66.8622335442521,
			"remote_user":	9.0056113411398169,
			"remote_system":	57.856642192571861
		}
	}
}
