{
	"start":	{
		"connected":	[{
				"socket":	5,
				"local_host":	"192.0.1.254",
				"local_port":	55191,
				"remote_host":	"192.0.2.254",
				"remote_port":	5201
			}],
		"version":	"iperf 3.16",
		"system_info":	"Linux lab-dd2 6.8.0-100-generic #100-Ubuntu SMP PREEMPT_DYNAMIC Tue Jan 13 16:40:06 UTC 2026 x86_64",
		"timestamp":	{
			"time":	"Thu, 19 Mar 2026 06:17:21 GMT",
			"timesecs":	1773901041
		},
		"connecting_to":	{
			"host":	"192.0.2.254",
			"port":	5201
		},
		"cookie":	"crfgr5vrx5jltgnwo4rydwnlaqowvtdb5nut",
		"target_bitrate":	16000000000,
		"fq_rate":	0,
		"sock_bufsize":	0,
		"sndbuf_actual":	212992,
		"rcvbuf_actual":	212992,
		"test_start":	{
			"protocol":	"UDP",
			"num_streams":	1,
			"blksize":	8894,
			"omit":	0,
			"duration":	10,
			"bytes":	0,
			"blocks":	0,
			"reverse":	0,
			"tos":	0,
			"target_bitrate":	16000000000,
			"bidir":	0,
			"fqrate":	0
		}
	},
	"intervals":	[{
			"streams":	[{
					"socket":	5,
					"start":	0,
					"end":	2.000055,
					"seconds":	2.0000550746917725,
					"bytes":	3757821728,
					"bits_per_second":	15030873001.651182,
					"packets":	422513,
					"omitted":	false,
					"sender":	true
				}],
			"sum":	{
				"start":	0,
				"end":	2.000055,
				"seconds":	2.0000550746917725,
				"bytes":	3757821728,
				"bits_per_second":	15030873001.651182,
				"packets":	422513,
				"omitted":	false,
				"sender":	true
			}
		}, {
			"streams":	[{
					"socket":	5,
					"start":	2.000055,
					"end":	4.000054,
					"seconds":	1.9999990463256836,
					"bytes":	3704511092,
					"bits_per_second":	14818051433.797535,
					"packets":	416519,
					"omitted":	false,
					"sender":	true
				}],
			"sum":	{
				"start":	2.000055,
				"end":	4.000054,
				"seconds":	1.9999990463256836,
				"bytes":	3704511092,
				"bits_per_second":	14818051433.797535,
				"packets":	416519,
				"omitted":	false,
				"sender":	true
			}
		}, {
			"streams":	[{
					"socket":	5,
					"start":	4.000054,
					"end":	6.000054,
					"seconds":	2,
					"bytes":	3704013028,
					"bits_per_second":	14816052112,
					"packets":	416463,
					"omitted":	false,
					"sender":	true
				}],
			"sum":	{
				"start":	4.000054,
				"end":	6.000054,
				"seconds":	2,
				"bytes":	3704013028,
				"bits_per_second":	14816052112,
				"packets":	416463,
				"omitted":	false,
				"sender":	true
			}
		}, {
			"streams":	[{
					"socket":	5,
					"start":	6.000054,
					"end":	8.000055,
					"seconds":	2.0000009536743164,
					"bytes":	3704929110,
					"bits_per_second":	14819709373.4119,
					"packets":	416565,
					"omitted":	false,
					"sender":	true
				}],
			"sum":	{
				"start":	6.000054,
				"end":	8.000055,
				"seconds":	2.0000009536743164,
				"bytes":	3704929110,
				"bits_per_second":	14819709373.4119,
				"packets":	416565,
				"omitted":	false,
				"sender":	true
			}
		}, {
			"streams":	[{
					"socket":	5,
					"start":	8.000055,
					"end":	10.000169,
					"seconds":	2.00011396408081,
					"bytes":	3702171970,
					"bits_per_second":	14807844098.829245,
					"packets":	416255,
					"omitted":	false,
					"sender":	true
				}],
			"sum":	{
				"start":	8.000055,
				"end":	10.000169,
				"seconds":	2.00011396408081,
				"bytes":	3702171970,
				"bits_per_second":	14807844098.829245,
				"packets":	416255,
				"omitted":	false,
				"sender":	true
			}
		}],
	"end":	{
		"streams":	[{
				"udp":	{
					"socket":	5,
					"start":	0,
					"end":	10.000169,
					"seconds":	10.000169,
					"bytes":	18573473610,
					"bits_per_second":	14858527778.880537,
					"jitter_ms":	0.00956801432423364,
					"lost_packets":	817490,
					"packets":	2088315,
					"lost_percent":	39.145914289750351,
					"out_of_order":	0,
					"sender":	true
				}
			}],
		"sum":	{
			"start":	0,
			"end":	10.000275,
			"seconds":	10.000275,
			"bytes":	18573473610,
			"bits_per_second":	14858527778.880537,
			"jitter_ms":	0.00956801432423364,
			"lost_packets":	817490,
			"packets":	2088315,
			"lost_percent":	39.145914289750351,
			"sender":	true
		},
		"sum_sent":	{
			"start":	0,
			"end":	10.000169,
			"seconds":	10.000169,
			"bytes":	18573473610,
			"bits_per_second":	14858527778.880537,
			"jitter_ms":	0,
			"lost_packets":	0,
			"packets":	2088315,
			"lost_percent":	0,
			"sender":	true
		},
		"sum_received":	{
			"start":	0,
			"end":	10.000275,
			"seconds":	10.000275,
			"bytes":	11302717550,
			"bits_per_second":	9041925387.0518551,
			"jitter_ms":	0.00956801432423364,
			"lost_packets":	817490,
			"packets":	2088315,
			"lost_percent":	39.145914289750351,
			"sender":	false
		},
		"cpu_utilization_percent":	{
			"host_total":	99.524917317254264,
			"host_user":	5.466375683398204,
			"host_system":	94.058531634431,
			"remote_total":	64.4244689997618,
			"remote_user":	8.56081200942614,
			"remote_system":	55.863676989779684
		}
	}
}
