{
	"start":	{
		"connected":	[{
				"socket":	5,
				"local_host":	"192.0.1.254",
				"local_port":	34409,
				"remote_host":	"192.0.2.254",
				"remote_port":	5201
			}],
		"version":	"iperf 3.16",
		"system_info":	"Linux lab-dd2 6.8.0-100-generic #100-Ubuntu SMP PREEMPT_DYNAMIC Tue Jan 13 16:40:06 UTC 2026 x86_64",
		"timestamp":	{
			"time":	"Thu, 19 Mar 2026 06:17:31 GMT",
			"timesecs":	1773901051
		},
		"connecting_to":	{
			"host":	"192.0.2.254",
			"port":	5201
		},
		"cookie":	"ljif2wfvwpr5xgj3nye3jhwyrtj3d56pgdw5",
		"target_bitrate":	16000000000,
		"fq_rate":	0,
		"sock_bufsize":	0,
		"sndbuf_actual":	212992,
		"rcvbuf_actual":	212992,
		"test_start":	{
			"protocol":	"UDP",
			"num_streams":	1,
			"blksize":	8894,
			"omit":	0,
			"duration":	10,
			"bytes":	0,
			"blocks":	0,
			"reverse":	0,
			"tos":	0,
			"target_bitrate":	16000000000,
			"bidir":	0,
			"fqrate":	0
		}
	},
	"intervals":	[{
			"streams":	[{
					"socket":	5,
					"start":	0,
					"end":	2.000055,
					"seconds":	2.0000550746917725,
					"bytes":	3718216746,
					"bits_per_second":	14872457435.995407,
					"packets":	418060,
					"omitted":	false,
					"sender":	true
				}],
			"sum":	{
				"start":	0,
				"end":	2.000055,
				"seconds":	2.0000550746917725,
				"bytes":	3718216746,
				"bits_per_second":	14872457435.995407,
				"packets":	418060,
				"omitted":	false,
				"sender":	true
			}
		}, {
			"streams":	[{
					"socket":	5,
					"start":	2.000055,
					"end":	4.000055,
					"seconds":	2,
					"bytes":	3726203558,
					"bits_per_second":	14904814232,
					"packets":	418957,
					"omitted":	false,
					"sender":	true
				}],
			"sum":	{
				"start":	2.000055,
				"end":	4.000055,
				"seconds":	2,
				"bytes":	3726203558,
				"bits_per_second":	14904814232,
				"packets":	418957,
				"omitted":	false,
				"sender":	true
			}
		}, {
			"streams":	[{
					"socket":	5,
					"start":	4.000055,
					"end":	6.000058,
					"seconds":	2.0000030994415283,
					"bytes":	3712933710,
					"bits_per_second":	14851711823.993803,
					"packets":	417465,
					"omitted":	false,
					"sender":	true
				}],
			"sum":	{
				"start":	4.000055,
				"end":	6.000058,
				"seconds":	2.0000030994415283,
				"bytes":	3712933710,
				"bits_per_second":	14851711823.993803,
				"packets":	417465,
				"omitted":	false,
				"sender":	true
			}
		}, {
			"streams":	[{
					"socket":	5,
					"start":	6.000058,
					"end":	8.000057,
					"seconds":	1.9999990463256836,
					"bytes":	4806664466,
					"bits_per_second":	19226667031.989269,
					"packets":	540440,
					"omitted":	false,
					"sender":	true
				}],
			"sum":	{
				"start":	6.000058,
				"end":	8.000057,
				"seconds":	1.9999990463256836,
				"bytes":	4806664466,
				"bits_per_second":	19226667031.989269,
				"packets":	540440,
				"omitted":	false,
				"sender":	true
			}
		}, {
			"streams":	[{
					"socket":	5,
					"start":	8.000057,
					"end":	10.000165,
					"seconds":	2.000108003616333,
					"bytes":	3729440974,
					"bits_per_second":	14916958353.276579,
					"packets":	419320,
					"omitted":	false,
					"sender":	true
				}],
			"sum":	{
				"start":	8.000057,
				"end":	10.000165,
				"seconds":	2.000108003616333,
				"bytes":	3729440974,
				"bits_per_second":	14916958353.276579,
				"packets":	419320,
				"omitted":	false,
				"sender":	true
			}
		}],
	"end":	{
		"streams":	[{
				"udp":	{
					"socket":	5,
					"start":	0,
					"end":	10.000165,
					"seconds":	10.000165,
					"bytes":	19693468348,
					"bits_per_second":	15754514728.906971,
					"jitter_ms":	0.0043255039185100637,
					"lost_packets":	901981,
					"packets":	2214242,
					"lost_percent":	40.735430002682634,
					"out_of_order":	0,
					"sender":	true
				}
			}],
		"sum":	{
			"start":	0,
			"end":	10.003753,
			"seconds":	10.003753,
			"bytes":	19693468348,
			"bits_per_second":	15754514728.906971,
			"jitter_ms":	0.0043255039185100637,
			"lost_packets":	901981,
			"packets":	2214242,
			"lost_percent":	40.735430002682634,
			"sender":	true
		},
		"sum_sent":	{
			"start":	0,
			"end":	10.000165,
			"seconds":	10.000165,
			"bytes":	19693468348,
			"bits_per_second":	15754514728.906971,
			"jitter_ms":	0,
			"lost_packets":	0,
			"packets":	2214242,
			"lost_percent":	0,
			"sender":	true
		},
		"sum_received":	{
			"start":	0,
			"end":	10.003753,
			"seconds":	10.003753,
			"bytes":	11671249334,
			"bits_per_second":	9333496605.9238,
			"jitter_ms":	0.0043255039185100637,
			"lost_packets":	901981,
			"packets":	2214242,
			"lost_percent":	40.735430002682634,
			"sender":	false
		},
		"cpu_utilization_percent":	{
			"host_total":	100.12159955459825,
			"host_user":	5.1518574554445768,
			"host_system":	94.9697420991537,
			"remote_total":	65.906202677173127,
			"remote_user":	8.49952332927586,
			"remote_system":	57.4066993403781
		}
	}
}
