{
	"start":	{
		"connected":	[{
				"socket":	5,
				"local_host":	"192.0.1.254",
				"local_port":	36883,
				"remote_host":	"192.0.2.254",
				"remote_port":	5201
			}],
		"version":	"iperf 3.16",
		"system_info":	"Linux lab-dd2 6.8.0-100-generic #100-Ubuntu SMP PREEMPT_DYNAMIC Tue Jan 13 16:40:06 UTC 2026 x86_64",
		"timestamp":	{
			"time":	"Thu, 19 Mar 2026 06:10:31 GMT",
			"timesecs":	1773900631
		},
		"connecting_to":	{
			"host":	"192.0.2.254",
			"port":	5201
		},
		"cookie":	"dwtpjchjze46vpncvqfx3wsmjfa7542ametr",
		"target_bitrate":	12000000000,
		"fq_rate":	0,
		"sock_bufsize":	0,
		"sndbuf_actual":	212992,
		"rcvbuf_actual":	212992,
		"test_start":	{
			"protocol":	"UDP",
			"num_streams":	1,
			"blksize":	8894,
			"omit":	0,
			"duration":	10,
			"bytes":	0,
			"blocks":	0,
			"reverse":	0,
			"tos":	0,
			"target_bitrate":	12000000000,
			"bidir":	0,
			"fqrate":	0
		}
	},
	"intervals":	[{
			"streams":	[{
					"socket":	5,
					"start":	0,
					"end":	2.000059,
					"seconds":	2.0000588893890381,
					"bytes":	2994823256,
					"bits_per_second":	11978940307.761976,
					"packets":	336725,
					"omitted":	false,
					"sender":	true
				}],
			"sum":	{
				"start":	0,
				"end":	2.000059,
				"seconds":	2.0000588893890381,
				"bytes":	2994823256,
				"bits_per_second":	11978940307.761976,
				"packets":	336725,
				"omitted":	false,
				"sender":	true
			}
		}, {
			"streams":	[{
					"socket":	5,
					"start":	2.000059,
					"end":	4.000058,
					"seconds":	1.9999990463256836,
					"bytes":	3004935734,
					"bits_per_second":	12019748667.4628,
					"packets":	337861,
					"omitted":	false,
					"sender":	true
				}],
			"sum":	{
				"start":	2.000059,
				"end":	4.000058,
				"seconds":	1.9999990463256836,
				"bytes":	3004935734,
				"bits_per_second":	12019748667.4628,
				"packets":	337861,
				"omitted":	false,
				"sender":	true
			}
		}, {
			"streams":	[{
					"socket":	5,
					"start":	4.000058,
					"end":	6.000057,
					"seconds":	1.9999990463256836,
					"bytes":	2996290766,
					"bits_per_second":	11985168778.973822,
					"packets":	336889,
					"omitted":	false,
					"sender":	true
				}],
			"sum":	{
				"start":	4.000058,
				"end":	6.000057,
				"seconds":	1.9999990463256836,
				"bytes":	2996290766,
				"bits_per_second":	11985168778.973822,
				"packets":	336889,
				"omitted":	false,
				"sender":	true
			}
		}, {
			"streams":	[{
					"socket":	5,
					"start":	6.000057,
					"end":	8.000057,
					"seconds":	2,
					"bytes":	604356194,
					"bits_per_second":	2417424776,
					"packets":	67950,
					"omitted":	false,
					"sender":	true
				}],
			"sum":	{
				"start":	6.000057,
				"end":	8.000057,
				"seconds":	2,
				"bytes":	604356194,
				"bits_per_second":	2417424776,
				"packets":	67950,
				"omitted":	false,
				"sender":	true
			}
		}, {
			"streams":	[{
					"socket":	5,
					"start":	8.000057,
					"end":	10.000061,
					"seconds":	2.0000040531158447,
					"bytes":	0,
					"bits_per_second":	0,
					"packets":	0,
					"omitted":	false,
					"sender":	true
				}],
			"sum":	{
				"start":	8.000057,
				"end":	10.000061,
				"seconds":	2.0000040531158447,
				"bytes":	0,
				"bits_per_second":	0,
				"packets":	0,
				"omitted":	false,
				"sender":	true
			}
		}],
	"end":	{
		"streams":	[{
				"udp":	{
					"socket":	5,
					"start":	0,
					"end":	10.000061,
					"seconds":	10.000061,
					"bytes":	9600405950,
					"bits_per_second":	7680277910.3047466,
					"jitter_ms":	0.00978337353648871,
					"lost_packets":	345790,
					"packets":	1079425,
					"lost_percent":	32.034648076522224,
					"out_of_order":	0,
					"sender":	true
				}
			}],
		"sum":	{
			"start":	0,
			"end":	10.000376,
			"seconds":	10.000376,
			"bytes":	9600405950,
			"bits_per_second":	7680277910.3047466,
			"jitter_ms":	0.00978337353648871,
			"lost_packets":	345790,
			"packets":	1079425,
			"lost_percent":	32.034648076522224,
			"sender":	true
		},
		"sum_sent":	{
			"start":	0,
			"end":	10.000061,
			"seconds":	10.000061,
			"bytes":	9600405950,
			"bits_per_second":	7680277910.3047466,
			"jitter_ms":	0,
			"lost_packets":	0,
			"packets":	1079425,
			"lost_percent":	0,
			"sender":	true
		},
		"sum_received":	{
			"start":	0,
			"end":	10.000376,
			"seconds":	10.000376,
			"bytes":	6524949690,
			"bits_per_second":	5219763488.8928185,
			"jitter_ms":	0.00978337353648871,
			"lost_packets":	345790,
			"packets":	1079425,
			"lost_percent":	32.034648076522224,
			"sender":	false
		},
		"cpu_utilization_percent":	{
			"host_total":	50.069820496577968,
			"host_user":	13.737513930351492,
			"host_system":	36.332296566871435,
			"remote_total":	38.5089551070194,
			"remote_user":	5.1224238111680327,
			"remote_system":	33.386541295468383
		}
	}
}
