{
	"start":	{
		"connected":	[{
				"socket":	5,
				"local_host":	"192.0.1.254",
				"local_port":	58143,
				"remote_host":	"192.0.2.254",
				"remote_port":	5201
			}],
		"version":	"iperf 3.16",
		"system_info":	"Linux lab-dd2 6.8.0-100-generic #100-Ubuntu SMP PREEMPT_DYNAMIC Tue Jan 13 16:40:06 UTC 2026 x86_64",
		"timestamp":	{
			"time":	"Thu, 19 Mar 2026 06:22:21 GMT",
			"timesecs":	1773901341
		},
		"connecting_to":	{
			"host":	"192.0.2.254",
			"port":	5201
		},
		"cookie":	"3qnebg4gq5n2gskqtdpwrdwunrtr4q5dbtv5",
		"target_bitrate":	19000000000,
		"fq_rate":	0,
		"sock_bufsize":	0,
		"sndbuf_actual":	212992,
		"rcvbuf_actual":	212992,
		"test_start":	{
			"protocol":	"UDP",
			"num_streams":	1,
			"blksize":	8894,
			"omit":	0,
			"duration":	10,
			"bytes":	0,
			"blocks":	0,
			"reverse":	0,
			"tos":	0,
			"target_bitrate":	19000000000,
			"bidir":	0,
			"fqrate":	0
		}
	},
	"intervals":	[{
			"streams":	[{
					"socket":	5,
					"start":	0,
					"end":	2.000056,
					"seconds":	2.0000560283660889,
					"bytes":	3703861830,
					"bits_per_second":	14815032288.973648,
					"packets":	416446,
					"omitted":	false,
					"sender":	true
				}],
			"sum":	{
				"start":	0,
				"end":	2.000056,
				"seconds":	2.0000560283660889,
				"bytes":	3703861830,
				"bits_per_second":	14815032288.973648,
				"packets":	416446,
				"omitted":	false,
				"sender":	true
			}
		}, {
			"streams":	[{
					"socket":	5,
					"start":	2.000056,
					"end":	4.000057,
					"seconds":	2.0000009536743164,
					"bytes":	3725652130,
					"bits_per_second":	14902601413.885893,
					"packets":	418896,
					"omitted":	false,
					"sender":	true
				}],
			"sum":	{
				"start":	2.000056,
				"end":	4.000057,
				"seconds":	2.0000009536743164,
				"bytes":	3725652130,
				"bits_per_second":	14902601413.885893,
				"packets":	418896,
				"omitted":	false,
				"sender":	true
			}
		}, {
			"streams":	[{
					"socket":	5,
					"start":	4.000057,
					"end":	6.000058,
					"seconds":	2.0000009536743164,
					"bytes":	3720493610,
					"bits_per_second":	14881967343.724983,
					"packets":	418315,
					"omitted":	false,
					"sender":	true
				}],
			"sum":	{
				"start":	4.000057,
				"end":	6.000058,
				"seconds":	2.0000009536743164,
				"bytes":	3720493610,
				"bits_per_second":	14881967343.724983,
				"packets":	418315,
				"omitted":	false,
				"sender":	true
			}
		}, {
			"streams":	[{
					"socket":	5,
					"start":	6.000058,
					"end":	8.000058,
					"seconds":	2,
					"bytes":	3716722554,
					"bits_per_second":	14866890216,
					"packets":	417891,
					"omitted":	false,
					"sender":	true
				}],
			"sum":	{
				"start":	6.000058,
				"end":	8.000058,
				"seconds":	2,
				"bytes":	3716722554,
				"bits_per_second":	14866890216,
				"packets":	417891,
				"omitted":	false,
				"sender":	true
			}
		}, {
			"streams":	[{
					"socket":	5,
					"start":	8.000058,
					"end":	10.000285,
					"seconds":	2.0002269744873047,
					"bytes":	3720511398,
					"bits_per_second":	14880356861.315247,
					"packets":	418316,
					"omitted":	false,
					"sender":	true
				}],
			"sum":	{
				"start":	8.000058,
				"end":	10.000285,
				"seconds":	2.0002269744873047,
				"bytes":	3720511398,
				"bits_per_second":	14880356861.315247,
				"packets":	418316,
				"omitted":	false,
				"sender":	true
			}
		}],
	"end":	{
		"streams":	[{
				"udp":	{
					"socket":	5,
					"start":	0,
					"end":	10.000285,
					"seconds":	10.000285,
					"bytes":	18587250416,
					"bits_per_second":	14869376555.568167,
					"jitter_ms":	0.0050498304308366059,
					"lost_packets":	806277,
					"packets":	2089864,
					"lost_percent":	38.580357382107159,
					"out_of_order":	0,
					"sender":	true
				}
			}],
		"sum":	{
			"start":	0,
			"end":	10.011561,
			"seconds":	10.011561,
			"bytes":	18587250416,
			"bits_per_second":	14869376555.568167,
			"jitter_ms":	0.0050498304308366059,
			"lost_packets":	806277,
			"packets":	2089864,
			"lost_percent":	38.580357382107159,
			"sender":	true
		},
		"sum_sent":	{
			"start":	0,
			"end":	10.000285,
			"seconds":	10.000285,
			"bytes":	18587250416,
			"bits_per_second":	14869376555.568167,
			"jitter_ms":	0,
			"lost_packets":	0,
			"packets":	2089864,
			"lost_percent":	0,
			"sender":	true
		},
		"sum_received":	{
			"start":	0,
			"end":	10.011561,
			"seconds":	10.011561,
			"bytes":	11415849230,
			"bits_per_second":	9122133285.7083931,
			"jitter_ms":	0.0050498304308366059,
			"lost_packets":	806277,
			"packets":	2089822,
			"lost_percent":	38.580357382107159,
			"sender":	false
		},
		"cpu_utilization_percent":	{
			"host_total":	100.00428966454824,
			"host_user":	5.3431121686284131,
			"host_system":	94.6611874951379,
			"remote_total":	64.074928899770072,
			"remote_user":	8.69179272663601,
			"remote_system":	55.383136173134062
		}
	}
}
