{
	"start":	{
		"connected":	[{
				"socket":	5,
				"local_host":	"192.0.1.254",
				"local_port":	37366,
				"remote_host":	"192.0.2.254",
				"remote_port":	5201
			}],
		"version":	"iperf 3.16",
		"system_info":	"Linux lab-dd2 6.8.0-100-generic #100-Ubuntu SMP PREEMPT_DYNAMIC Tue Jan 13 16:40:06 UTC 2026 x86_64",
		"timestamp":	{
			"time":	"Thu, 19 Mar 2026 06:13:51 GMT",
			"timesecs":	1773900831
		},
		"connecting_to":	{
			"host":	"192.0.2.254",
			"port":	5201
		},
		"cookie":	"bqa4fawrl4iyzbas3l563w3jqzofrljwubxz",
		"target_bitrate":	14000000000,
		"fq_rate":	0,
		"sock_bufsize":	0,
		"sndbuf_actual":	212992,
		"rcvbuf_actual":	212992,
		"test_start":	{
			"protocol":	"UDP",
			"num_streams":	1,
			"blksize":	8894,
			"omit":	0,
			"duration":	10,
			"bytes":	0,
			"blocks":	0,
			"reverse":	0,
			"tos":	0,
			"target_bitrate":	14000000000,
			"bidir":	0,
			"fqrate":	0
		}
	},
	"intervals":	[{
			"streams":	[{
					"socket":	5,
					"start":	0,
					"end":	2.000057,
					"seconds":	2.0000569820404053,
					"bytes":	3305490676,
					"bits_per_second":	13221586007.525949,
					"packets":	371655,
					"omitted":	false,
					"sender":	true
				}],
			"sum":	{
				"start":	0,
				"end":	2.000057,
				"seconds":	2.0000569820404053,
				"bytes":	3305490676,
				"bits_per_second":	13221586007.525949,
				"packets":	371655,
				"omitted":	false,
				"sender":	true
			}
		}, {
			"streams":	[{
					"socket":	5,
					"start":	2.000057,
					"end":	4.000058,
					"seconds":	2.0000009536743164,
					"bytes":	3618123670,
					"bits_per_second":	14472487778.980055,
					"packets":	406806,
					"omitted":	false,
					"sender":	true
				}],
			"sum":	{
				"start":	2.000057,
				"end":	4.000058,
				"seconds":	2.0000009536743164,
				"bytes":	3618123670,
				"bits_per_second":	14472487778.980055,
				"packets":	406806,
				"omitted":	false,
				"sender":	true
			}
		}, {
			"streams":	[{
					"socket":	5,
					"start":	4.000058,
					"end":	6.000058,
					"seconds":	2,
					"bytes":	3314829376,
					"bits_per_second":	13259317504,
					"packets":	372704,
					"omitted":	false,
					"sender":	true
				}],
			"sum":	{
				"start":	4.000058,
				"end":	6.000058,
				"seconds":	2,
				"bytes":	3314829376,
				"bits_per_second":	13259317504,
				"packets":	372704,
				"omitted":	false,
				"sender":	true
			}
		}, {
			"streams":	[{
					"socket":	5,
					"start":	6.000058,
					"end":	8.000058,
					"seconds":	2,
					"bytes":	3761228130,
					"bits_per_second":	15044912520,
					"packets":	422894,
					"omitted":	false,
					"sender":	true
				}],
			"sum":	{
				"start":	6.000058,
				"end":	8.000058,
				"seconds":	2,
				"bytes":	3761228130,
				"bits_per_second":	15044912520,
				"packets":	422894,
				"omitted":	false,
				"sender":	true
			}
		}, {
			"streams":	[{
					"socket":	5,
					"start":	8.000058,
					"end":	10.000211,
					"seconds":	2.0001530647277832,
					"bytes":	3372969454,
					"bits_per_second":	13490845329.716021,
					"packets":	379241,
					"omitted":	false,
					"sender":	true
				}],
			"sum":	{
				"start":	8.000058,
				"end":	10.000211,
				"seconds":	2.0001530647277832,
				"bytes":	3372969454,
				"bits_per_second":	13490845329.716021,
				"packets":	379241,
				"omitted":	false,
				"sender":	true
			}
		}],
	"end":	{
		"streams":	[{
				"udp":	{
					"socket":	5,
					"start":	0,
					"end":	10.000211,
					"seconds":	10.000211,
					"bytes":	17372650200,
					"bits_per_second":	13897826915.852076,
					"jitter_ms":	0.0055180708504085759,
					"lost_packets":	687490,
					"packets":	1953300,
					"lost_percent":	35.196334408437,
					"out_of_order":	0,
					"sender":	true
				}
			}],
		"sum":	{
			"start":	0,
			"end":	10.000313,
			"seconds":	10.000313,
			"bytes":	17372650200,
			"bits_per_second":	13897826915.852076,
			"jitter_ms":	0.0055180708504085759,
			"lost_packets":	687490,
			"packets":	1953300,
			"lost_percent":	35.196334408437,
			"sender":	true
		},
		"sum_sent":	{
			"start":	0,
			"end":	10.000211,
			"seconds":	10.000211,
			"bytes":	17372650200,
			"bits_per_second":	13897826915.852076,
			"jitter_ms":	0,
			"lost_packets":	0,
			"packets":	1953300,
			"lost_percent":	0,
			"sender":	true
		},
		"sum_received":	{
			"start":	0,
			"end":	10.000313,
			"seconds":	10.000313,
			"bytes":	11258114140,
			"bits_per_second":	9006209417.64523,
			"jitter_ms":	0.0055180708504085759,
			"lost_packets":	687490,
			"packets":	1953300,
			"lost_percent":	35.196334408437,
			"sender":	false
		},
		"cpu_utilization_percent":	{
			"host_total":	69.0974760214135,
			"host_user":	4.8783607068155961,
			"host_system":	64.219025321779327,
			"remote_total":	64.2119116400187,
			"remote_user":	8.4885992136850827,
			"remote_system":	55.723332425695617
		}
	}
}
