{
	"start":	{
		"connected":	[{
				"socket":	5,
				"local_host":	"192.0.1.254",
				"local_port":	33433,
				"remote_host":	"192.0.2.254",
				"remote_port":	5201
			}],
		"version":	"iperf 3.16",
		"system_info":	"Linux lab-dd2 6.8.0-100-generic #100-Ubuntu SMP PREEMPT_DYNAMIC Tue Jan 13 16:40:06 UTC 2026 x86_64",
		"timestamp":	{
			"time":	"Thu, 19 Mar 2026 06:24:11 GMT",
			"timesecs":	1773901451
		},
		"connecting_to":	{
			"host":	"192.0.2.254",
			"port":	5201
		},
		"cookie":	"e3jzn3uahxm7dlptoes2kccy3drgvowo7ie3",
		"target_bitrate":	20000000000,
		"fq_rate":	0,
		"sock_bufsize":	0,
		"sndbuf_actual":	212992,
		"rcvbuf_actual":	212992,
		"test_start":	{
			"protocol":	"UDP",
			"num_streams":	1,
			"blksize":	8894,
			"omit":	0,
			"duration":	10,
			"bytes":	0,
			"blocks":	0,
			"reverse":	0,
			"tos":	0,
			"target_bitrate":	20000000000,
			"bidir":	0,
			"fqrate":	0
		}
	},
	"intervals":	[{
			"streams":	[{
					"socket":	5,
					"start":	0,
					"end":	2.000054,
					"seconds":	2.000053882598877,
					"bytes":	4736446336,
					"bits_per_second":	18945274933.675068,
					"packets":	532544,
					"omitted":	false,
					"sender":	true
				}],
			"sum":	{
				"start":	0,
				"end":	2.000054,
				"seconds":	2.000053882598877,
				"bytes":	4736446336,
				"bits_per_second":	18945274933.675068,
				"packets":	532544,
				"omitted":	false,
				"sender":	true
			}
		}, {
			"streams":	[{
					"socket":	5,
					"start":	2.000054,
					"end":	4.000054,
					"seconds":	2,
					"bytes":	5261414686,
					"bits_per_second":	21045658744,
					"packets":	591570,
					"omitted":	false,
					"sender":	true
				}],
			"sum":	{
				"start":	2.000054,
				"end":	4.000054,
				"seconds":	2,
				"bytes":	5261414686,
				"bits_per_second":	21045658744,
				"packets":	591570,
				"omitted":	false,
				"sender":	true
			}
		}, {
			"streams":	[{
					"socket":	5,
					"start":	4.000054,
					"end":	6.000054,
					"seconds":	2,
					"bytes":	5001380808,
					"bits_per_second":	20005523232,
					"packets":	562332,
					"omitted":	false,
					"sender":	true
				}],
			"sum":	{
				"start":	4.000054,
				"end":	6.000054,
				"seconds":	2,
				"bytes":	5001380808,
				"bits_per_second":	20005523232,
				"packets":	562332,
				"omitted":	false,
				"sender":	true
			}
		}, {
			"streams":	[{
					"socket":	5,
					"start":	6.000054,
					"end":	8.000054,
					"seconds":	2,
					"bytes":	5000206800,
					"bits_per_second":	20000827200,
					"packets":	562200,
					"omitted":	false,
					"sender":	true
				}],
			"sum":	{
				"start":	6.000054,
				"end":	8.000054,
				"seconds":	2,
				"bytes":	5000206800,
				"bits_per_second":	20000827200,
				"packets":	562200,
				"omitted":	false,
				"sender":	true
			}
		}, {
			"streams":	[{
					"socket":	5,
					"start":	8.000054,
					"end":	10.000189,
					"seconds":	2.0001349449157715,
					"bytes":	4998890488,
					"bits_per_second":	19994212893.3126,
					"packets":	562051,
					"omitted":	false,
					"sender":	true
				}],
			"sum":	{
				"start":	8.000054,
				"end":	10.000189,
				"seconds":	2.0001349449157715,
				"bytes":	4998890488,
				"bits_per_second":	19994212893.3126,
				"packets":	562051,
				"omitted":	false,
				"sender":	true
			}
		}],
	"end":	{
		"streams":	[{
				"udp":	{
					"socket":	5,
					"start":	0,
					"end":	10.000189,
					"seconds":	10.000189,
					"bytes":	24998339118,
					"bits_per_second":	19998293326.656124,
					"jitter_ms":	0.0053025542050267179,
					"lost_packets":	1366430,
					"packets":	2810697,
					"lost_percent":	48.615343453954658,
					"out_of_order":	0,
					"sender":	true
				}
			}],
		"sum":	{
			"start":	0,
			"end":	10.00653,
			"seconds":	10.00653,
			"bytes":	24998339118,
			"bits_per_second":	19998293326.656124,
			"jitter_ms":	0.0053025542050267179,
			"lost_packets":	1366430,
			"packets":	2810697,
			"lost_percent":	48.615343453954658,
			"sender":	true
		},
		"sum_sent":	{
			"start":	0,
			"end":	10.000189,
			"seconds":	10.000189,
			"bytes":	24998339118,
			"bits_per_second":	19998293326.656124,
			"jitter_ms":	0,
			"lost_packets":	0,
			"packets":	2810697,
			"lost_percent":	0,
			"sender":	true
		},
		"sum_received":	{
			"start":	0,
			"end":	10.00653,
			"seconds":	10.00653,
			"bytes":	12845221758,
			"bits_per_second":	10269471441.54867,
			"jitter_ms":	0.0053025542050267179,
			"lost_packets":	1366430,
			"packets":	2810687,
			"lost_percent":	48.615343453954658,
			"sender":	false
		},
		"cpu_utilization_percent":	{
			"host_total":	97.046822038177666,
			"host_user":	8.1280164084218764,
			"host_system":	88.9188056297558,
			"remote_total":	72.839010570987625,
			"remote_user":	9.9233311337716259,
			"remote_system":	62.915699424146553
		}
	}
}
