{
	"start":	{
		"connected":	[{
				"socket":	5,
				"local_host":	"192.0.1.254",
				"local_port":	59041,
				"remote_host":	"192.0.2.254",
				"remote_port":	5201
			}],
		"version":	"iperf 3.16",
		"system_info":	"Linux lab-dd2 6.8.0-100-generic #100-Ubuntu SMP PREEMPT_DYNAMIC Tue Jan 13 16:40:06 UTC 2026 x86_64",
		"timestamp":	{
			"time":	"Thu, 19 Mar 2026 06:15:51 GMT",
			"timesecs":	1773900951
		},
		"connecting_to":	{
			"host":	"192.0.2.254",
			"port":	5201
		},
		"cookie":	"pn7hlu47esbvfpsgsdekkq4u7bhklbkbxfz3",
		"target_bitrate":	15000000000,
		"fq_rate":	0,
		"sock_bufsize":	0,
		"sndbuf_actual":	212992,
		"rcvbuf_actual":	212992,
		"test_start":	{
			"protocol":	"UDP",
			"num_streams":	1,
			"blksize":	8894,
			"omit":	0,
			"duration":	10,
			"bytes":	0,
			"blocks":	0,
			"reverse":	0,
			"tos":	0,
			"target_bitrate":	15000000000,
			"bidir":	0,
			"fqrate":	0
		}
	},
	"intervals":	[{
			"streams":	[{
					"socket":	5,
					"start":	0,
					"end":	2.000058,
					"seconds":	2.0000579357147217,
					"bytes":	3696622114,
					"bits_per_second":	14786060135.519066,
					"packets":	415632,
					"omitted":	false,
					"sender":	true
				}],
			"sum":	{
				"start":	0,
				"end":	2.000058,
				"seconds":	2.0000579357147217,
				"bytes":	3696622114,
				"bits_per_second":	14786060135.519066,
				"packets":	415632,
				"omitted":	false,
				"sender":	true
			}
		}, {
			"streams":	[{
					"socket":	5,
					"start":	2.000058,
					"end":	4.000057,
					"seconds":	1.9999990463256836,
					"bytes":	3693847186,
					"bits_per_second":	14775395789.457739,
					"packets":	415319,
					"omitted":	false,
					"sender":	true
				}],
			"sum":	{
				"start":	2.000058,
				"end":	4.000057,
				"seconds":	1.9999990463256836,
				"bytes":	3693847186,
				"bits_per_second":	14775395789.457739,
				"packets":	415319,
				"omitted":	false,
				"sender":	true
			}
		}, {
			"streams":	[{
					"socket":	5,
					"start":	4.000057,
					"end":	6.000058,
					"seconds":	2.0000009536743164,
					"bytes":	3690476360,
					"bits_per_second":	14761898400.978317,
					"packets":	414940,
					"omitted":	false,
					"sender":	true
				}],
			"sum":	{
				"start":	4.000057,
				"end":	6.000058,
				"seconds":	2.0000009536743164,
				"bytes":	3690476360,
				"bits_per_second":	14761898400.978317,
				"packets":	414940,
				"omitted":	false,
				"sender":	true
			}
		}, {
			"streams":	[{
					"socket":	5,
					"start":	6.000058,
					"end":	8.00006,
					"seconds":	2.0000019073486328,
					"bytes":	3698961236,
					"bits_per_second":	14795830833.596144,
					"packets":	415894,
					"omitted":	false,
					"sender":	true
				}],
			"sum":	{
				"start":	6.000058,
				"end":	8.00006,
				"seconds":	2.0000019073486328,
				"bytes":	3698961236,
				"bits_per_second":	14795830833.596144,
				"packets":	415894,
				"omitted":	false,
				"sender":	true
			}
		}, {
			"streams":	[{
					"socket":	5,
					"start":	8.00006,
					"end":	10.000269,
					"seconds":	2.0002090930938721,
					"bytes":	3694220734,
					"bits_per_second":	14775338225.408722,
					"packets":	415360,
					"omitted":	false,
					"sender":	true
				}],
			"sum":	{
				"start":	8.00006,
				"end":	10.000269,
				"seconds":	2.0002090930938721,
				"bytes":	3694220734,
				"bits_per_second":	14775338225.408722,
				"packets":	415360,
				"omitted":	false,
				"sender":	true
			}
		}],
	"end":	{
		"streams":	[{
				"udp":	{
					"socket":	5,
					"start":	0,
					"end":	10.000269,
					"seconds":	10.000269,
					"bytes":	18474127630,
					"bits_per_second":	14778904551.467566,
					"jitter_ms":	0.00394557571867221,
					"lost_packets":	816922,
					"packets":	2077145,
					"lost_percent":	39.3290790965484,
					"out_of_order":	0,
					"sender":	true
				}
			}],
		"sum":	{
			"start":	0,
			"end":	10.000397,
			"seconds":	10.000397,
			"bytes":	18474127630,
			"bits_per_second":	14778904551.467566,
			"jitter_ms":	0.00394557571867221,
			"lost_packets":	816922,
			"packets":	2077145,
			"lost_percent":	39.3290790965484,
			"sender":	true
		},
		"sum_sent":	{
			"start":	0,
			"end":	10.000269,
			"seconds":	10.000269,
			"bytes":	18474127630,
			"bits_per_second":	14778904551.467566,
			"jitter_ms":	0,
			"lost_packets":	0,
			"packets":	2077145,
			"lost_percent":	0,
			"sender":	true
		},
		"sum_received":	{
			"start":	0,
			"end":	10.000397,
			"seconds":	10.000397,
			"bytes":	11208423362,
			"bits_per_second":	8966382724.20585,
			"jitter_ms":	0.00394557571867221,
			"lost_packets":	816922,
			"packets":	2077145,
			"lost_percent":	39.3290790965484,
			"sender":	false
		},
		"cpu_utilization_percent":	{
			"host_total":	99.9249767070824,
			"host_user":	5.3334931857091972,
			"host_system":	94.591493520479261,
			"remote_total":	64.613763142592731,
			"remote_user":	8.86369102051367,
			"remote_system":	55.750082121674069
		}
	}
}
