{
	"start":	{
		"connected":	[{
				"socket":	5,
				"local_host":	"192.0.1.254",
				"local_port":	38203,
				"remote_host":	"192.0.2.254",
				"remote_port":	5201
			}],
		"version":	"iperf 3.16",
		"system_info":	"Linux lab-dd2 6.8.0-100-generic #100-Ubuntu SMP PREEMPT_DYNAMIC Tue Jan 13 16:40:06 UTC 2026 x86_64",
		"timestamp":	{
			"time":	"Thu, 19 Mar 2026 06:23:51 GMT",
			"timesecs":	1773901431
		},
		"connecting_to":	{
			"host":	"192.0.2.254",
			"port":	5201
		},
		"cookie":	"hvq5d33vazkautayz3kxnvovt6ik2vwduqnj",
		"target_bitrate":	20000000000,
		"fq_rate":	0,
		"sock_bufsize":	0,
		"sndbuf_actual":	212992,
		"rcvbuf_actual":	212992,
		"test_start":	{
			"protocol":	"UDP",
			"num_streams":	1,
			"blksize":	8894,
			"omit":	0,
			"duration":	10,
			"bytes":	0,
			"blocks":	0,
			"reverse":	0,
			"tos":	0,
			"target_bitrate":	20000000000,
			"bidir":	0,
			"fqrate":	0
		}
	},
	"intervals":	[{
			"streams":	[{
					"socket":	5,
					"start":	0,
					"end":	2.000058,
					"seconds":	2.0000579357147217,
					"bytes":	4980506590,
					"bits_per_second":	19921449278.298885,
					"packets":	559986,
					"omitted":	false,
					"sender":	true
				}],
			"sum":	{
				"start":	0,
				"end":	2.000058,
				"seconds":	2.0000579357147217,
				"bytes":	4980506590,
				"bits_per_second":	19921449278.298885,
				"packets":	559986,
				"omitted":	false,
				"sender":	true
			}
		}, {
			"streams":	[{
					"socket":	5,
					"start":	2.000058,
					"end":	4.000057,
					"seconds":	1.9999990463256836,
					"bytes":	4994781460,
					"bits_per_second":	19979135366.794132,
					"packets":	561590,
					"omitted":	false,
					"sender":	true
				}],
			"sum":	{
				"start":	2.000058,
				"end":	4.000057,
				"seconds":	1.9999990463256836,
				"bytes":	4994781460,
				"bits_per_second":	19979135366.794132,
				"packets":	561590,
				"omitted":	false,
				"sender":	true
			}
		}, {
			"streams":	[{
					"socket":	5,
					"start":	4.000057,
					"end":	6.000057,
					"seconds":	2,
					"bytes":	4997298462,
					"bits_per_second":	19989193848,
					"packets":	561873,
					"omitted":	false,
					"sender":	true
				}],
			"sum":	{
				"start":	4.000057,
				"end":	6.000057,
				"seconds":	2,
				"bytes":	4997298462,
				"bits_per_second":	19989193848,
				"packets":	561873,
				"omitted":	false,
				"sender":	true
			}
		}, {
			"streams":	[{
					"socket":	5,
					"start":	6.000057,
					"end":	8.000057,
					"seconds":	2,
					"bytes":	5002074540,
					"bits_per_second":	20008298160,
					"packets":	562410,
					"omitted":	false,
					"sender":	true
				}],
			"sum":	{
				"start":	6.000057,
				"end":	8.000057,
				"seconds":	2,
				"bytes":	5002074540,
				"bits_per_second":	20008298160,
				"packets":	562410,
				"omitted":	false,
				"sender":	true
			}
		}, {
			"streams":	[{
					"socket":	5,
					"start":	8.000057,
					"end":	10.000154,
					"seconds":	2.0000970363616943,
					"bytes":	5006236932,
					"bits_per_second":	20023976201.1014,
					"packets":	562877,
					"omitted":	false,
					"sender":	true
				}],
			"sum":	{
				"start":	8.000057,
				"end":	10.000154,
				"seconds":	2.0000970363616943,
				"bytes":	5006236932,
				"bits_per_second":	20023976201.1014,
				"packets":	562877,
				"omitted":	false,
				"sender":	true
			}
		}],
	"end":	{
		"streams":	[{
				"udp":	{
					"socket":	5,
					"start":	0,
					"end":	10.000154,
					"seconds":	10.000154,
					"bytes":	24980897984,
					"bits_per_second":	19984410627.27634,
					"jitter_ms":	0.0044124814537796113,
					"lost_packets":	1345640,
					"packets":	2808736,
					"lost_percent":	47.909095052009157,
					"out_of_order":	0,
					"sender":	true
				}
			}],
		"sum":	{
			"start":	0,
			"end":	10.006573,
			"seconds":	10.006573,
			"bytes":	24980897984,
			"bits_per_second":	19984410627.27634,
			"jitter_ms":	0.0044124814537796113,
			"lost_packets":	1345640,
			"packets":	2808736,
			"lost_percent":	47.909095052009157,
			"sender":	true
		},
		"sum_sent":	{
			"start":	0,
			"end":	10.000154,
			"seconds":	10.000154,
			"bytes":	24980897984,
			"bits_per_second":	19984410627.27634,
			"jitter_ms":	0,
			"lost_packets":	0,
			"packets":	2808736,
			"lost_percent":	0,
			"sender":	true
		},
		"sum_received":	{
			"start":	0,
			"end":	10.006573,
			"seconds":	10.006573,
			"bytes":	13012597944,
			"bits_per_second":	10403240305.347296,
			"jitter_ms":	0.0044124814537796113,
			"lost_packets":	1345640,
			"packets":	2808716,
			"lost_percent":	47.909095052009157,
			"sender":	false
		},
		"cpu_utilization_percent":	{
			"host_total":	100.15583874844236,
			"host_user":	6.7022960942219978,
			"host_system":	93.453532654942322,
			"remote_total":	73.978517339886878,
			"remote_user":	9.5441180614919254,
			"remote_system":	64.4344092718173
		}
	}
}
