{
	"start":	{
		"connected":	[{
				"socket":	5,
				"local_host":	"192.0.1.254",
				"local_port":	33209,
				"remote_host":	"192.0.2.254",
				"remote_port":	5201
			}],
		"version":	"iperf 3.16",
		"system_info":	"Linux lab-dd2 6.8.0-100-generic #100-Ubuntu SMP PREEMPT_DYNAMIC Tue Jan 13 16:40:06 UTC 2026 x86_64",
		"timestamp":	{
			"time":	"Thu, 19 Mar 2026 06:19:01 GMT",
			"timesecs":	1773901141
		},
		"connecting_to":	{
			"host":	"192.0.2.254",
			"port":	5201
		},
		"cookie":	"wrm2kjiiwlglgjg45hptk53jgx2g5kehpwzb",
		"target_bitrate":	17000000000,
		"fq_rate":	0,
		"sock_bufsize":	0,
		"sndbuf_actual":	212992,
		"rcvbuf_actual":	212992,
		"test_start":	{
			"protocol":	"UDP",
			"num_streams":	1,
			"blksize":	8894,
			"omit":	0,
			"duration":	10,
			"bytes":	0,
			"blocks":	0,
			"reverse":	0,
			"tos":	0,
			"target_bitrate":	17000000000,
			"bidir":	0,
			"fqrate":	0
		}
	},
	"intervals":	[{
			"streams":	[{
					"socket":	5,
					"start":	0,
					"end":	2.000057,
					"seconds":	2.0000569820404053,
					"bytes":	3752814406,
					"bits_per_second":	15010829950.140633,
					"packets":	421950,
					"omitted":	false,
					"sender":	true
				}],
			"sum":	{
				"start":	0,
				"end":	2.000057,
				"seconds":	2.0000569820404053,
				"bytes":	3752814406,
				"bits_per_second":	15010829950.140633,
				"packets":	421950,
				"omitted":	false,
				"sender":	true
			}
		}, {
			"streams":	[{
					"socket":	5,
					"start":	2.000057,
					"end":	4.000057,
					"seconds":	2,
					"bytes":	3716384582,
					"bits_per_second":	14865538328,
					"packets":	417853,
					"omitted":	false,
					"sender":	true
				}],
			"sum":	{
				"start":	2.000057,
				"end":	4.000057,
				"seconds":	2,
				"bytes":	3716384582,
				"bits_per_second":	14865538328,
				"packets":	417853,
				"omitted":	false,
				"sender":	true
			}
		}, {
			"streams":	[{
					"socket":	5,
					"start":	4.000057,
					"end":	6.000057,
					"seconds":	2,
					"bytes":	3716606932,
					"bits_per_second":	14866427728,
					"packets":	417878,
					"omitted":	false,
					"sender":	true
				}],
			"sum":	{
				"start":	4.000057,
				"end":	6.000057,
				"seconds":	2,
				"bytes":	3716606932,
				"bits_per_second":	14866427728,
				"packets":	417878,
				"omitted":	false,
				"sender":	true
			}
		}, {
			"streams":	[{
					"socket":	5,
					"start":	6.000057,
					"end":	8.000057,
					"seconds":	2,
					"bytes":	3717318452,
					"bits_per_second":	14869273808,
					"packets":	417958,
					"omitted":	false,
					"sender":	true
				}],
			"sum":	{
				"start":	6.000057,
				"end":	8.000057,
				"seconds":	2,
				"bytes":	3717318452,
				"bits_per_second":	14869273808,
				"packets":	417958,
				"omitted":	false,
				"sender":	true
			}
		}, {
			"streams":	[{
					"socket":	5,
					"start":	8.000057,
					"end":	10.000223,
					"seconds":	2.0001659393310547,
					"bytes":	3720289048,
					"bits_per_second":	14879921609.880955,
					"packets":	418291,
					"omitted":	false,
					"sender":	true
				}],
			"sum":	{
				"start":	8.000057,
				"end":	10.000223,
				"seconds":	2.0001659393310547,
				"bytes":	3720289048,
				"bits_per_second":	14879921609.880955,
				"packets":	418291,
				"omitted":	false,
				"sender":	true
			}
		}],
	"end":	{
		"streams":	[{
				"udp":	{
					"socket":	5,
					"start":	0,
					"end":	10.000223,
					"seconds":	10.000223,
					"bytes":	18623413420,
					"bits_per_second":	14898398501.713411,
					"jitter_ms":	0.0049596009699002016,
					"lost_packets":	779411,
					"packets":	2093930,
					"lost_percent":	37.222399984717732,
					"out_of_order":	0,
					"sender":	true
				}
			}],
		"sum":	{
			"start":	0,
			"end":	10.000338,
			"seconds":	10.000338,
			"bytes":	18623413420,
			"bits_per_second":	14898398501.713411,
			"jitter_ms":	0.0049596009699002016,
			"lost_packets":	779411,
			"packets":	2093930,
			"lost_percent":	37.222399984717732,
			"sender":	true
		},
		"sum_sent":	{
			"start":	0,
			"end":	10.000223,
			"seconds":	10.000223,
			"bytes":	18623413420,
			"bits_per_second":	14898398501.713411,
			"jitter_ms":	0,
			"lost_packets":	0,
			"packets":	2093930,
			"lost_percent":	0,
			"sender":	true
		},
		"sum_received":	{
			"start":	0,
			"end":	10.000338,
			"seconds":	10.000338,
			"bytes":	11691331986,
			"bits_per_second":	9352749465.8680534,
			"jitter_ms":	0.0049596009699002016,
			"lost_packets":	779411,
			"packets":	2093930,
			"lost_percent":	37.222399984717732,
			"sender":	false
		},
		"cpu_utilization_percent":	{
			"host_total":	100.16530677545796,
			"host_user":	4.4043176545876328,
			"host_system":	95.76097912167026,
			"remote_total":	62.428854990075344,
			"remote_user":	8.0790172343967956,
			"remote_system":	54.349837755678557
		}
	}
}
