{
	"start":	{
		"connected":	[{
				"socket":	5,
				"local_host":	"192.0.1.254",
				"local_port":	42680,
				"remote_host":	"192.0.2.254",
				"remote_port":	5201
			}],
		"version":	"iperf 3.16",
		"system_info":	"Linux lab-dd2 6.8.0-100-generic #100-Ubuntu SMP PREEMPT_DYNAMIC Tue Jan 13 16:40:06 UTC 2026 x86_64",
		"timestamp":	{
			"time":	"Thu, 19 Mar 2026 06:14:11 GMT",
			"timesecs":	1773900851
		},
		"connecting_to":	{
			"host":	"192.0.2.254",
			"port":	5201
		},
		"cookie":	"6trx2julg6cxc5comcwxlljn2nns7gvcko5t",
		"target_bitrate":	14000000000,
		"fq_rate":	0,
		"sock_bufsize":	0,
		"sndbuf_actual":	212992,
		"rcvbuf_actual":	212992,
		"test_start":	{
			"protocol":	"UDP",
			"num_streams":	1,
			"blksize":	8894,
			"omit":	0,
			"duration":	10,
			"bytes":	0,
			"blocks":	0,
			"reverse":	0,
			"tos":	0,
			"target_bitrate":	14000000000,
			"bidir":	0,
			"fqrate":	0
		}
	},
	"intervals":	[{
			"streams":	[{
					"socket":	5,
					"start":	0,
					"end":	2.000059,
					"seconds":	2.0000588893890381,
					"bytes":	3103623558,
					"bits_per_second":	12414128701.772655,
					"packets":	348958,
					"omitted":	false,
					"sender":	true
				}],
			"sum":	{
				"start":	0,
				"end":	2.000059,
				"seconds":	2.0000588893890381,
				"bytes":	3103623558,
				"bits_per_second":	12414128701.772655,
				"packets":	348958,
				"omitted":	false,
				"sender":	true
			}
		}, {
			"streams":	[{
					"socket":	5,
					"start":	2.000059,
					"end":	4.00006,
					"seconds":	2.0000009536743164,
					"bytes":	3318867252,
					"bits_per_second":	13275462677.766104,
					"packets":	373158,
					"omitted":	false,
					"sender":	true
				}],
			"sum":	{
				"start":	2.000059,
				"end":	4.00006,
				"seconds":	2.0000009536743164,
				"bytes":	3318867252,
				"bits_per_second":	13275462677.766104,
				"packets":	373158,
				"omitted":	false,
				"sender":	true
			}
		}, {
			"streams":	[{
					"socket":	5,
					"start":	4.00006,
					"end":	6.00006,
					"seconds":	2,
					"bytes":	3318609326,
					"bits_per_second":	13274437304,
					"packets":	373129,
					"omitted":	false,
					"sender":	true
				}],
			"sum":	{
				"start":	4.00006,
				"end":	6.00006,
				"seconds":	2,
				"bytes":	3318609326,
				"bits_per_second":	13274437304,
				"packets":	373129,
				"omitted":	false,
				"sender":	true
			}
		}, {
			"streams":	[{
					"socket":	5,
					"start":	6.00006,
					"end":	8.00006,
					"seconds":	2,
					"bytes":	4064540212,
					"bits_per_second":	16258160848,
					"packets":	456998,
					"omitted":	false,
					"sender":	true
				}],
			"sum":	{
				"start":	6.00006,
				"end":	8.00006,
				"seconds":	2,
				"bytes":	4064540212,
				"bits_per_second":	16258160848,
				"packets":	456998,
				"omitted":	false,
				"sender":	true
			}
		}, {
			"streams":	[{
					"socket":	5,
					"start":	8.00006,
					"end":	10.000196,
					"seconds":	2.0001358985900879,
					"bytes":	3604569214,
					"bits_per_second":	14417297210.818087,
					"packets":	405280,
					"omitted":	false,
					"sender":	true
				}],
			"sum":	{
				"start":	8.00006,
				"end":	10.000196,
				"seconds":	2.0001358985900879,
				"bytes":	3604569214,
				"bits_per_second":	14417297210.818087,
				"packets":	405280,
				"omitted":	false,
				"sender":	true
			}
		}],
	"end":	{
		"streams":	[{
				"udp":	{
					"socket":	5,
					"start":	0,
					"end":	10.000196,
					"seconds":	10.000196,
					"bytes":	17410209562,
					"bits_per_second":	13927894662.864607,
					"jitter_ms":	0.00470508349405984,
					"lost_packets":	678943,
					"packets":	1957523,
					"lost_percent":	34.683781493244268,
					"out_of_order":	0,
					"sender":	true
				}
			}],
		"sum":	{
			"start":	0,
			"end":	10.002639,
			"seconds":	10.002639,
			"bytes":	17410209562,
			"bits_per_second":	13927894662.864607,
			"jitter_ms":	0.00470508349405984,
			"lost_packets":	678943,
			"packets":	1957523,
			"lost_percent":	34.683781493244268,
			"sender":	true
		},
		"sum_sent":	{
			"start":	0,
			"end":	10.000196,
			"seconds":	10.000196,
			"bytes":	17410209562,
			"bits_per_second":	13927894662.864607,
			"jitter_ms":	0,
			"lost_packets":	0,
			"packets":	1957523,
			"lost_percent":	0,
			"sender":	true
		},
		"sum_received":	{
			"start":	0,
			"end":	10.002639,
			"seconds":	10.002639,
			"bytes":	11371619368,
			"bits_per_second":	9094895351.5167351,
			"jitter_ms":	0.00470508349405984,
			"lost_packets":	678943,
			"packets":	1957515,
			"lost_percent":	34.683781493244268,
			"sender":	false
		},
		"cpu_utilization_percent":	{
			"host_total":	69.9252613961272,
			"host_user":	4.5529812747519633,
			"host_system":	65.3722701220972,
			"remote_total":	66.6373410870166,
			"remote_user":	8.8826914163895072,
			"remote_system":	57.754669665340487
		}
	}
}
