{
	"start":	{
		"connected":	[{
				"socket":	5,
				"local_host":	"192.0.1.254",
				"local_port":	51410,
				"remote_host":	"192.0.2.254",
				"remote_port":	5201
			}],
		"version":	"iperf 3.16",
		"system_info":	"Linux lab-dd2 6.8.0-100-generic #100-Ubuntu SMP PREEMPT_DYNAMIC Tue Jan 13 16:40:06 UTC 2026 x86_64",
		"timestamp":	{
			"time":	"Thu, 19 Mar 2026 06:10:51 GMT",
			"timesecs":	1773900651
		},
		"connecting_to":	{
			"host":	"192.0.2.254",
			"port":	5201
		},
		"cookie":	"pdljaexzaqfecic5aai6z5r7odsbziylxxbd",
		"target_bitrate":	12000000000,
		"fq_rate":	0,
		"sock_bufsize":	0,
		"sndbuf_actual":	212992,
		"rcvbuf_actual":	212992,
		"test_start":	{
			"protocol":	"UDP",
			"num_streams":	1,
			"blksize":	8894,
			"omit":	0,
			"duration":	10,
			"bytes":	0,
			"blocks":	0,
			"reverse":	0,
			"tos":	0,
			"target_bitrate":	12000000000,
			"bidir":	0,
			"fqrate":	0
		}
	},
	"intervals":	[{
			"streams":	[{
					"socket":	5,
					"start":	0,
					"end":	2.000057,
					"seconds":	2.0000569820404053,
					"bytes":	2996602056,
					"bits_per_second":	11986066728.730682,
					"packets":	336925,
					"omitted":	false,
					"sender":	true
				}],
			"sum":	{
				"start":	0,
				"end":	2.000057,
				"seconds":	2.0000569820404053,
				"bytes":	2996602056,
				"bits_per_second":	11986066728.730682,
				"packets":	336925,
				"omitted":	false,
				"sender":	true
			}
		}, {
			"streams":	[{
					"socket":	5,
					"start":	2.000057,
					"end":	4.000057,
					"seconds":	2,
					"bytes":	3002294216,
					"bits_per_second":	12009176864,
					"packets":	337564,
					"omitted":	false,
					"sender":	true
				}],
			"sum":	{
				"start":	2.000057,
				"end":	4.000057,
				"seconds":	2,
				"bytes":	3002294216,
				"bits_per_second":	12009176864,
				"packets":	337564,
				"omitted":	false,
				"sender":	true
			}
		}, {
			"streams":	[{
					"socket":	5,
					"start":	4.000057,
					"end":	6.000058,
					"seconds":	2.0000009536743164,
					"bytes":	2996913346,
					"bits_per_second":	11987647667.844152,
					"packets":	336959,
					"omitted":	false,
					"sender":	true
				}],
			"sum":	{
				"start":	4.000057,
				"end":	6.000058,
				"seconds":	2.0000009536743164,
				"bytes":	2996913346,
				"bits_per_second":	11987647667.844152,
				"packets":	336959,
				"omitted":	false,
				"sender":	true
			}
		}, {
			"streams":	[{
					"socket":	5,
					"start":	6.000058,
					"end":	8.000057,
					"seconds":	1.9999990463256836,
					"bytes":	3003948500,
					"bits_per_second":	12015799729.579796,
					"packets":	337750,
					"omitted":	false,
					"sender":	true
				}],
			"sum":	{
				"start":	6.000058,
				"end":	8.000057,
				"seconds":	1.9999990463256836,
				"bytes":	3003948500,
				"bits_per_second":	12015799729.579796,
				"packets":	337750,
				"omitted":	false,
				"sender":	true
			}
		}, {
			"streams":	[{
					"socket":	5,
					"start":	8.000057,
					"end":	10.00026,
					"seconds":	2.0002028942108154,
					"bytes":	2999136846,
					"bits_per_second":	11995330492.443132,
					"packets":	337208,
					"omitted":	false,
					"sender":	true
				}],
			"sum":	{
				"start":	8.000057,
				"end":	10.00026,
				"seconds":	2.0002028942108154,
				"bytes":	2999136846,
				"bits_per_second":	11995330492.443132,
				"packets":	337208,
				"omitted":	false,
				"sender":	true
			}
		}],
	"end":	{
		"streams":	[{
				"udp":	{
					"socket":	5,
					"start":	0,
					"end":	10.00026,
					"seconds":	10.00026,
					"bytes":	14998894964,
					"bits_per_second":	11998804002.295938,
					"jitter_ms":	0.0061062044523171963,
					"lost_packets":	509484,
					"packets":	1686406,
					"lost_percent":	30.211230273137073,
					"out_of_order":	0,
					"sender":	true
				}
			}],
		"sum":	{
			"start":	0,
			"end":	10.000384,
			"seconds":	10.000384,
			"bytes":	14998894964,
			"bits_per_second":	11998804002.295938,
			"jitter_ms":	0.0061062044523171963,
			"lost_packets":	509484,
			"packets":	1686406,
			"lost_percent":	30.211230273137073,
			"sender":	true
		},
		"sum_sent":	{
			"start":	0,
			"end":	10.00026,
			"seconds":	10.00026,
			"bytes":	14998894964,
			"bits_per_second":	11998804002.295938,
			"jitter_ms":	0,
			"lost_packets":	0,
			"packets":	1686406,
			"lost_percent":	0,
			"sender":	true
		},
		"sum_received":	{
			"start":	0,
			"end":	10.000384,
			"seconds":	10.000384,
			"bytes":	10467526480,
			"bits_per_second":	8373699633.9340563,
			"jitter_ms":	0.0061062044523171963,
			"lost_packets":	509484,
			"packets":	1686404,
			"lost_percent":	30.211230273137073,
			"sender":	false
		},
		"cpu_utilization_percent":	{
			"host_total":	66.9761840933914,
			"host_user":	18.603402895177673,
			"host_system":	48.3727811982137,
			"remote_total":	61.5819498293717,
			"remote_user":	7.950197557236,
			"remote_system":	53.6317422725287
		}
	}
}
