{
	"start":	{
		"connected":	[{
				"socket":	5,
				"local_host":	"192.0.1.254",
				"local_port":	44124,
				"remote_host":	"192.0.2.254",
				"remote_port":	5201
			}],
		"version":	"iperf 3.16",
		"system_info":	"Linux lab-dd2 6.8.0-100-generic #100-Ubuntu SMP PREEMPT_DYNAMIC Tue Jan 13 16:40:06 UTC 2026 x86_64",
		"timestamp":	{
			"time":	"Thu, 19 Mar 2026 06:20:51 GMT",
			"timesecs":	1773901251
		},
		"connecting_to":	{
			"host":	"192.0.2.254",
			"port":	5201
		},
		"cookie":	"6enk5xqzt26utid2a6c54w4xmgdk7oxkaqp2",
		"target_bitrate":	18000000000,
		"fq_rate":	0,
		"sock_bufsize":	0,
		"sndbuf_actual":	212992,
		"rcvbuf_actual":	212992,
		"test_start":	{
			"protocol":	"UDP",
			"num_streams":	1,
			"blksize":	8894,
			"omit":	0,
			"duration":	10,
			"bytes":	0,
			"blocks":	0,
			"reverse":	0,
			"tos":	0,
			"target_bitrate":	18000000000,
			"bidir":	0,
			"fqrate":	0
		}
	},
	"intervals":	[{
			"streams":	[{
					"socket":	5,
					"start":	0,
					"end":	2.000055,
					"seconds":	2.0000550746917725,
					"bytes":	4146204920,
					"bits_per_second":	16584362990.660023,
					"packets":	466181,
					"omitted":	false,
					"sender":	true
				}],
			"sum":	{
				"start":	0,
				"end":	2.000055,
				"seconds":	2.0000550746917725,
				"bytes":	4146204920,
				"bits_per_second":	16584362990.660023,
				"packets":	466181,
				"omitted":	false,
				"sender":	true
			}
		}, {
			"streams":	[{
					"socket":	5,
					"start":	2.000055,
					"end":	4.000057,
					"seconds":	2.0000019073486328,
					"bytes":	4484728348,
					"bits_per_second":	17938896284.135349,
					"packets":	504242,
					"omitted":	false,
					"sender":	true
				}],
			"sum":	{
				"start":	2.000055,
				"end":	4.000057,
				"seconds":	2.0000019073486328,
				"bytes":	4484728348,
				"bits_per_second":	17938896284.135349,
				"packets":	504242,
				"omitted":	false,
				"sender":	true
			}
		}, {
			"streams":	[{
					"socket":	5,
					"start":	4.000057,
					"end":	6.000057,
					"seconds":	2,
					"bytes":	4478760474,
					"bits_per_second":	17915041896,
					"packets":	503572,
					"omitted":	false,
					"sender":	true
				}],
			"sum":	{
				"start":	4.000057,
				"end":	6.000057,
				"seconds":	2,
				"bytes":	4478760474,
				"bits_per_second":	17915041896,
				"packets":	503572,
				"omitted":	false,
				"sender":	true
			}
		}, {
			"streams":	[{
					"socket":	5,
					"start":	6.000057,
					"end":	8.000058,
					"seconds":	2.0000009536743164,
					"bytes":	4478386926,
					"bits_per_second":	17913539162.158894,
					"packets":	503529,
					"omitted":	false,
					"sender":	true
				}],
			"sum":	{
				"start":	6.000057,
				"end":	8.000058,
				"seconds":	2.0000009536743164,
				"bytes":	4478386926,
				"bits_per_second":	17913539162.158894,
				"packets":	503529,
				"omitted":	false,
				"sender":	true
			}
		}, {
			"streams":	[{
					"socket":	5,
					"start":	8.000058,
					"end":	10.000298,
					"seconds":	2.0002400875091553,
					"bytes":	4480201302,
					"bits_per_second":	17918654185.4746,
					"packets":	503732,
					"omitted":	false,
					"sender":	true
				}],
			"sum":	{
				"start":	8.000058,
				"end":	10.000298,
				"seconds":	2.0002400875091553,
				"bytes":	4480201302,
				"bits_per_second":	17918654185.4746,
				"packets":	503732,
				"omitted":	false,
				"sender":	true
			}
		}],
	"end":	{
		"streams":	[{
				"udp":	{
					"socket":	5,
					"start":	0,
					"end":	10.000298,
					"seconds":	10.000298,
					"bytes":	22068290864,
					"bits_per_second":	17654106598.823353,
					"jitter_ms":	0.0048129268960905077,
					"lost_packets":	1007319,
					"packets":	2481256,
					"lost_percent":	40.597141125301057,
					"out_of_order":	0,
					"sender":	true
				}
			}],
		"sum":	{
			"start":	0,
			"end":	10.003241,
			"seconds":	10.003241,
			"bytes":	22068290864,
			"bits_per_second":	17654106598.823353,
			"jitter_ms":	0.0048129268960905077,
			"lost_packets":	1007319,
			"packets":	2481256,
			"lost_percent":	40.597141125301057,
			"sender":	true
		},
		"sum_sent":	{
			"start":	0,
			"end":	10.000298,
			"seconds":	10.000298,
			"bytes":	22068290864,
			"bits_per_second":	17654106598.823353,
			"jitter_ms":	0,
			"lost_packets":	0,
			"packets":	2481256,
			"lost_percent":	0,
			"sender":	true
		},
		"sum_received":	{
			"start":	0,
			"end":	10.003241,
			"seconds":	10.003241,
			"bytes":	13109062268,
			"bits_per_second":	10483851997.967459,
			"jitter_ms":	0.0048129268960905077,
			"lost_packets":	1007319,
			"packets":	2481241,
			"lost_percent":	40.597141125301057,
			"sender":	false
		},
		"cpu_utilization_percent":	{
			"host_total":	99.8589761613319,
			"host_user":	5.15574915114728,
			"host_system":	94.7032470078929,
			"remote_total":	69.2129727051681,
			"remote_user":	9.02292845054642,
			"remote_system":	60.190054251373724
		}
	}
}
