{
	"start":	{
		"connected":	[{
				"socket":	5,
				"local_host":	"192.0.1.254",
				"local_port":	40453,
				"remote_host":	"192.0.2.254",
				"remote_port":	5201
			}],
		"version":	"iperf 3.16",
		"system_info":	"Linux lab-dd2 6.8.0-100-generic #100-Ubuntu SMP PREEMPT_DYNAMIC Tue Jan 13 16:40:06 UTC 2026 x86_64",
		"timestamp":	{
			"time":	"Thu, 19 Mar 2026 06:11:11 GMT",
			"timesecs":	1773900671
		},
		"connecting_to":	{
			"host":	"192.0.2.254",
			"port":	5201
		},
		"cookie":	"gb2jg35l5zqtw5p62v23troqbmrqxa47eopw",
		"target_bitrate":	12000000000,
		"fq_rate":	0,
		"sock_bufsize":	0,
		"sndbuf_actual":	212992,
		"rcvbuf_actual":	212992,
		"test_start":	{
			"protocol":	"UDP",
			"num_streams":	1,
			"blksize":	8894,
			"omit":	0,
			"duration":	10,
			"bytes":	0,
			"blocks":	0,
			"reverse":	0,
			"tos":	0,
			"target_bitrate":	12000000000,
			"bidir":	0,
			"fqrate":	0
		}
	},
	"intervals":	[{
			"streams":	[{
					"socket":	5,
					"start":	0,
					"end":	2.000055,
					"seconds":	2.0000550746917725,
					"bytes":	2999288044,
					"bits_per_second":	11996821815.368135,
					"packets":	337227,
					"omitted":	false,
					"sender":	true
				}],
			"sum":	{
				"start":	0,
				"end":	2.000055,
				"seconds":	2.0000550746917725,
				"bytes":	2999288044,
				"bits_per_second":	11996821815.368135,
				"packets":	337227,
				"omitted":	false,
				"sender":	true
			}
		}, {
			"streams":	[{
					"socket":	5,
					"start":	2.000055,
					"end":	4.000056,
					"seconds":	2.0000009536743164,
					"bytes":	2998309704,
					"bits_per_second":	11993233097.180813,
					"packets":	337115,
					"omitted":	false,
					"sender":	true
				}],
			"sum":	{
				"start":	2.000055,
				"end":	4.000056,
				"seconds":	2.0000009536743164,
				"bytes":	2998309704,
				"bits_per_second":	11993233097.180813,
				"packets":	337115,
				"omitted":	false,
				"sender":	true
			}
		}, {
			"streams":	[{
					"socket":	5,
					"start":	4.000056,
					"end":	6.000058,
					"seconds":	2.0000019073486328,
					"bytes":	3002062972,
					"bits_per_second":	12008240436.049511,
					"packets":	337539,
					"omitted":	false,
					"sender":	true
				}],
			"sum":	{
				"start":	4.000056,
				"end":	6.000058,
				"seconds":	2.0000019073486328,
				"bytes":	3002062972,
				"bits_per_second":	12008240436.049511,
				"packets":	337539,
				"omitted":	false,
				"sender":	true
			}
		}, {
			"streams":	[{
					"socket":	5,
					"start":	6.000058,
					"end":	8.000056,
					"seconds":	1.9999979734420776,
					"bytes":	3000150762,
					"bits_per_second":	12000615207.970911,
					"packets":	337323,
					"omitted":	false,
					"sender":	true
				}],
			"sum":	{
				"start":	6.000058,
				"end":	8.000056,
				"seconds":	1.9999979734420776,
				"bytes":	3000150762,
				"bits_per_second":	12000615207.970911,
				"packets":	337323,
				"omitted":	false,
				"sender":	true
			}
		}, {
			"streams":	[{
					"socket":	5,
					"start":	8.000056,
					"end":	10.000275,
					"seconds":	2.0002191066741943,
					"bytes":	2999786108,
					"bits_per_second":	11997830029.682323,
					"packets":	337281,
					"omitted":	false,
					"sender":	true
				}],
			"sum":	{
				"start":	8.000056,
				"end":	10.000275,
				"seconds":	2.0002191066741943,
				"bytes":	2999786108,
				"bits_per_second":	11997830029.682323,
				"packets":	337281,
				"omitted":	false,
				"sender":	true
			}
		}],
	"end":	{
		"streams":	[{
				"udp":	{
					"socket":	5,
					"start":	0,
					"end":	10.000275,
					"seconds":	10.000275,
					"bytes":	14999597590,
					"bits_per_second":	11999348089.927526,
					"jitter_ms":	0.0060250788787851667,
					"lost_packets":	482129,
					"packets":	1686485,
					"lost_percent":	28.587802441172023,
					"out_of_order":	0,
					"sender":	true
				}
			}],
		"sum":	{
			"start":	0,
			"end":	10.000411,
			"seconds":	10.000411,
			"bytes":	14999597590,
			"bits_per_second":	11999348089.927526,
			"jitter_ms":	0.0060250788787851667,
			"lost_packets":	482129,
			"packets":	1686485,
			"lost_percent":	28.587802441172023,
			"sender":	true
		},
		"sum_sent":	{
			"start":	0,
			"end":	10.000275,
			"seconds":	10.000275,
			"bytes":	14999597590,
			"bits_per_second":	11999348089.927526,
			"jitter_ms":	0,
			"lost_packets":	0,
			"packets":	1686485,
			"lost_percent":	0,
			"sender":	true
		},
		"sum_received":	{
			"start":	0,
			"end":	10.000411,
			"seconds":	10.000411,
			"bytes":	10711542264,
			"bits_per_second":	8568881630.165,
			"jitter_ms":	0.0060250788787851667,
			"lost_packets":	482129,
			"packets":	1686485,
			"lost_percent":	28.587802441172023,
			"sender":	false
		},
		"cpu_utilization_percent":	{
			"host_total":	69.774864121454726,
			"host_user":	7.0304679709393847,
			"host_system":	62.744416148461553,
			"remote_total":	61.820459722737617,
			"remote_user":	7.88975941908034,
			"remote_system":	53.9307103032383
		}
	}
}
