{
	"start":	{
		"connected":	[{
				"socket":	5,
				"local_host":	"192.0.1.254",
				"local_port":	51863,
				"remote_host":	"192.0.2.254",
				"remote_port":	5201
			}],
		"version":	"iperf 3.16",
		"system_info":	"Linux lab-dd2 6.8.0-100-generic #100-Ubuntu SMP PREEMPT_DYNAMIC Tue Jan 13 16:40:06 UTC 2026 x86_64",
		"timestamp":	{
			"time":	"Thu, 19 Mar 2026 06:14:31 GMT",
			"timesecs":	1773900871
		},
		"connecting_to":	{
			"host":	"192.0.2.254",
			"port":	5201
		},
		"cookie":	"jkv3u7ctuqfxhsgr27vuuwsfg45bhcllzlub",
		"target_bitrate":	14000000000,
		"fq_rate":	0,
		"sock_bufsize":	0,
		"sndbuf_actual":	212992,
		"rcvbuf_actual":	212992,
		"test_start":	{
			"protocol":	"UDP",
			"num_streams":	1,
			"blksize":	8894,
			"omit":	0,
			"duration":	10,
			"bytes":	0,
			"blocks":	0,
			"reverse":	0,
			"tos":	0,
			"target_bitrate":	14000000000,
			"bidir":	0,
			"fqrate":	0
		}
	},
	"intervals":	[{
			"streams":	[{
					"socket":	5,
					"start":	0,
					"end":	2.000058,
					"seconds":	2.0000579357147217,
					"bytes":	3356791268,
					"bits_per_second":	13426776127.064335,
					"packets":	377423,
					"omitted":	false,
					"sender":	true
				}],
			"sum":	{
				"start":	0,
				"end":	2.000058,
				"seconds":	2.0000579357147217,
				"bytes":	3356791268,
				"bits_per_second":	13426776127.064335,
				"packets":	377423,
				"omitted":	false,
				"sender":	true
			}
		}, {
			"streams":	[{
					"socket":	5,
					"start":	2.000058,
					"end":	4.000057,
					"seconds":	1.9999990463256836,
					"bytes":	3630166146,
					"bits_per_second":	14520671507.995737,
					"packets":	408159,
					"omitted":	false,
					"sender":	true
				}],
			"sum":	{
				"start":	2.000058,
				"end":	4.000057,
				"seconds":	1.9999990463256836,
				"bytes":	3630166146,
				"bits_per_second":	14520671507.995737,
				"packets":	408159,
				"omitted":	false,
				"sender":	true
			}
		}, {
			"streams":	[{
					"socket":	5,
					"start":	4.000057,
					"end":	6.000058,
					"seconds":	2.0000009536743164,
					"bytes":	3448177118,
					"bits_per_second":	13792701895.127224,
					"packets":	387697,
					"omitted":	false,
					"sender":	true
				}],
			"sum":	{
				"start":	4.000057,
				"end":	6.000058,
				"seconds":	2.0000009536743164,
				"bytes":	3448177118,
				"bits_per_second":	13792701895.127224,
				"packets":	387697,
				"omitted":	false,
				"sender":	true
			}
		}, {
			"streams":	[{
					"socket":	5,
					"start":	6.000058,
					"end":	8.000057,
					"seconds":	1.9999990463256836,
					"bytes":	3564403910,
					"bits_per_second":	14257622438.564167,
					"packets":	400765,
					"omitted":	false,
					"sender":	true
				}],
			"sum":	{
				"start":	6.000058,
				"end":	8.000057,
				"seconds":	1.9999990463256836,
				"bytes":	3564403910,
				"bits_per_second":	14257622438.564167,
				"packets":	400765,
				"omitted":	false,
				"sender":	true
			}
		}, {
			"streams":	[{
					"socket":	5,
					"start":	8.000057,
					"end":	10.00016,
					"seconds":	2.0001029968261719,
					"bytes":	3307954314,
					"bits_per_second":	13231135873.499191,
					"packets":	371930,
					"omitted":	false,
					"sender":	true
				}],
			"sum":	{
				"start":	8.000057,
				"end":	10.00016,
				"seconds":	2.0001029968261719,
				"bytes":	3307954314,
				"bits_per_second":	13231135873.499191,
				"packets":	371930,
				"omitted":	false,
				"sender":	true
			}
		}],
	"end":	{
		"streams":	[{
				"udp":	{
					"socket":	5,
					"start":	0,
					"end":	10.00016,
					"seconds":	10.00016,
					"bytes":	17307492756,
					"bits_per_second":	13845772672.437243,
					"jitter_ms":	0.0063245813079811052,
					"lost_packets":	668987,
					"packets":	1945974,
					"lost_percent":	34.378002994901266,
					"out_of_order":	0,
					"sender":	true
				}
			}],
		"sum":	{
			"start":	0,
			"end":	10.00027,
			"seconds":	10.00027,
			"bytes":	17307492756,
			"bits_per_second":	13845772672.437243,
			"jitter_ms":	0.0063245813079811052,
			"lost_packets":	668987,
			"packets":	1945974,
			"lost_percent":	34.378002994901266,
			"sender":	true
		},
		"sum_sent":	{
			"start":	0,
			"end":	10.00016,
			"seconds":	10.00016,
			"bytes":	17307492756,
			"bits_per_second":	13845772672.437243,
			"jitter_ms":	0,
			"lost_packets":	0,
			"packets":	1945974,
			"lost_percent":	0,
			"sender":	true
		},
		"sum_received":	{
			"start":	0,
			"end":	10.00027,
			"seconds":	10.00027,
			"bytes":	11357522378,
			"bits_per_second":	9085772586.540163,
			"jitter_ms":	0.0063245813079811052,
			"lost_packets":	668987,
			"packets":	1945974,
			"lost_percent":	34.378002994901266,
			"sender":	false
		},
		"cpu_utilization_percent":	{
			"host_total":	67.9717874880347,
			"host_user":	4.5784586870004844,
			"host_system":	63.3933088026561,
			"remote_total":	64.04969941835617,
			"remote_user":	8.6619391980902929,
			"remote_system":	55.3877802197099
		}
	}
}
