{
	"start":	{
		"connected":	[{
				"socket":	5,
				"local_host":	"192.0.1.254",
				"local_port":	56758,
				"remote_host":	"192.0.2.254",
				"remote_port":	5201
			}],
		"version":	"iperf 3.16",
		"system_info":	"Linux lab-dd2 6.8.0-100-generic #100-Ubuntu SMP PREEMPT_DYNAMIC Tue Jan 13 16:40:06 UTC 2026 x86_64",
		"timestamp":	{
			"time":	"Thu, 19 Mar 2026 06:22:31 GMT",
			"timesecs":	1773901351
		},
		"connecting_to":	{
			"host":	"192.0.2.254",
			"port":	5201
		},
		"cookie":	"fazt7dtmlhiml2rp5bvtzt5ipikv7ovf6jzj",
		"target_bitrate":	19000000000,
		"fq_rate":	0,
		"sock_bufsize":	0,
		"sndbuf_actual":	212992,
		"rcvbuf_actual":	212992,
		"test_start":	{
			"protocol":	"UDP",
			"num_streams":	1,
			"blksize":	8894,
			"omit":	0,
			"duration":	10,
			"bytes":	0,
			"blocks":	0,
			"reverse":	0,
			"tos":	0,
			"target_bitrate":	19000000000,
			"bidir":	0,
			"fqrate":	0
		}
	},
	"intervals":	[{
			"streams":	[{
					"socket":	5,
					"start":	0,
					"end":	2.000055,
					"seconds":	2.0000550746917725,
					"bytes":	4451180180,
					"bits_per_second":	17804230438.748169,
					"packets":	500471,
					"omitted":	false,
					"sender":	true
				}],
			"sum":	{
				"start":	0,
				"end":	2.000055,
				"seconds":	2.0000550746917725,
				"bytes":	4451180180,
				"bits_per_second":	17804230438.748169,
				"packets":	500471,
				"omitted":	false,
				"sender":	true
			}
		}, {
			"streams":	[{
					"socket":	5,
					"start":	2.000055,
					"end":	4.000054,
					"seconds":	1.9999990463256836,
					"bytes":	4445817098,
					"bits_per_second":	17783276871.727207,
					"packets":	499867,
					"omitted":	false,
					"sender":	true
				}],
			"sum":	{
				"start":	2.000055,
				"end":	4.000054,
				"seconds":	1.9999990463256836,
				"bytes":	4445817098,
				"bits_per_second":	17783276871.727207,
				"packets":	499867,
				"omitted":	false,
				"sender":	true
			}
		}, {
			"streams":	[{
					"socket":	5,
					"start":	4.000054,
					"end":	6.000055,
					"seconds":	2.0000009536743164,
					"bytes":	4458900172,
					"bits_per_second":	17835592183.326908,
					"packets":	501338,
					"omitted":	false,
					"sender":	true
				}],
			"sum":	{
				"start":	4.000054,
				"end":	6.000055,
				"seconds":	2.0000009536743164,
				"bytes":	4458900172,
				"bits_per_second":	17835592183.326908,
				"packets":	501338,
				"omitted":	false,
				"sender":	true
			}
		}, {
			"streams":	[{
					"socket":	5,
					"start":	6.000055,
					"end":	8.000055,
					"seconds":	2,
					"bytes":	4427949052,
					"bits_per_second":	17711796208,
					"packets":	497858,
					"omitted":	false,
					"sender":	true
				}],
			"sum":	{
				"start":	6.000055,
				"end":	8.000055,
				"seconds":	2,
				"bytes":	4427949052,
				"bits_per_second":	17711796208,
				"packets":	497858,
				"omitted":	false,
				"sender":	true
			}
		}, {
			"streams":	[{
					"socket":	5,
					"start":	8.000055,
					"end":	10.00021,
					"seconds":	2.000154972076416,
					"bytes":	4450566494,
					"bits_per_second":	17800886655.816452,
					"packets":	500400,
					"omitted":	false,
					"sender":	true
				}],
			"sum":	{
				"start":	8.000055,
				"end":	10.00021,
				"seconds":	2.000154972076416,
				"bytes":	4450566494,
				"bits_per_second":	17800886655.816452,
				"packets":	500400,
				"omitted":	false,
				"sender":	true
			}
		}],
	"end":	{
		"streams":	[{
				"udp":	{
					"socket":	5,
					"start":	0,
					"end":	10.00021,
					"seconds":	10.00021,
					"bytes":	22234412996,
					"bits_per_second":	17787156866.505806,
					"jitter_ms":	0.00361527575334014,
					"lost_packets":	1074803,
					"packets":	2499934,
					"lost_percent":	42.993255021932576,
					"out_of_order":	0,
					"sender":	true
				}
			}],
		"sum":	{
			"start":	0,
			"end":	10.00323,
			"seconds":	10.00323,
			"bytes":	22234412996,
			"bits_per_second":	17787156866.505806,
			"jitter_ms":	0.00361527575334014,
			"lost_packets":	1074803,
			"packets":	2499934,
			"lost_percent":	42.993255021932576,
			"sender":	true
		},
		"sum_sent":	{
			"start":	0,
			"end":	10.00021,
			"seconds":	10.00021,
			"bytes":	22234412996,
			"bits_per_second":	17787156866.505806,
			"jitter_ms":	0,
			"lost_packets":	0,
			"packets":	2499934,
			"lost_percent":	0,
			"sender":	true
		},
		"sum_received":	{
			"start":	0,
			"end":	10.00323,
			"seconds":	10.00323,
			"bytes":	12674874976,
			"bits_per_second":	10136625850.65024,
			"jitter_ms":	0.00361527575334014,
			"lost_packets":	1074803,
			"packets":	2499907,
			"lost_percent":	42.993255021932576,
			"sender":	false
		},
		"cpu_utilization_percent":	{
			"host_total":	100.14304892801297,
			"host_user":	5.9988056924394053,
			"host_system":	94.144243235573569,
			"remote_total":	71.362764145798835,
			"remote_user":	9.76973948927522,
			"remote_system":	61.5930446500557
		}
	}
}
