{
	"start":	{
		"connected":	[{
				"socket":	5,
				"local_host":	"192.0.1.254",
				"local_port":	36809,
				"remote_host":	"192.0.2.254",
				"remote_port":	5201
			}],
		"version":	"iperf 3.16",
		"system_info":	"Linux lab-dd2 6.8.0-100-generic #100-Ubuntu SMP PREEMPT_DYNAMIC Tue Jan 13 16:40:06 UTC 2026 x86_64",
		"timestamp":	{
			"time":	"Thu, 19 Mar 2026 06:03:51 GMT",
			"timesecs":	1773900231
		},
		"connecting_to":	{
			"host":	"192.0.2.254",
			"port":	5201
		},
		"cookie":	"fmj3dtke5xcjw3qhen22ghhhkbzcnuwx7g4k",
		"target_bitrate":	8000000000,
		"fq_rate":	0,
		"sock_bufsize":	0,
		"sndbuf_actual":	212992,
		"rcvbuf_actual":	212992,
		"test_start":	{
			"protocol":	"UDP",
			"num_streams":	1,
			"blksize":	8894,
			"omit":	0,
			"duration":	10,
			"bytes":	0,
			"blocks":	0,
			"reverse":	0,
			"tos":	0,
			"target_bitrate":	8000000000,
			"bidir":	0,
			"fqrate":	0
		}
	},
	"intervals":	[{
			"streams":	[{
					"socket":	5,
					"start":	0,
					"end":	2.000058,
					"seconds":	2.0000579357147217,
					"bytes":	1977536430,
					"bits_per_second":	7909916586.66458,
					"packets":	222346,
					"omitted":	false,
					"sender":	true
				}],
			"sum":	{
				"start":	0,
				"end":	2.000058,
				"seconds":	2.0000579357147217,
				"bytes":	1977536430,
				"bits_per_second":	7909916586.66458,
				"packets":	222346,
				"omitted":	false,
				"sender":	true
			}
		}, {
			"streams":	[{
					"socket":	5,
					"start":	2.000058,
					"end":	4.000057,
					"seconds":	1.9999990463256836,
					"bytes":	1717297990,
					"bits_per_second":	6869195235.4875355,
					"packets":	193086,
					"omitted":	false,
					"sender":	true
				}],
			"sum":	{
				"start":	2.000058,
				"end":	4.000057,
				"seconds":	1.9999990463256836,
				"bytes":	1717297990,
				"bits_per_second":	6869195235.4875355,
				"packets":	193086,
				"omitted":	false,
				"sender":	true
			}
		}, {
			"streams":	[{
					"socket":	5,
					"start":	4.000057,
					"end":	6.000057,
					"seconds":	2,
					"bytes":	705000698,
					"bits_per_second":	2820002792,
					"packets":	79266,
					"omitted":	false,
					"sender":	true
				}],
			"sum":	{
				"start":	4.000057,
				"end":	6.000057,
				"seconds":	2,
				"bytes":	705000698,
				"bits_per_second":	2820002792,
				"packets":	79266,
				"omitted":	false,
				"sender":	true
			}
		}, {
			"streams":	[{
					"socket":	5,
					"start":	6.000057,
					"end":	8.000057,
					"seconds":	2,
					"bytes":	0,
					"bits_per_second":	0,
					"packets":	0,
					"omitted":	false,
					"sender":	true
				}],
			"sum":	{
				"start":	6.000057,
				"end":	8.000057,
				"seconds":	2,
				"bytes":	0,
				"bits_per_second":	0,
				"packets":	0,
				"omitted":	false,
				"sender":	true
			}
		}, {
			"streams":	[{
					"socket":	5,
					"start":	8.000057,
					"end":	10.000059,
					"seconds":	2.0000019073486328,
					"bytes":	0,
					"bits_per_second":	0,
					"packets":	0,
					"omitted":	false,
					"sender":	true
				}],
			"sum":	{
				"start":	8.000057,
				"end":	10.000059,
				"seconds":	2.0000019073486328,
				"bytes":	0,
				"bits_per_second":	0,
				"packets":	0,
				"omitted":	false,
				"sender":	true
			}
		}],
	"end":	{
		"streams":	[{
				"udp":	{
					"socket":	5,
					"start":	0,
					"end":	10.000059,
					"seconds":	10.000059,
					"bytes":	4399844012,
					"bits_per_second":	3519854442.45879,
					"jitter_ms":	0.0057388397377203231,
					"lost_packets":	73477,
					"packets":	494698,
					"lost_percent":	14.852900153224796,
					"out_of_order":	0,
					"sender":	true
				}
			}],
		"sum":	{
			"start":	0,
			"end":	10.000349,
			"seconds":	10.000349,
			"bytes":	4399844012,
			"bits_per_second":	3519854442.45879,
			"jitter_ms":	0.0057388397377203231,
			"lost_packets":	73477,
			"packets":	494698,
			"lost_percent":	14.852900153224796,
			"sender":	true
		},
		"sum_sent":	{
			"start":	0,
			"end":	10.000059,
			"seconds":	10.000059,
			"bytes":	4399844012,
			"bits_per_second":	3519854442.45879,
			"jitter_ms":	0,
			"lost_packets":	0,
			"packets":	494698,
			"lost_percent":	0,
			"sender":	true
		},
		"sum_received":	{
			"start":	0,
			"end":	10.000349,
			"seconds":	10.000349,
			"bytes":	3746277316,
			"bits_per_second":	2996917260.3876123,
			"jitter_ms":	0.0057388397377203231,
			"lost_packets":	73477,
			"packets":	494691,
			"lost_percent":	14.852900153224796,
			"sender":	false
		},
		"cpu_utilization_percent":	{
			"host_total":	28.48518064218667,
			"host_user":	4.1646230672799414,
			"host_system":	24.320547575643676,
			"remote_total":	22.93828963391525,
			"remote_user":	3.01652080194697,
			"remote_system":	19.9217788316063
		}
	}
}
