{
	"start":	{
		"connected":	[{
				"socket":	5,
				"local_host":	"192.0.1.254",
				"local_port":	43576,
				"remote_host":	"192.0.2.254",
				"remote_port":	5201
			}],
		"version":	"iperf 3.16",
		"system_info":	"Linux lab-dd2 6.8.0-100-generic #100-Ubuntu SMP PREEMPT_DYNAMIC Tue Jan 13 16:40:06 UTC 2026 x86_64",
		"timestamp":	{
			"time":	"Thu, 19 Mar 2026 06:09:01 GMT",
			"timesecs":	1773900541
		},
		"connecting_to":	{
			"host":	"192.0.2.254",
			"port":	5201
		},
		"cookie":	"oisgh2gn5vlbx5gm7lpovrghye66q344a4ki",
		"target_bitrate":	11000000000,
		"fq_rate":	0,
		"sock_bufsize":	0,
		"sndbuf_actual":	212992,
		"rcvbuf_actual":	212992,
		"test_start":	{
			"protocol":	"UDP",
			"num_streams":	1,
			"blksize":	8894,
			"omit":	0,
			"duration":	10,
			"bytes":	0,
			"blocks":	0,
			"reverse":	0,
			"tos":	0,
			"target_bitrate":	11000000000,
			"bidir":	0,
			"fqrate":	0
		}
	},
	"intervals":	[{
			"streams":	[{
					"socket":	5,
					"start":	0,
					"end":	2.000063,
					"seconds":	2.0000629425048828,
					"bytes":	2749268810,
					"bits_per_second":	10996729159.1606,
					"packets":	309116,
					"omitted":	false,
					"sender":	true
				}],
			"sum":	{
				"start":	0,
				"end":	2.000063,
				"seconds":	2.0000629425048828,
				"bytes":	2749268810,
				"bits_per_second":	10996729159.1606,
				"packets":	309116,
				"omitted":	false,
				"sender":	true
			}
		}, {
			"streams":	[{
					"socket":	5,
					"start":	2.000063,
					"end":	4.000062,
					"seconds":	1.9999990463256836,
					"bytes":	2750700744,
					"bits_per_second":	11002808222.547806,
					"packets":	309277,
					"omitted":	false,
					"sender":	true
				}],
			"sum":	{
				"start":	2.000063,
				"end":	4.000062,
				"seconds":	1.9999990463256836,
				"bytes":	2750700744,
				"bits_per_second":	11002808222.547806,
				"packets":	309277,
				"omitted":	false,
				"sender":	true
			}
		}, {
			"streams":	[{
					"socket":	5,
					"start":	4.000062,
					"end":	6.000062,
					"seconds":	2,
					"bytes":	2748130378,
					"bits_per_second":	10992521512,
					"packets":	308987,
					"omitted":	false,
					"sender":	true
				}],
			"sum":	{
				"start":	4.000062,
				"end":	6.000062,
				"seconds":	2,
				"bytes":	2748130378,
				"bits_per_second":	10992521512,
				"packets":	308987,
				"omitted":	false,
				"sender":	true
			}
		}, {
			"streams":	[{
					"socket":	5,
					"start":	6.000062,
					"end":	8.000061,
					"seconds":	1.9999990463256836,
					"bytes":	2751510098,
					"bits_per_second":	11006045640.091526,
					"packets":	309366,
					"omitted":	false,
					"sender":	true
				}],
			"sum":	{
				"start":	6.000062,
				"end":	8.000061,
				"seconds":	1.9999990463256836,
				"bytes":	2751510098,
				"bits_per_second":	11006045640.091526,
				"packets":	309366,
				"omitted":	false,
				"sender":	true
			}
		}, {
			"streams":	[{
					"socket":	5,
					"start":	8.000061,
					"end":	10.000255,
					"seconds":	2.0001940727233887,
					"bytes":	2750460606,
					"bits_per_second":	11000774948.823149,
					"packets":	309249,
					"omitted":	false,
					"sender":	true
				}],
			"sum":	{
				"start":	8.000061,
				"end":	10.000255,
				"seconds":	2.0001940727233887,
				"bytes":	2750460606,
				"bits_per_second":	11000774948.823149,
				"packets":	309249,
				"omitted":	false,
				"sender":	true
			}
		}],
	"end":	{
		"streams":	[{
				"udp":	{
					"socket":	5,
					"start":	0,
					"end":	10.000255,
					"seconds":	10.000255,
					"bytes":	13750079530,
					"bits_per_second":	10999783129.5302,
					"jitter_ms":	0.0048201091029400232,
					"lost_packets":	533855,
					"packets":	1545995,
					"lost_percent":	34.531482960811644,
					"out_of_order":	0,
					"sender":	true
				}
			}],
		"sum":	{
			"start":	0,
			"end":	10.000788,
			"seconds":	10.000788,
			"bytes":	13750079530,
			"bits_per_second":	10999783129.5302,
			"jitter_ms":	0.0048201091029400232,
			"lost_packets":	533855,
			"packets":	1545995,
			"lost_percent":	34.531482960811644,
			"sender":	true
		},
		"sum_sent":	{
			"start":	0,
			"end":	10.000255,
			"seconds":	10.000255,
			"bytes":	13750079530,
			"bits_per_second":	10999783129.5302,
			"jitter_ms":	0,
			"lost_packets":	0,
			"packets":	1545995,
			"lost_percent":	0,
			"sender":	true
		},
		"sum_received":	{
			"start":	0,
			"end":	10.000788,
			"seconds":	10.000788,
			"bytes":	9001724128,
			"bits_per_second":	7200811878.42398,
			"jitter_ms":	0.0048201091029400232,
			"lost_packets":	533855,
			"packets":	1545967,
			"lost_percent":	34.531482960811644,
			"sender":	false
		},
		"cpu_utilization_percent":	{
			"host_total":	89.5285369329218,
			"host_user":	42.134621197584565,
			"host_system":	47.393925734490288,
			"remote_total":	53.1498892688142,
			"remote_user":	6.6144434902981715,
			"remote_system":	46.535465776924156
		}
	}
}
