{
	"start":	{
		"connected":	[{
				"socket":	5,
				"local_host":	"192.0.1.254",
				"local_port":	58490,
				"remote_host":	"192.0.2.254",
				"remote_port":	5201
			}],
		"version":	"iperf 3.16",
		"system_info":	"Linux lab-dd2 6.8.0-100-generic #100-Ubuntu SMP PREEMPT_DYNAMIC Tue Jan 13 16:40:06 UTC 2026 x86_64",
		"timestamp":	{
			"time":	"Thu, 19 Mar 2026 06:15:41 GMT",
			"timesecs":	1773900941
		},
		"connecting_to":	{
			"host":	"192.0.2.254",
			"port":	5201
		},
		"cookie":	"seafzhfsaeee6l46n3fufuwqcncujbts4qcb",
		"target_bitrate":	15000000000,
		"fq_rate":	0,
		"sock_bufsize":	0,
		"sndbuf_actual":	212992,
		"rcvbuf_actual":	212992,
		"test_start":	{
			"protocol":	"UDP",
			"num_streams":	1,
			"blksize":	8894,
			"omit":	0,
			"duration":	10,
			"bytes":	0,
			"blocks":	0,
			"reverse":	0,
			"tos":	0,
			"target_bitrate":	15000000000,
			"bidir":	0,
			"fqrate":	0
		}
	},
	"intervals":	[{
			"streams":	[{
					"socket":	5,
					"start":	0,
					"end":	2.000062,
					"seconds":	2.0000619888305664,
					"bytes":	3745610266,
					"bits_per_second":	14981976706.3922,
					"packets":	421140,
					"omitted":	false,
					"sender":	true
				}],
			"sum":	{
				"start":	0,
				"end":	2.000062,
				"seconds":	2.0000619888305664,
				"bytes":	3745610266,
				"bits_per_second":	14981976706.3922,
				"packets":	421140,
				"omitted":	false,
				"sender":	true
			}
		}, {
			"streams":	[{
					"socket":	5,
					"start":	2.000062,
					"end":	4.000061,
					"seconds":	1.9999990463256836,
					"bytes":	3750786574,
					"bits_per_second":	15003153450.061056,
					"packets":	421722,
					"omitted":	false,
					"sender":	true
				}],
			"sum":	{
				"start":	2.000062,
				"end":	4.000061,
				"seconds":	1.9999990463256836,
				"bytes":	3750786574,
				"bits_per_second":	15003153450.061056,
				"packets":	421722,
				"omitted":	false,
				"sender":	true
			}
		}, {
			"streams":	[{
					"socket":	5,
					"start":	4.000061,
					"end":	6.000064,
					"seconds":	2.0000030994415283,
					"bytes":	3751008924,
					"bits_per_second":	15004012443.970369,
					"packets":	421745,
					"omitted":	false,
					"sender":	true
				}],
			"sum":	{
				"start":	4.000061,
				"end":	6.000064,
				"seconds":	2.0000030994415283,
				"bytes":	3751008924,
				"bits_per_second":	15004012443.970369,
				"packets":	421745,
				"omitted":	false,
				"sender":	true
			}
		}, {
			"streams":	[{
					"socket":	5,
					"start":	6.000064,
					"end":	8.000063,
					"seconds":	1.9999990463256836,
					"bytes":	3751346896,
					"bits_per_second":	15005394739.129786,
					"packets":	421785,
					"omitted":	false,
					"sender":	true
				}],
			"sum":	{
				"start":	6.000064,
				"end":	8.000063,
				"seconds":	1.9999990463256836,
				"bytes":	3751346896,
				"bits_per_second":	15005394739.129786,
				"packets":	421785,
				"omitted":	false,
				"sender":	true
			}
		}, {
			"streams":	[{
					"socket":	5,
					"start":	8.000063,
					"end":	10.00026,
					"seconds":	2.0001969337463379,
					"bytes":	3741510132,
					"bits_per_second":	14964567013.877817,
					"packets":	420678,
					"omitted":	false,
					"sender":	true
				}],
			"sum":	{
				"start":	8.000063,
				"end":	10.00026,
				"seconds":	2.0001969337463379,
				"bytes":	3741510132,
				"bits_per_second":	14964567013.877817,
				"packets":	420678,
				"omitted":	false,
				"sender":	true
			}
		}],
	"end":	{
		"streams":	[{
				"udp":	{
					"socket":	5,
					"start":	0,
					"end":	10.00026,
					"seconds":	10.00026,
					"bytes":	18740280580,
					"bits_per_second":	14991834676.298414,
					"jitter_ms":	0.0041180642503811,
					"lost_packets":	806932,
					"packets":	2107070,
					"lost_percent":	38.296402112886618,
					"out_of_order":	0,
					"sender":	true
				}
			}],
		"sum":	{
			"start":	0,
			"end":	10.006289,
			"seconds":	10.006289,
			"bytes":	18740280580,
			"bits_per_second":	14991834676.298414,
			"jitter_ms":	0.0041180642503811,
			"lost_packets":	806932,
			"packets":	2107070,
			"lost_percent":	38.296402112886618,
			"sender":	true
		},
		"sum_sent":	{
			"start":	0,
			"end":	10.00026,
			"seconds":	10.00026,
			"bytes":	18740280580,
			"bits_per_second":	14991834676.298414,
			"jitter_ms":	0,
			"lost_packets":	0,
			"packets":	2107070,
			"lost_percent":	0,
			"sender":	true
		},
		"sum_received":	{
			"start":	0,
			"end":	10.006289,
			"seconds":	10.006289,
			"bytes":	11563276174,
			"bits_per_second":	9244806880.15307,
			"jitter_ms":	0.0041180642503811,
			"lost_packets":	806932,
			"packets":	2107053,
			"lost_percent":	38.296402112886618,
			"sender":	false
		},
		"cpu_utilization_percent":	{
			"host_total":	100.0738637289694,
			"host_user":	5.12637477078196,
			"host_system":	94.9474989573385,
			"remote_total":	63.75739472002374,
			"remote_user":	8.3859210626910361,
			"remote_system":	55.371483651041665
		}
	}
}
