{
	"start":	{
		"connected":	[{
				"socket":	5,
				"local_host":	"192.0.1.254",
				"local_port":	42482,
				"remote_host":	"192.0.2.254",
				"remote_port":	5201
			}],
		"version":	"iperf 3.16",
		"system_info":	"Linux lab-dd2 6.8.0-100-generic #100-Ubuntu SMP PREEMPT_DYNAMIC Tue Jan 13 16:40:06 UTC 2026 x86_64",
		"timestamp":	{
			"time":	"Thu, 19 Mar 2026 06:21:11 GMT",
			"timesecs":	1773901271
		},
		"connecting_to":	{
			"host":	"192.0.2.254",
			"port":	5201
		},
		"cookie":	"codwerbniqt7o2nwb4c2cooxiimm5qcskgzr",
		"target_bitrate":	18000000000,
		"fq_rate":	0,
		"sock_bufsize":	0,
		"sndbuf_actual":	212992,
		"rcvbuf_actual":	212992,
		"test_start":	{
			"protocol":	"UDP",
			"num_streams":	1,
			"blksize":	8894,
			"omit":	0,
			"duration":	10,
			"bytes":	0,
			"blocks":	0,
			"reverse":	0,
			"tos":	0,
			"target_bitrate":	18000000000,
			"bidir":	0,
			"fqrate":	0
		}
	},
	"intervals":	[{
			"streams":	[{
					"socket":	5,
					"start":	0,
					"end":	2.000052,
					"seconds":	2.0000519752502441,
					"bytes":	3771420654,
					"bits_per_second":	15085290585.123417,
					"packets":	424042,
					"omitted":	false,
					"sender":	true
				}],
			"sum":	{
				"start":	0,
				"end":	2.000052,
				"seconds":	2.0000519752502441,
				"bytes":	3771420654,
				"bits_per_second":	15085290585.123417,
				"packets":	424042,
				"omitted":	false,
				"sender":	true
			}
		}, {
			"streams":	[{
					"socket":	5,
					"start":	2.000052,
					"end":	4.000056,
					"seconds":	2.0000040531158447,
					"bytes":	3698303080,
					"bits_per_second":	14793182340.75913,
					"packets":	415820,
					"omitted":	false,
					"sender":	true
				}],
			"sum":	{
				"start":	2.000052,
				"end":	4.000056,
				"seconds":	2.0000040531158447,
				"bytes":	3698303080,
				"bits_per_second":	14793182340.75913,
				"packets":	415820,
				"omitted":	false,
				"sender":	true
			}
		}, {
			"streams":	[{
					"socket":	5,
					"start":	4.000056,
					"end":	6.000055,
					"seconds":	1.9999990463256836,
					"bytes":	3706165376,
					"bits_per_second":	14824668572.952833,
					"packets":	416704,
					"omitted":	false,
					"sender":	true
				}],
			"sum":	{
				"start":	4.000056,
				"end":	6.000055,
				"seconds":	1.9999990463256836,
				"bytes":	3706165376,
				"bits_per_second":	14824668572.952833,
				"packets":	416704,
				"omitted":	false,
				"sender":	true
			}
		}, {
			"streams":	[{
					"socket":	5,
					"start":	6.000055,
					"end":	8.000055,
					"seconds":	2,
					"bytes":	3693695988,
					"bits_per_second":	14774783952,
					"packets":	415302,
					"omitted":	false,
					"sender":	true
				}],
			"sum":	{
				"start":	6.000055,
				"end":	8.000055,
				"seconds":	2,
				"bytes":	3693695988,
				"bits_per_second":	14774783952,
				"packets":	415302,
				"omitted":	false,
				"sender":	true
			}
		}, {
			"streams":	[{
					"socket":	5,
					"start":	8.000055,
					"end":	10.00026,
					"seconds":	2.0002050399780273,
					"bytes":	3698080730,
					"bits_per_second":	14790806566.673281,
					"packets":	415794,
					"omitted":	false,
					"sender":	true
				}],
			"sum":	{
				"start":	8.000055,
				"end":	10.00026,
				"seconds":	2.0002050399780273,
				"bytes":	3698080730,
				"bits_per_second":	14790806566.673281,
				"packets":	415794,
				"omitted":	false,
				"sender":	true
			}
		}],
	"end":	{
		"streams":	[{
				"udp":	{
					"socket":	5,
					"start":	0,
					"end":	10.00026,
					"seconds":	10.00026,
					"bytes":	18567665828,
					"bits_per_second":	14853746464.991909,
					"jitter_ms":	0.00409278114813994,
					"lost_packets":	786833,
					"packets":	2087662,
					"lost_percent":	37.689673903151,
					"out_of_order":	0,
					"sender":	true
				}
			}],
		"sum":	{
			"start":	0,
			"end":	10.000379,
			"seconds":	10.000379,
			"bytes":	18567665828,
			"bits_per_second":	14853746464.991909,
			"jitter_ms":	0.00409278114813994,
			"lost_packets":	786833,
			"packets":	2087662,
			"lost_percent":	37.689673903151,
			"sender":	true
		},
		"sum_sent":	{
			"start":	0,
			"end":	10.00026,
			"seconds":	10.00026,
			"bytes":	18567665828,
			"bits_per_second":	14853746464.991909,
			"jitter_ms":	0,
			"lost_packets":	0,
			"packets":	2087662,
			"lost_percent":	0,
			"sender":	true
		},
		"sum_received":	{
			"start":	0,
			"end":	10.000379,
			"seconds":	10.000379,
			"bytes":	11569466398,
			"bits_per_second":	9255222345.4731064,
			"jitter_ms":	0.00409278114813994,
			"lost_packets":	786833,
			"packets":	2087650,
			"lost_percent":	37.689673903151,
			"sender":	false
		},
		"cpu_utilization_percent":	{
			"host_total":	100.23576939375498,
			"host_user":	5.589701460092388,
			"host_system":	94.646077932788671,
			"remote_total":	64.0200452282587,
			"remote_user":	8.39728670446188,
			"remote_system":	55.622788522641876
		}
	}
}
