{
	"start":	{
		"connected":	[{
				"socket":	5,
				"local_host":	"192.0.1.254",
				"local_port":	58356,
				"remote_host":	"192.0.2.254",
				"remote_port":	5201
			}],
		"version":	"iperf 3.16",
		"system_info":	"Linux lab-dd2 6.8.0-100-generic #100-Ubuntu SMP PREEMPT_DYNAMIC Tue Jan 13 16:40:06 UTC 2026 x86_64",
		"timestamp":	{
			"time":	"Thu, 19 Mar 2026 06:18:51 GMT",
			"timesecs":	1773901131
		},
		"connecting_to":	{
			"host":	"192.0.2.254",
			"port":	5201
		},
		"cookie":	"dw3rdtpcxwb53qgwko22la6ye6olzmit635d",
		"target_bitrate":	17000000000,
		"fq_rate":	0,
		"sock_bufsize":	0,
		"sndbuf_actual":	212992,
		"rcvbuf_actual":	212992,
		"test_start":	{
			"protocol":	"UDP",
			"num_streams":	1,
			"blksize":	8894,
			"omit":	0,
			"duration":	10,
			"bytes":	0,
			"blocks":	0,
			"reverse":	0,
			"tos":	0,
			"target_bitrate":	17000000000,
			"bidir":	0,
			"fqrate":	0
		}
	},
	"intervals":	[{
			"streams":	[{
					"socket":	5,
					"start":	0,
					"end":	2.000057,
					"seconds":	2.0000569820404053,
					"bytes":	3680150426,
					"bits_per_second":	14720182310.988392,
					"packets":	413780,
					"omitted":	false,
					"sender":	true
				}],
			"sum":	{
				"start":	0,
				"end":	2.000057,
				"seconds":	2.0000569820404053,
				"bytes":	3680150426,
				"bits_per_second":	14720182310.988392,
				"packets":	413780,
				"omitted":	false,
				"sender":	true
			}
		}, {
			"streams":	[{
					"socket":	5,
					"start":	2.000057,
					"end":	4.000057,
					"seconds":	2,
					"bytes":	3692050598,
					"bits_per_second":	14768202392,
					"packets":	415117,
					"omitted":	false,
					"sender":	true
				}],
			"sum":	{
				"start":	2.000057,
				"end":	4.000057,
				"seconds":	2,
				"bytes":	3692050598,
				"bits_per_second":	14768202392,
				"packets":	415117,
				"omitted":	false,
				"sender":	true
			}
		}, {
			"streams":	[{
					"socket":	5,
					"start":	4.000057,
					"end":	6.000057,
					"seconds":	2,
					"bytes":	3694718798,
					"bits_per_second":	14778875192,
					"packets":	415417,
					"omitted":	false,
					"sender":	true
				}],
			"sum":	{
				"start":	4.000057,
				"end":	6.000057,
				"seconds":	2,
				"bytes":	3694718798,
				"bits_per_second":	14778875192,
				"packets":	415417,
				"omitted":	false,
				"sender":	true
			}
		}, {
			"streams":	[{
					"socket":	5,
					"start":	6.000057,
					"end":	8.000057,
					"seconds":	2,
					"bytes":	3701629436,
					"bits_per_second":	14806517744,
					"packets":	416194,
					"omitted":	false,
					"sender":	true
				}],
			"sum":	{
				"start":	6.000057,
				"end":	8.000057,
				"seconds":	2,
				"bytes":	3701629436,
				"bits_per_second":	14806517744,
				"packets":	416194,
				"omitted":	false,
				"sender":	true
			}
		}, {
			"streams":	[{
					"socket":	5,
					"start":	8.000057,
					"end":	10.000195,
					"seconds":	2.0001380443573,
					"bytes":	3697378104,
					"bits_per_second":	14788491682.085157,
					"packets":	415715,
					"omitted":	false,
					"sender":	true
				}],
			"sum":	{
				"start":	8.000057,
				"end":	10.000195,
				"seconds":	2.0001380443573,
				"bytes":	3697378104,
				"bits_per_second":	14788491682.085157,
				"packets":	415715,
				"omitted":	false,
				"sender":	true
			}
		}],
	"end":	{
		"streams":	[{
				"udp":	{
					"socket":	5,
					"start":	0,
					"end":	10.000195,
					"seconds":	10.000195,
					"bytes":	18465927362,
					"bits_per_second":	14772453826.75038,
					"jitter_ms":	0.0044824356002561572,
					"lost_packets":	815026,
					"packets":	2076223,
					"lost_percent":	39.255224511047224,
					"out_of_order":	0,
					"sender":	true
				}
			}],
		"sum":	{
			"start":	0,
			"end":	10.002805,
			"seconds":	10.002805,
			"bytes":	18465927362,
			"bits_per_second":	14772453826.75038,
			"jitter_ms":	0.0044824356002561572,
			"lost_packets":	815026,
			"packets":	2076223,
			"lost_percent":	39.255224511047224,
			"sender":	true
		},
		"sum_sent":	{
			"start":	0,
			"end":	10.000195,
			"seconds":	10.000195,
			"bytes":	18465927362,
			"bits_per_second":	14772453826.75038,
			"jitter_ms":	0,
			"lost_packets":	0,
			"packets":	2076223,
			"lost_percent":	0,
			"sender":	true
		},
		"sum_received":	{
			"start":	0,
			"end":	10.002805,
			"seconds":	10.002805,
			"bytes":	11216828192,
			"bits_per_second":	8970946203.1900043,
			"jitter_ms":	0.0044824356002561572,
			"lost_packets":	815026,
			"packets":	2076194,
			"lost_percent":	39.255224511047224,
			"sender":	false
		},
		"cpu_utilization_percent":	{
			"host_total":	100.05328616872447,
			"host_user":	4.90521731487506,
			"host_system":	95.148078853130457,
			"remote_total":	63.857596015519633,
			"remote_user":	8.33949660145499,
			"remote_system":	55.518109411255438
		}
	}
}
