{
	"start":	{
		"connected":	[{
				"socket":	5,
				"local_host":	"192.0.1.254",
				"local_port":	52596,
				"remote_host":	"192.0.2.254",
				"remote_port":	5201
			}],
		"version":	"iperf 3.16",
		"system_info":	"Linux lab-dd2 6.8.0-100-generic #100-Ubuntu SMP PREEMPT_DYNAMIC Tue Jan 13 16:40:06 UTC 2026 x86_64",
		"timestamp":	{
			"time":	"Thu, 19 Mar 2026 06:15:31 GMT",
			"timesecs":	1773900931
		},
		"connecting_to":	{
			"host":	"192.0.2.254",
			"port":	5201
		},
		"cookie":	"xxgbgiibm7ajcqbtpoh4ovyk5xdbkvvi7ewp",
		"target_bitrate":	15000000000,
		"fq_rate":	0,
		"sock_bufsize":	0,
		"sndbuf_actual":	212992,
		"rcvbuf_actual":	212992,
		"test_start":	{
			"protocol":	"UDP",
			"num_streams":	1,
			"blksize":	8894,
			"omit":	0,
			"duration":	10,
			"bytes":	0,
			"blocks":	0,
			"reverse":	0,
			"tos":	0,
			"target_bitrate":	15000000000,
			"bidir":	0,
			"fqrate":	0
		}
	},
	"intervals":	[{
			"streams":	[{
					"socket":	5,
					"start":	0,
					"end":	2.000054,
					"seconds":	2.000053882598877,
					"bytes":	3734403826,
					"bits_per_second":	14937212876.075129,
					"packets":	419880,
					"omitted":	false,
					"sender":	true
				}],
			"sum":	{
				"start":	0,
				"end":	2.000054,
				"seconds":	2.000053882598877,
				"bytes":	3734403826,
				"bits_per_second":	14937212876.075129,
				"packets":	419880,
				"omitted":	false,
				"sender":	true
			}
		}, {
			"streams":	[{
					"socket":	5,
					"start":	2.000054,
					"end":	4.000055,
					"seconds":	2.0000009536743164,
					"bytes":	3732633920,
					"bits_per_second":	14930528560.569191,
					"packets":	419681,
					"omitted":	false,
					"sender":	true
				}],
			"sum":	{
				"start":	2.000054,
				"end":	4.000055,
				"seconds":	2.0000009536743164,
				"bytes":	3732633920,
				"bits_per_second":	14930528560.569191,
				"packets":	419681,
				"omitted":	false,
				"sender":	true
			}
		}, {
			"streams":	[{
					"socket":	5,
					"start":	4.000055,
					"end":	6.000054,
					"seconds":	1.9999990463256836,
					"bytes":	3724211302,
					"bits_per_second":	14896852311.372723,
					"packets":	418733,
					"omitted":	false,
					"sender":	true
				}],
			"sum":	{
				"start":	4.000055,
				"end":	6.000054,
				"seconds":	1.9999990463256836,
				"bytes":	3724211302,
				"bits_per_second":	14896852311.372723,
				"packets":	418733,
				"omitted":	false,
				"sender":	true
			}
		}, {
			"streams":	[{
					"socket":	5,
					"start":	6.000054,
					"end":	8.000053,
					"seconds":	1.9999990463256836,
					"bytes":	3721525314,
					"bits_per_second":	14886108354.249605,
					"packets":	418431,
					"omitted":	false,
					"sender":	true
				}],
			"sum":	{
				"start":	6.000054,
				"end":	8.000053,
				"seconds":	1.9999990463256836,
				"bytes":	3721525314,
				"bits_per_second":	14886108354.249605,
				"packets":	418431,
				"omitted":	false,
				"sender":	true
			}
		}, {
			"streams":	[{
					"socket":	5,
					"start":	8.000053,
					"end":	10.000196,
					"seconds":	2.0001430511474609,
					"bytes":	3729040744,
					"bits_per_second":	14915096165.189539,
					"packets":	419275,
					"omitted":	false,
					"sender":	true
				}],
			"sum":	{
				"start":	8.000053,
				"end":	10.000196,
				"seconds":	2.0001430511474609,
				"bytes":	3729040744,
				"bits_per_second":	14915096165.189539,
				"packets":	419275,
				"omitted":	false,
				"sender":	true
			}
		}],
	"end":	{
		"streams":	[{
				"udp":	{
					"socket":	5,
					"start":	0,
					"end":	10.000196,
					"seconds":	10.000196,
					"bytes":	18641824000,
					"bits_per_second":	14913166901.92872,
					"jitter_ms":	0.00767460005919532,
					"lost_packets":	822240,
					"packets":	2096000,
					"lost_percent":	39.229007633587784,
					"out_of_order":	0,
					"sender":	true
				}
			}],
		"sum":	{
			"start":	0,
			"end":	10.001653,
			"seconds":	10.001653,
			"bytes":	18641824000,
			"bits_per_second":	14913166901.92872,
			"jitter_ms":	0.00767460005919532,
			"lost_packets":	822240,
			"packets":	2096000,
			"lost_percent":	39.229007633587784,
			"sender":	true
		},
		"sum_sent":	{
			"start":	0,
			"end":	10.000196,
			"seconds":	10.000196,
			"bytes":	18641824000,
			"bits_per_second":	14913166901.92872,
			"jitter_ms":	0,
			"lost_packets":	0,
			"packets":	2096000,
			"lost_percent":	0,
			"sender":	true
		},
		"sum_received":	{
			"start":	0,
			"end":	10.001653,
			"seconds":	10.001653,
			"bytes":	11328554620,
			"bits_per_second":	9061345855.53008,
			"jitter_ms":	0.00767460005919532,
			"lost_packets":	822240,
			"packets":	2095970,
			"lost_percent":	39.229007633587784,
			"sender":	false
		},
		"cpu_utilization_percent":	{
			"host_total":	100.17390890461189,
			"host_user":	4.934035208553694,
			"host_system":	95.2398736960582,
			"remote_total":	64.245912999763746,
			"remote_user":	8.6587504403023061,
			"remote_system":	55.587182556159974
		}
	}
}
