{
	"start":	{
		"connected":	[{
				"socket":	5,
				"local_host":	"192.0.1.254",
				"local_port":	55019,
				"remote_host":	"192.0.2.254",
				"remote_port":	5201
			}],
		"version":	"iperf 3.16",
		"system_info":	"Linux lab-dd2 6.8.0-100-generic #100-Ubuntu SMP PREEMPT_DYNAMIC Tue Jan 13 16:40:06 UTC 2026 x86_64",
		"timestamp":	{
			"time":	"Thu, 19 Mar 2026 06:12:51 GMT",
			"timesecs":	1773900771
		},
		"connecting_to":	{
			"host":	"192.0.2.254",
			"port":	5201
		},
		"cookie":	"c5dtkaqgpmnozynlzo4kp5ce242vr6fsibts",
		"target_bitrate":	13000000000,
		"fq_rate":	0,
		"sock_bufsize":	0,
		"sndbuf_actual":	212992,
		"rcvbuf_actual":	212992,
		"test_start":	{
			"protocol":	"UDP",
			"num_streams":	1,
			"blksize":	8894,
			"omit":	0,
			"duration":	10,
			"bytes":	0,
			"blocks":	0,
			"reverse":	0,
			"tos":	0,
			"target_bitrate":	13000000000,
			"bidir":	0,
			"fqrate":	0
		}
	},
	"intervals":	[{
			"streams":	[{
					"socket":	5,
					"start":	0,
					"end":	2.000053,
					"seconds":	2.00005292892456,
					"bytes":	3249912070,
					"bits_per_second":	12999304260.402731,
					"packets":	365406,
					"omitted":	false,
					"sender":	true
				}],
			"sum":	{
				"start":	0,
				"end":	2.000053,
				"seconds":	2.00005292892456,
				"bytes":	3249912070,
				"bits_per_second":	12999304260.402731,
				"packets":	365406,
				"omitted":	false,
				"sender":	true
			}
		}, {
			"streams":	[{
					"socket":	5,
					"start":	2.000053,
					"end":	4.000055,
					"seconds":	2.0000019073486328,
					"bytes":	3248978200,
					"bits_per_second":	12995900406.143564,
					"packets":	365300,
					"omitted":	false,
					"sender":	true
				}],
			"sum":	{
				"start":	2.000053,
				"end":	4.000055,
				"seconds":	2.0000019073486328,
				"bytes":	3248978200,
				"bits_per_second":	12995900406.143564,
				"packets":	365300,
				"omitted":	false,
				"sender":	true
			}
		}, {
			"streams":	[{
					"socket":	5,
					"start":	4.000055,
					"end":	6.000055,
					"seconds":	2,
					"bytes":	3245304978,
					"bits_per_second":	12981219912,
					"packets":	364888,
					"omitted":	false,
					"sender":	true
				}],
			"sum":	{
				"start":	4.000055,
				"end":	6.000055,
				"seconds":	2,
				"bytes":	3245304978,
				"bits_per_second":	12981219912,
				"packets":	364888,
				"omitted":	false,
				"sender":	true
			}
		}, {
			"streams":	[{
					"socket":	5,
					"start":	6.000055,
					"end":	8.000056,
					"seconds":	2.0000009536743164,
					"bytes":	3254270130,
					"bits_per_second":	13017074312.975277,
					"packets":	365894,
					"omitted":	false,
					"sender":	true
				}],
			"sum":	{
				"start":	6.000055,
				"end":	8.000056,
				"seconds":	2.0000009536743164,
				"bytes":	3254270130,
				"bits_per_second":	13017074312.975277,
				"packets":	365894,
				"omitted":	false,
				"sender":	true
			}
		}, {
			"streams":	[{
					"socket":	5,
					"start":	8.000056,
					"end":	10.000206,
					"seconds":	2.0001499652862549,
					"bytes":	3251344004,
					"bits_per_second":	13004400911.647356,
					"packets":	365566,
					"omitted":	false,
					"sender":	true
				}],
			"sum":	{
				"start":	8.000056,
				"end":	10.000206,
				"seconds":	2.0001499652862549,
				"bytes":	3251344004,
				"bits_per_second":	13004400911.647356,
				"packets":	365566,
				"omitted":	false,
				"sender":	true
			}
		}],
	"end":	{
		"streams":	[{
				"udp":	{
					"socket":	5,
					"start":	0,
					"end":	10.000206,
					"seconds":	10.000206,
					"bytes":	16249818276,
					"bits_per_second":	12999586829.311316,
					"jitter_ms":	0.0062225293813571577,
					"lost_packets":	593302,
					"packets":	1827054,
					"lost_percent":	32.473150766206146,
					"out_of_order":	0,
					"sender":	true
				}
			}],
		"sum":	{
			"start":	0,
			"end":	10.005658,
			"seconds":	10.005658,
			"bytes":	16249818276,
			"bits_per_second":	12999586829.311316,
			"jitter_ms":	0.0062225293813571577,
			"lost_packets":	593302,
			"packets":	1827054,
			"lost_percent":	32.473150766206146,
			"sender":	true
		},
		"sum_sent":	{
			"start":	0,
			"end":	10.000206,
			"seconds":	10.000206,
			"bytes":	16249818276,
			"bits_per_second":	12999586829.311316,
			"jitter_ms":	0,
			"lost_packets":	0,
			"packets":	1827054,
			"lost_percent":	0,
			"sender":	true
		},
		"sum_received":	{
			"start":	0,
			"end":	10.005658,
			"seconds":	10.005658,
			"bytes":	10972732362,
			"bits_per_second":	8773222000.5920639,
			"jitter_ms":	0.0062225293813571577,
			"lost_packets":	593302,
			"packets":	1827025,
			"lost_percent":	32.473150766206146,
			"sender":	false
		},
		"cpu_utilization_percent":	{
			"host_total":	87.8126288006761,
			"host_user":	15.103583491035522,
			"host_system":	72.709055308722654,
			"remote_total":	57.7261550427063,
			"remote_user":	7.43181690299769,
			"remote_system":	50.2943381397086
		}
	}
}
