{
	"start":	{
		"connected":	[{
				"socket":	5,
				"local_host":	"192.0.1.254",
				"local_port":	47065,
				"remote_host":	"192.0.2.254",
				"remote_port":	5201
			}],
		"version":	"iperf 3.16",
		"system_info":	"Linux lab-dd2 6.8.0-100-generic #100-Ubuntu SMP PREEMPT_DYNAMIC Tue Jan 13 16:40:06 UTC 2026 x86_64",
		"timestamp":	{
			"time":	"Thu, 19 Mar 2026 06:05:41 GMT",
			"timesecs":	1773900341
		},
		"connecting_to":	{
			"host":	"192.0.2.254",
			"port":	5201
		},
		"cookie":	"6oeu4mtvuuclbytdsbwdux32ekcnotly2wkd",
		"target_bitrate":	9000000000,
		"fq_rate":	0,
		"sock_bufsize":	0,
		"sndbuf_actual":	212992,
		"rcvbuf_actual":	212992,
		"test_start":	{
			"protocol":	"UDP",
			"num_streams":	1,
			"blksize":	8894,
			"omit":	0,
			"duration":	10,
			"bytes":	0,
			"blocks":	0,
			"reverse":	0,
			"tos":	0,
			"target_bitrate":	9000000000,
			"bidir":	0,
			"fqrate":	0
		}
	},
	"intervals":	[{
			"streams":	[{
					"socket":	5,
					"start":	0,
					"end":	2.000055,
					"seconds":	2.0000550746917725,
					"bytes":	2249657254,
					"bits_per_second":	8998381224.4638062,
					"packets":	252942,
					"omitted":	false,
					"sender":	true
				}],
			"sum":	{
				"start":	0,
				"end":	2.000055,
				"seconds":	2.0000550746917725,
				"bytes":	2249657254,
				"bits_per_second":	8998381224.4638062,
				"packets":	252942,
				"omitted":	false,
				"sender":	true
			}
		}, {
			"streams":	[{
					"socket":	5,
					"start":	2.000055,
					"end":	4.000054,
					"seconds":	1.9999990463256836,
					"bytes":	2249728406,
					"bits_per_second":	8998917915.018446,
					"packets":	252948,
					"omitted":	false,
					"sender":	true
				}],
			"sum":	{
				"start":	2.000055,
				"end":	4.000054,
				"seconds":	1.9999990463256836,
				"bytes":	2249728406,
				"bits_per_second":	8998917915.018446,
				"packets":	252948,
				"omitted":	false,
				"sender":	true
			}
		}, {
			"streams":	[{
					"socket":	5,
					"start":	4.000054,
					"end":	6.000054,
					"seconds":	2,
					"bytes":	2250262046,
					"bits_per_second":	9001048184,
					"packets":	253009,
					"omitted":	false,
					"sender":	true
				}],
			"sum":	{
				"start":	4.000054,
				"end":	6.000054,
				"seconds":	2,
				"bytes":	2250262046,
				"bits_per_second":	9001048184,
				"packets":	253009,
				"omitted":	false,
				"sender":	true
			}
		}, {
			"streams":	[{
					"socket":	5,
					"start":	6.000054,
					"end":	8.000054,
					"seconds":	2,
					"bytes":	2249728406,
					"bits_per_second":	8998913624,
					"packets":	252949,
					"omitted":	false,
					"sender":	true
				}],
			"sum":	{
				"start":	6.000054,
				"end":	8.000054,
				"seconds":	2,
				"bytes":	2249728406,
				"bits_per_second":	8998913624,
				"packets":	252949,
				"omitted":	false,
				"sender":	true
			}
		}, {
			"streams":	[{
					"socket":	5,
					"start":	8.000054,
					"end":	10.000173,
					"seconds":	2.0001189708709717,
					"bytes":	2250013014,
					"bits_per_second":	8999516715.8289967,
					"packets":	252981,
					"omitted":	false,
					"sender":	true
				}],
			"sum":	{
				"start":	8.000054,
				"end":	10.000173,
				"seconds":	2.0001189708709717,
				"bytes":	2250013014,
				"bits_per_second":	8999516715.8289967,
				"packets":	252981,
				"omitted":	false,
				"sender":	true
			}
		}],
	"end":	{
		"streams":	[{
				"udp":	{
					"socket":	5,
					"start":	0,
					"end":	10.000173,
					"seconds":	10.000173,
					"bytes":	11249389126,
					"bits_per_second":	8999355611.94791,
					"jitter_ms":	0.0050808093698410783,
					"lost_packets":	238791,
					"packets":	1264829,
					"lost_percent":	18.8793109582402,
					"out_of_order":	0,
					"sender":	true
				}
			}],
		"sum":	{
			"start":	0,
			"end":	10.000265,
			"seconds":	10.000265,
			"bytes":	11249389126,
			"bits_per_second":	8999355611.94791,
			"jitter_ms":	0.0050808093698410783,
			"lost_packets":	238791,
			"packets":	1264829,
			"lost_percent":	18.8793109582402,
			"sender":	true
		},
		"sum_sent":	{
			"start":	0,
			"end":	10.000173,
			"seconds":	10.000173,
			"bytes":	11249389126,
			"bits_per_second":	8999355611.94791,
			"jitter_ms":	0,
			"lost_packets":	0,
			"packets":	1264829,
			"lost_percent":	0,
			"sender":	true
		},
		"sum_received":	{
			"start":	0,
			"end":	10.000265,
			"seconds":	10.000265,
			"bytes":	9125475244,
			"bits_per_second":	7300186740.2513828,
			"jitter_ms":	0.0050808093698410783,
			"lost_packets":	238791,
			"packets":	1264817,
			"lost_percent":	18.8793109582402,
			"sender":	false
		},
		"cpu_utilization_percent":	{
			"host_total":	74.3578811126634,
			"host_user":	44.800643868748047,
			"host_system":	29.557237243915385,
			"remote_total":	53.189786004970465,
			"remote_user":	6.7783208848473127,
			"remote_system":	46.411465120123147
		}
	}
}
