{
	"start":	{
		"connected":	[{
				"socket":	5,
				"local_host":	"192.0.1.254",
				"local_port":	60539,
				"remote_host":	"192.0.2.254",
				"remote_port":	5201
			}],
		"version":	"iperf 3.16",
		"system_info":	"Linux lab-dd2 6.8.0-100-generic #100-Ubuntu SMP PREEMPT_DYNAMIC Tue Jan 13 16:40:06 UTC 2026 x86_64",
		"timestamp":	{
			"time":	"Thu, 19 Mar 2026 06:19:31 GMT",
			"timesecs":	1773901171
		},
		"connecting_to":	{
			"host":	"192.0.2.254",
			"port":	5201
		},
		"cookie":	"5mlobixawhpzmiemmad6g6hjnpxtltjfjgvn",
		"target_bitrate":	17000000000,
		"fq_rate":	0,
		"sock_bufsize":	0,
		"sndbuf_actual":	212992,
		"rcvbuf_actual":	212992,
		"test_start":	{
			"protocol":	"UDP",
			"num_streams":	1,
			"blksize":	8894,
			"omit":	0,
			"duration":	10,
			"bytes":	0,
			"blocks":	0,
			"reverse":	0,
			"tos":	0,
			"target_bitrate":	17000000000,
			"bidir":	0,
			"fqrate":	0
		}
	},
	"intervals":	[{
			"streams":	[{
					"socket":	5,
					"start":	0,
					"end":	2.000057,
					"seconds":	2.0000569820404053,
					"bytes":	3735800184,
					"bits_per_second":	14942775001.09556,
					"packets":	420037,
					"omitted":	false,
					"sender":	true
				}],
			"sum":	{
				"start":	0,
				"end":	2.000057,
				"seconds":	2.0000569820404053,
				"bytes":	3735800184,
				"bits_per_second":	14942775001.09556,
				"packets":	420037,
				"omitted":	false,
				"sender":	true
			}
		}, {
			"streams":	[{
					"socket":	5,
					"start":	2.000057,
					"end":	4.000057,
					"seconds":	2,
					"bytes":	3685807010,
					"bits_per_second":	14743228040,
					"packets":	414415,
					"omitted":	false,
					"sender":	true
				}],
			"sum":	{
				"start":	2.000057,
				"end":	4.000057,
				"seconds":	2,
				"bytes":	3685807010,
				"bits_per_second":	14743228040,
				"packets":	414415,
				"omitted":	false,
				"sender":	true
			}
		}, {
			"streams":	[{
					"socket":	5,
					"start":	4.000057,
					"end":	6.000058,
					"seconds":	2.0000009536743164,
					"bytes":	3694985618,
					"bits_per_second":	14779935424.377594,
					"packets":	415447,
					"omitted":	false,
					"sender":	true
				}],
			"sum":	{
				"start":	4.000057,
				"end":	6.000058,
				"seconds":	2.0000009536743164,
				"bytes":	3694985618,
				"bits_per_second":	14779935424.377594,
				"packets":	415447,
				"omitted":	false,
				"sender":	true
			}
		}, {
			"streams":	[{
					"socket":	5,
					"start":	6.000058,
					"end":	8.000057,
					"seconds":	1.9999990463256836,
					"bytes":	3686118300,
					"bits_per_second":	14744480230.716053,
					"packets":	414450,
					"omitted":	false,
					"sender":	true
				}],
			"sum":	{
				"start":	6.000058,
				"end":	8.000057,
				"seconds":	1.9999990463256836,
				"bytes":	3686118300,
				"bits_per_second":	14744480230.716053,
				"packets":	414450,
				"omitted":	false,
				"sender":	true
			}
		}, {
			"streams":	[{
					"socket":	5,
					"start":	8.000057,
					"end":	10.000204,
					"seconds":	2.0001471042633057,
					"bytes":	3677962502,
					"bits_per_second":	14710767999.655375,
					"packets":	413532,
					"omitted":	false,
					"sender":	true
				}],
			"sum":	{
				"start":	8.000057,
				"end":	10.000204,
				"seconds":	2.0001471042633057,
				"bytes":	3677962502,
				"bits_per_second":	14710767999.655375,
				"packets":	413532,
				"omitted":	false,
				"sender":	true
			}
		}],
	"end":	{
		"streams":	[{
				"udp":	{
					"socket":	5,
					"start":	0,
					"end":	10.000204,
					"seconds":	10.000204,
					"bytes":	18480673614,
					"bits_per_second":	14784237292.759228,
					"jitter_ms":	0.0090130777662414032,
					"lost_packets":	791670,
					"packets":	2077881,
					"lost_percent":	38.09987193684335,
					"out_of_order":	0,
					"sender":	true
				}
			}],
		"sum":	{
			"start":	0,
			"end":	10.000457,
			"seconds":	10.000457,
			"bytes":	18480673614,
			"bits_per_second":	14784237292.759228,
			"jitter_ms":	0.0090130777662414032,
			"lost_packets":	791670,
			"packets":	2077881,
			"lost_percent":	38.09987193684335,
			"sender":	true
		},
		"sum_sent":	{
			"start":	0,
			"end":	10.000204,
			"seconds":	10.000204,
			"bytes":	18480673614,
			"bits_per_second":	14784237292.759228,
			"jitter_ms":	0,
			"lost_packets":	0,
			"packets":	2077881,
			"lost_percent":	0,
			"sender":	true
		},
		"sum_received":	{
			"start":	0,
			"end":	10.000457,
			"seconds":	10.000457,
			"bytes":	11439533952,
			"bits_per_second":	9151208951.35092,
			"jitter_ms":	0.0090130777662414032,
			"lost_packets":	791670,
			"packets":	2077878,
			"lost_percent":	38.09987193684335,
			"sender":	false
		},
		"cpu_utilization_percent":	{
			"host_total":	100.25600670339,
			"host_user":	5.5645436265299857,
			"host_system":	94.6914730759501,
			"remote_total":	64.2126312701197,
			"remote_user":	8.61227780662643,
			"remote_system":	55.600353463493256
		}
	}
}
