{
	"start":	{
		"connected":	[{
				"socket":	5,
				"local_host":	"192.0.1.254",
				"local_port":	39197,
				"remote_host":	"192.0.2.254",
				"remote_port":	5201
			}],
		"version":	"iperf 3.16",
		"system_info":	"Linux lab-dd2 6.8.0-100-generic #100-Ubuntu SMP PREEMPT_DYNAMIC Tue Jan 13 16:40:06 UTC 2026 x86_64",
		"timestamp":	{
			"time":	"Thu, 19 Mar 2026 06:20:41 GMT",
			"timesecs":	1773901241
		},
		"connecting_to":	{
			"host":	"192.0.2.254",
			"port":	5201
		},
		"cookie":	"qtqukquagp3pat7ibjdnh2cvclowyfdiixkp",
		"target_bitrate":	18000000000,
		"fq_rate":	0,
		"sock_bufsize":	0,
		"sndbuf_actual":	212992,
		"rcvbuf_actual":	212992,
		"test_start":	{
			"protocol":	"UDP",
			"num_streams":	1,
			"blksize":	8894,
			"omit":	0,
			"duration":	10,
			"bytes":	0,
			"blocks":	0,
			"reverse":	0,
			"tos":	0,
			"target_bitrate":	18000000000,
			"bidir":	0,
			"fqrate":	0
		}
	},
	"intervals":	[{
			"streams":	[{
					"socket":	5,
					"start":	0,
					"end":	2.000058,
					"seconds":	2.0000579357147217,
					"bytes":	4477648724,
					"bits_per_second":	17910076079.47081,
					"packets":	503447,
					"omitted":	false,
					"sender":	true
				}],
			"sum":	{
				"start":	0,
				"end":	2.000058,
				"seconds":	2.0000579357147217,
				"bytes":	4477648724,
				"bits_per_second":	17910076079.47081,
				"packets":	503447,
				"omitted":	false,
				"sender":	true
			}
		}, {
			"streams":	[{
					"socket":	5,
					"start":	2.000058,
					"end":	4.000058,
					"seconds":	2,
					"bytes":	4473112784,
					"bits_per_second":	17892451136,
					"packets":	502936,
					"omitted":	false,
					"sender":	true
				}],
			"sum":	{
				"start":	2.000058,
				"end":	4.000058,
				"seconds":	2,
				"bytes":	4473112784,
				"bits_per_second":	17892451136,
				"packets":	502936,
				"omitted":	false,
				"sender":	true
			}
		}, {
			"streams":	[{
					"socket":	5,
					"start":	4.000058,
					"end":	6.000061,
					"seconds":	2.0000030994415283,
					"bytes":	4477737664,
					"bits_per_second":	17910922899.070877,
					"packets":	503456,
					"omitted":	false,
					"sender":	true
				}],
			"sum":	{
				"start":	4.000058,
				"end":	6.000061,
				"seconds":	2.0000030994415283,
				"bytes":	4477737664,
				"bits_per_second":	17910922899.070877,
				"packets":	503456,
				"omitted":	false,
				"sender":	true
			}
		}, {
			"streams":	[{
					"socket":	5,
					"start":	6.000061,
					"end":	8.00006,
					"seconds":	1.9999990463256836,
					"bytes":	4562346286,
					"bits_per_second":	18249393845.9891,
					"packets":	512969,
					"omitted":	false,
					"sender":	true
				}],
			"sum":	{
				"start":	6.000061,
				"end":	8.00006,
				"seconds":	1.9999990463256836,
				"bytes":	4562346286,
				"bits_per_second":	18249393845.9891,
				"packets":	512969,
				"omitted":	false,
				"sender":	true
			}
		}, {
			"streams":	[{
					"socket":	5,
					"start":	8.00006,
					"end":	10.000276,
					"seconds":	2.000216007232666,
					"bytes":	4481482038,
					"bits_per_second":	17923992296.0129,
					"packets":	503876,
					"omitted":	false,
					"sender":	true
				}],
			"sum":	{
				"start":	8.00006,
				"end":	10.000276,
				"seconds":	2.000216007232666,
				"bytes":	4481482038,
				"bits_per_second":	17923992296.0129,
				"packets":	503876,
				"omitted":	false,
				"sender":	true
			}
		}],
	"end":	{
		"streams":	[{
				"udp":	{
					"socket":	5,
					"start":	0,
					"end":	10.000276,
					"seconds":	10.000276,
					"bytes":	22472327496,
					"bits_per_second":	17977365821.503326,
					"jitter_ms":	0.0059854818475199413,
					"lost_packets":	1067971,
					"packets":	2526684,
					"lost_percent":	42.2676915672874,
					"out_of_order":	0,
					"sender":	true
				}
			}],
		"sum":	{
			"start":	0,
			"end":	10.004305,
			"seconds":	10.004305,
			"bytes":	22472327496,
			"bits_per_second":	17977365821.503326,
			"jitter_ms":	0.0059854818475199413,
			"lost_packets":	1067971,
			"packets":	2526684,
			"lost_percent":	42.2676915672874,
			"sender":	true
		},
		"sum_sent":	{
			"start":	0,
			"end":	10.000276,
			"seconds":	10.000276,
			"bytes":	22472327496,
			"bits_per_second":	17977365821.503326,
			"jitter_ms":	0,
			"lost_packets":	0,
			"packets":	2526684,
			"lost_percent":	0,
			"sender":	true
		},
		"sum_received":	{
			"start":	0,
			"end":	10.004305,
			"seconds":	10.004305,
			"bytes":	12973597754,
			"bits_per_second":	10374412018.825895,
			"jitter_ms":	0.0059854818475199413,
			"lost_packets":	1067971,
			"packets":	2526662,
			"lost_percent":	42.2676915672874,
			"sender":	false
		},
		"cpu_utilization_percent":	{
			"host_total":	99.8133551182354,
			"host_user":	5.98466524211539,
			"host_system":	93.828689876120023,
			"remote_total":	70.829422518894361,
			"remote_user":	9.5296327282941053,
			"remote_system":	61.29980978198396
		}
	}
}
