{
	"start":	{
		"connected":	[{
				"socket":	5,
				"local_host":	"192.0.1.254",
				"local_port":	33865,
				"remote_host":	"192.0.2.254",
				"remote_port":	5201
			}],
		"version":	"iperf 3.16",
		"system_info":	"Linux lab-dd2 6.8.0-100-generic #100-Ubuntu SMP PREEMPT_DYNAMIC Tue Jan 13 16:40:06 UTC 2026 x86_64",
		"timestamp":	{
			"time":	"Thu, 19 Mar 2026 06:12:21 GMT",
			"timesecs":	1773900741
		},
		"connecting_to":	{
			"host":	"192.0.2.254",
			"port":	5201
		},
		"cookie":	"p6ccexvmywtut7savsbkwv3zbvxvojf3fmxc",
		"target_bitrate":	13000000000,
		"fq_rate":	0,
		"sock_bufsize":	0,
		"sndbuf_actual":	212992,
		"rcvbuf_actual":	212992,
		"test_start":	{
			"protocol":	"UDP",
			"num_streams":	1,
			"blksize":	8894,
			"omit":	0,
			"duration":	10,
			"bytes":	0,
			"blocks":	0,
			"reverse":	0,
			"tos":	0,
			"target_bitrate":	13000000000,
			"bidir":	0,
			"fqrate":	0
		}
	},
	"intervals":	[{
			"streams":	[{
					"socket":	5,
					"start":	0,
					"end":	2.000055,
					"seconds":	2.0000550746917725,
					"bytes":	3249387324,
					"bits_per_second":	12997191387.845203,
					"packets":	365347,
					"omitted":	false,
					"sender":	true
				}],
			"sum":	{
				"start":	0,
				"end":	2.000055,
				"seconds":	2.0000550746917725,
				"bytes":	3249387324,
				"bits_per_second":	12997191387.845203,
				"packets":	365347,
				"omitted":	false,
				"sender":	true
			}
		}, {
			"streams":	[{
					"socket":	5,
					"start":	2.000055,
					"end":	4.000054,
					"seconds":	1.9999990463256836,
					"bytes":	1976513620,
					"bits_per_second":	7906058249.9023485,
					"packets":	222229,
					"omitted":	false,
					"sender":	true
				}],
			"sum":	{
				"start":	2.000055,
				"end":	4.000054,
				"seconds":	1.9999990463256836,
				"bytes":	1976513620,
				"bits_per_second":	7906058249.9023485,
				"packets":	222229,
				"omitted":	false,
				"sender":	true
			}
		}, {
			"streams":	[{
					"socket":	5,
					"start":	4.000054,
					"end":	6.000055,
					"seconds":	2.0000009536743164,
					"bytes":	0,
					"bits_per_second":	0,
					"packets":	0,
					"omitted":	false,
					"sender":	true
				}],
			"sum":	{
				"start":	4.000054,
				"end":	6.000055,
				"seconds":	2.0000009536743164,
				"bytes":	0,
				"bits_per_second":	0,
				"packets":	0,
				"omitted":	false,
				"sender":	true
			}
		}, {
			"streams":	[{
					"socket":	5,
					"start":	6.000055,
					"end":	8.000055,
					"seconds":	2,
					"bytes":	0,
					"bits_per_second":	0,
					"packets":	0,
					"omitted":	false,
					"sender":	true
				}],
			"sum":	{
				"start":	6.000055,
				"end":	8.000055,
				"seconds":	2,
				"bytes":	0,
				"bits_per_second":	0,
				"packets":	0,
				"omitted":	false,
				"sender":	true
			}
		}, {
			"streams":	[{
					"socket":	5,
					"start":	8.000055,
					"end":	10.000057,
					"seconds":	2.0000019073486328,
					"bytes":	0,
					"bits_per_second":	0,
					"packets":	0,
					"omitted":	false,
					"sender":	true
				}],
			"sum":	{
				"start":	8.000055,
				"end":	10.000057,
				"seconds":	2.0000019073486328,
				"bytes":	0,
				"bits_per_second":	0,
				"packets":	0,
				"omitted":	false,
				"sender":	true
			}
		}],
	"end":	{
		"streams":	[{
				"udp":	{
					"socket":	5,
					"start":	0,
					"end":	10.000057,
					"seconds":	10.000057,
					"bytes":	5225900944,
					"bits_per_second":	4180696925.2275262,
					"jitter_ms":	0.0018419763605911777,
					"lost_packets":	186849,
					"packets":	587576,
					"lost_percent":	31.799971407954036,
					"out_of_order":	0,
					"sender":	true
				}
			}],
		"sum":	{
			"start":	0,
			"end":	10.000246,
			"seconds":	10.000246,
			"bytes":	5225900944,
			"bits_per_second":	4180696925.2275262,
			"jitter_ms":	0.0018419763605911777,
			"lost_packets":	186849,
			"packets":	587576,
			"lost_percent":	31.799971407954036,
			"sender":	true
		},
		"sum_sent":	{
			"start":	0,
			"end":	10.000057,
			"seconds":	10.000057,
			"bytes":	5225900944,
			"bits_per_second":	4180696925.2275262,
			"jitter_ms":	0,
			"lost_packets":	0,
			"packets":	587576,
			"lost_percent":	0,
			"sender":	true
		},
		"sum_received":	{
			"start":	0,
			"end":	10.000246,
			"seconds":	10.000246,
			"bytes":	3564065938,
			"bits_per_second":	2851182611.3077617,
			"jitter_ms":	0.0018419763605911777,
			"lost_packets":	186849,
			"packets":	587576,
			"lost_percent":	31.799971407954036,
			"sender":	false
		},
		"cpu_utilization_percent":	{
			"host_total":	23.153235183184588,
			"host_user":	2.46949923265617,
			"host_system":	20.683715951992315,
			"remote_total":	20.73938736743834,
			"remote_user":	2.8355685436726992,
			"remote_system":	17.903838823261651
		}
	}
}
