{
	"start":	{
		"connected":	[{
				"socket":	5,
				"local_host":	"192.0.1.254",
				"local_port":	44188,
				"remote_host":	"192.0.2.254",
				"remote_port":	5201
			}],
		"version":	"iperf 3.16",
		"system_info":	"Linux lab-dd2 6.8.0-100-generic #100-Ubuntu SMP PREEMPT_DYNAMIC Tue Jan 13 16:40:06 UTC 2026 x86_64",
		"timestamp":	{
			"time":	"Thu, 19 Mar 2026 06:20:31 GMT",
			"timesecs":	1773901231
		},
		"connecting_to":	{
			"host":	"192.0.2.254",
			"port":	5201
		},
		"cookie":	"wu5giinw6ia7jo6jdoztquu34epnjxjayqyd",
		"target_bitrate":	18000000000,
		"fq_rate":	0,
		"sock_bufsize":	0,
		"sndbuf_actual":	212992,
		"rcvbuf_actual":	212992,
		"test_start":	{
			"protocol":	"UDP",
			"num_streams":	1,
			"blksize":	8894,
			"omit":	0,
			"duration":	10,
			"bytes":	0,
			"blocks":	0,
			"reverse":	0,
			"tos":	0,
			"target_bitrate":	18000000000,
			"bidir":	0,
			"fqrate":	0
		}
	},
	"intervals":	[{
			"streams":	[{
					"socket":	5,
					"start":	0,
					"end":	2.000053,
					"seconds":	2.00005292892456,
					"bytes":	4407697414,
					"bits_per_second":	17630323078.979889,
					"packets":	495582,
					"omitted":	false,
					"sender":	true
				}],
			"sum":	{
				"start":	0,
				"end":	2.000053,
				"seconds":	2.00005292892456,
				"bytes":	4407697414,
				"bits_per_second":	17630323078.979889,
				"packets":	495582,
				"omitted":	false,
				"sender":	true
			}
		}, {
			"streams":	[{
					"socket":	5,
					"start":	2.000053,
					"end":	4.000054,
					"seconds":	2.0000009536743164,
					"bytes":	4422621546,
					"bits_per_second":	17690477748.522861,
					"packets":	497259,
					"omitted":	false,
					"sender":	true
				}],
			"sum":	{
				"start":	2.000053,
				"end":	4.000054,
				"seconds":	2.0000009536743164,
				"bytes":	4422621546,
				"bits_per_second":	17690477748.522861,
				"packets":	497259,
				"omitted":	false,
				"sender":	true
			}
		}, {
			"streams":	[{
					"socket":	5,
					"start":	4.000054,
					"end":	6.000054,
					"seconds":	2,
					"bytes":	4413371786,
					"bits_per_second":	17653487144,
					"packets":	496219,
					"omitted":	false,
					"sender":	true
				}],
			"sum":	{
				"start":	4.000054,
				"end":	6.000054,
				"seconds":	2,
				"bytes":	4413371786,
				"bits_per_second":	17653487144,
				"packets":	496219,
				"omitted":	false,
				"sender":	true
			}
		}, {
			"streams":	[{
					"socket":	5,
					"start":	6.000054,
					"end":	8.000054,
					"seconds":	2,
					"bytes":	4420513668,
					"bits_per_second":	17682054672,
					"packets":	497022,
					"omitted":	false,
					"sender":	true
				}],
			"sum":	{
				"start":	6.000054,
				"end":	8.000054,
				"seconds":	2,
				"bytes":	4420513668,
				"bits_per_second":	17682054672,
				"packets":	497022,
				"omitted":	false,
				"sender":	true
			}
		}, {
			"streams":	[{
					"socket":	5,
					"start":	8.000054,
					"end":	10.00015,
					"seconds":	2.0000960826873779,
					"bytes":	4434726280,
					"bits_per_second":	17738052960.101372,
					"packets":	498619,
					"omitted":	false,
					"sender":	true
				}],
			"sum":	{
				"start":	8.000054,
				"end":	10.00015,
				"seconds":	2.0000960826873779,
				"bytes":	4434726280,
				"bits_per_second":	17738052960.101372,
				"packets":	498619,
				"omitted":	false,
				"sender":	true
			}
		}],
	"end":	{
		"streams":	[{
				"udp":	{
					"socket":	5,
					"start":	0,
					"end":	10.00015,
					"seconds":	10.00015,
					"bytes":	22098930694,
					"bits_per_second":	17678879372.009422,
					"jitter_ms":	0.0052097834660002063,
					"lost_packets":	1049550,
					"packets":	2484701,
					"lost_percent":	42.2404949327907,
					"out_of_order":	0,
					"sender":	true
				}
			}],
		"sum":	{
			"start":	0,
			"end":	10.004455,
			"seconds":	10.004455,
			"bytes":	22098930694,
			"bits_per_second":	17678879372.009422,
			"jitter_ms":	0.0052097834660002063,
			"lost_packets":	1049550,
			"packets":	2484701,
			"lost_percent":	42.2404949327907,
			"sender":	true
		},
		"sum_sent":	{
			"start":	0,
			"end":	10.00015,
			"seconds":	10.00015,
			"bytes":	22098930694,
			"bits_per_second":	17678879372.009422,
			"jitter_ms":	0,
			"lost_packets":	0,
			"packets":	2484701,
			"lost_percent":	0,
			"sender":	true
		},
		"sum_received":	{
			"start":	0,
			"end":	10.004455,
			"seconds":	10.004455,
			"bytes":	12763983962,
			"bits_per_second":	10206640111.430357,
			"jitter_ms":	0.0052097834660002063,
			"lost_packets":	1049550,
			"packets":	2484673,
			"lost_percent":	42.2404949327907,
			"sender":	false
		},
		"cpu_utilization_percent":	{
			"host_total":	100.1583890869919,
			"host_user":	6.2529091745578729,
			"host_system":	93.905469913123,
			"remote_total":	70.3834089995862,
			"remote_user":	9.6700171723411366,
			"remote_system":	60.713391827245047
		}
	}
}
