{
	"start":	{
		"connected":	[{
				"socket":	5,
				"local_host":	"192.0.1.254",
				"local_port":	46854,
				"remote_host":	"192.0.2.254",
				"remote_port":	5201
			}],
		"version":	"iperf 3.16",
		"system_info":	"Linux lab-dd2 6.8.0-100-generic #100-Ubuntu SMP PREEMPT_DYNAMIC Tue Jan 13 16:40:06 UTC 2026 x86_64",
		"timestamp":	{
			"time":	"Thu, 19 Mar 2026 06:47:50 GMT",
			"timesecs":	1773902870
		},
		"connecting_to":	{
			"host":	"192.0.2.254",
			"port":	5201
		},
		"cookie":	"ojtmfbujtl3cv2ka42idaqitdcgb6rdgxn7s",
		"tcp_mss_default":	1394,
		"target_bitrate":	8000000000,
		"fq_rate":	0,
		"sock_bufsize":	0,
		"sndbuf_actual":	16384,
		"rcvbuf_actual":	131072,
		"test_start":	{
			"protocol":	"TCP",
			"num_streams":	1,
			"blksize":	131072,
			"omit":	0,
			"duration":	10,
			"bytes":	0,
			"blocks":	0,
			"reverse":	0,
			"tos":	0,
			"target_bitrate":	8000000000,
			"bidir":	0,
			"fqrate":	0
		}
	},
	"intervals":	[{
			"streams":	[{
					"socket":	5,
					"start":	0,
					"end":	2.000053,
					"seconds":	2.00005292892456,
					"bytes":	900333568,
					"bits_per_second":	3601238967.1471915,
					"retransmits":	93,
					"snd_cwnd":	768094,
					"snd_wnd":	3973504,
					"rtt":	1557,
					"rttvar":	330,
					"pmtu":	1446,
					"omitted":	false,
					"sender":	true
				}],
			"sum":	{
				"start":	0,
				"end":	2.000053,
				"seconds":	2.00005292892456,
				"bytes":	900333568,
				"bits_per_second":	3601238967.1471915,
				"retransmits":	93,
				"omitted":	false,
				"sender":	true
			}
		}, {
			"streams":	[{
					"socket":	5,
					"start":	2.000053,
					"end":	4.000057,
					"seconds":	2.0000040531158447,
					"bytes":	874643456,
					"bits_per_second":	3498566733.9518685,
					"retransmits":	5,
					"snd_cwnd":	814096,
					"snd_wnd":	3973504,
					"rtt":	1828,
					"rttvar":	362,
					"pmtu":	1446,
					"omitted":	false,
					"sender":	true
				}],
			"sum":	{
				"start":	2.000053,
				"end":	4.000057,
				"seconds":	2.0000040531158447,
				"bytes":	874643456,
				"bits_per_second":	3498566733.9518685,
				"retransmits":	5,
				"omitted":	false,
				"sender":	true
			}
		}, {
			"streams":	[{
					"socket":	5,
					"start":	4.000057,
					"end":	6.000057,
					"seconds":	2,
					"bytes":	873070592,
					"bits_per_second":	3492282368,
					"retransmits":	223,
					"snd_cwnd":	667726,
					"snd_wnd":	3973504,
					"rtt":	1546,
					"rttvar":	317,
					"pmtu":	1446,
					"omitted":	false,
					"sender":	true
				}],
			"sum":	{
				"start":	4.000057,
				"end":	6.000057,
				"seconds":	2,
				"bytes":	873070592,
				"bits_per_second":	3492282368,
				"retransmits":	223,
				"omitted":	false,
				"sender":	true
			}
		}, {
			"streams":	[{
					"socket":	5,
					"start":	6.000057,
					"end":	8.000056,
					"seconds":	1.9999990463256836,
					"bytes":	855900160,
					"bits_per_second":	3423602272.5007787,
					"retransmits":	460,
					"snd_cwnd":	688636,
					"snd_wnd":	4008960,
					"rtt":	1502,
					"rttvar":	331,
					"pmtu":	1446,
					"omitted":	false,
					"sender":	true
				}],
			"sum":	{
				"start":	6.000057,
				"end":	8.000056,
				"seconds":	1.9999990463256836,
				"bytes":	855900160,
				"bits_per_second":	3423602272.5007787,
				"retransmits":	460,
				"omitted":	false,
				"sender":	true
			}
		}, {
			"streams":	[{
					"socket":	5,
					"start":	8.000056,
					"end":	10.000289,
					"seconds":	2.0002329349517822,
					"bytes":	671481856,
					"bits_per_second":	2685614637.2419844,
					"retransmits":	284,
					"snd_cwnd":	733244,
					"snd_wnd":	4030464,
					"rtt":	280,
					"rttvar":	37,
					"pmtu":	1446,
					"omitted":	false,
					"sender":	true
				}],
			"sum":	{
				"start":	8.000056,
				"end":	10.000289,
				"seconds":	2.0002329349517822,
				"bytes":	671481856,
				"bits_per_second":	2685614637.2419844,
				"retransmits":	284,
				"omitted":	false,
				"sender":	true
			}
		}],
	"end":	{
		"streams":	[{
				"sender":	{
					"socket":	5,
					"start":	0,
					"end":	10.000289,
					"seconds":	10.000289,
					"bytes":	4240310272,
					"bits_per_second":	3392150184.4596691,
					"retransmits":	1065,
					"max_snd_cwnd":	814096,
					"max_snd_wnd":	4030464,
					"max_rtt":	1828,
					"min_rtt":	280,
					"mean_rtt":	1342,
					"sender":	true
				},
				"receiver":	{
					"socket":	5,
					"start":	0,
					"end":	10.00043,
					"seconds":	10.000289,
					"bytes":	4240310272,
					"bits_per_second":	3392102357.19864,
					"sender":	true
				}
			}],
		"sum_sent":	{
			"start":	0,
			"end":	10.000289,
			"seconds":	10.000289,
			"bytes":	4240310272,
			"bits_per_second":	3392150184.4596691,
			"retransmits":	1065,
			"sender":	true
		},
		"sum_received":	{
			"start":	0,
			"end":	10.00043,
			"seconds":	10.00043,
			"bytes":	4240310272,
			"bits_per_second":	3392102357.19864,
			"sender":	true
		},
		"cpu_utilization_percent":	{
			"host_total":	81.4168518256701,
			"host_user":	0.13065283221784657,
			"host_system":	81.286208992138427,
			"remote_total":	10.961555499246934,
			"remote_user":	0.739207327036145,
			"remote_system":	10.222348172210788
		},
		"sender_tcp_congestion":	"cubic",
		"receiver_tcp_congestion":	"cubic"
	}
}
