{
	"start":	{
		"connected":	[{
				"socket":	5,
				"local_host":	"192.0.1.254",
				"local_port":	41998,
				"remote_host":	"192.0.2.254",
				"remote_port":	5201
			}],
		"version":	"iperf 3.16",
		"system_info":	"Linux lab-dd2 6.8.0-100-generic #100-Ubuntu SMP PREEMPT_DYNAMIC Tue Jan 13 16:40:06 UTC 2026 x86_64",
		"timestamp":	{
			"time":	"Thu, 19 Mar 2026 06:48:00 GMT",
			"timesecs":	1773902880
		},
		"connecting_to":	{
			"host":	"192.0.2.254",
			"port":	5201
		},
		"cookie":	"koperutfsfx2rycgyy45xeir53dfu35nmlnt",
		"tcp_mss_default":	1394,
		"target_bitrate":	8000000000,
		"fq_rate":	0,
		"sock_bufsize":	0,
		"sndbuf_actual":	16384,
		"rcvbuf_actual":	131072,
		"test_start":	{
			"protocol":	"TCP",
			"num_streams":	1,
			"blksize":	131072,
			"omit":	0,
			"duration":	10,
			"bytes":	0,
			"blocks":	0,
			"reverse":	0,
			"tos":	0,
			"target_bitrate":	8000000000,
			"bidir":	0,
			"fqrate":	0
		}
	},
	"intervals":	[{
			"streams":	[{
					"socket":	5,
					"start":	0,
					"end":	2.000067,
					"seconds":	2.0000669956207275,
					"bytes":	1130233856,
					"bits_per_second":	4520783987.6352863,
					"retransmits":	51,
					"snd_cwnd":	773670,
					"snd_wnd":	3992832,
					"rtt":	1157,
					"rttvar":	229,
					"pmtu":	1446,
					"omitted":	false,
					"sender":	true
				}],
			"sum":	{
				"start":	0,
				"end":	2.000067,
				"seconds":	2.0000669956207275,
				"bytes":	1130233856,
				"bits_per_second":	4520783987.6352863,
				"retransmits":	51,
				"omitted":	false,
				"sender":	true
			}
		}, {
			"streams":	[{
					"socket":	5,
					"start":	2.000067,
					"end":	4.000067,
					"seconds":	2,
					"bytes":	1027735552,
					"bits_per_second":	4110942208,
					"retransmits":	131,
					"snd_cwnd":	478142,
					"snd_wnd":	3985920,
					"rtt":	950,
					"rttvar":	309,
					"pmtu":	1446,
					"omitted":	false,
					"sender":	true
				}],
			"sum":	{
				"start":	2.000067,
				"end":	4.000067,
				"seconds":	2,
				"bytes":	1027735552,
				"bits_per_second":	4110942208,
				"retransmits":	131,
				"omitted":	false,
				"sender":	true
			}
		}, {
			"streams":	[{
					"socket":	5,
					"start":	4.000067,
					"end":	6.000062,
					"seconds":	1.9999949932098389,
					"bytes":	876871680,
					"bits_per_second":	3507495500.6469812,
					"retransmits":	0,
					"snd_cwnd":	793186,
					"snd_wnd":	4030464,
					"rtt":	1689,
					"rttvar":	359,
					"pmtu":	1446,
					"omitted":	false,
					"sender":	true
				}],
			"sum":	{
				"start":	4.000067,
				"end":	6.000062,
				"seconds":	1.9999949932098389,
				"bytes":	876871680,
				"bits_per_second":	3507495500.6469812,
				"retransmits":	0,
				"omitted":	false,
				"sender":	true
			}
		}, {
			"streams":	[{
					"socket":	5,
					"start":	6.000062,
					"end":	8.000063,
					"seconds":	2.0000009536743164,
					"bytes":	857735168,
					"bits_per_second":	3430939036.00078,
					"retransmits":	5,
					"snd_cwnd":	807126,
					"snd_wnd":	4030464,
					"rtt":	1767,
					"rttvar":	328,
					"pmtu":	1446,
					"omitted":	false,
					"sender":	true
				}],
			"sum":	{
				"start":	6.000062,
				"end":	8.000063,
				"seconds":	2.0000009536743164,
				"bytes":	857735168,
				"bits_per_second":	3430939036.00078,
				"retransmits":	5,
				"omitted":	false,
				"sender":	true
			}
		}, {
			"streams":	[{
					"socket":	5,
					"start":	8.000063,
					"end":	10.000492,
					"seconds":	2.0004289150238037,
					"bytes":	867303424,
					"bits_per_second":	3468469856.58445,
					"retransmits":	47,
					"snd_cwnd":	822460,
					"snd_wnd":	3973504,
					"rtt":	2073,
					"rttvar":	202,
					"pmtu":	1446,
					"omitted":	false,
					"sender":	true
				}],
			"sum":	{
				"start":	8.000063,
				"end":	10.000492,
				"seconds":	2.0004289150238037,
				"bytes":	867303424,
				"bits_per_second":	3468469856.58445,
				"retransmits":	47,
				"omitted":	false,
				"sender":	true
			}
		}],
	"end":	{
		"streams":	[{
				"sender":	{
					"socket":	5,
					"start":	0,
					"end":	10.000492,
					"seconds":	10.000492,
					"bytes":	4810866688,
					"bits_per_second":	3848504004.0030031,
					"retransmits":	234,
					"max_snd_cwnd":	822460,
					"max_snd_wnd":	4030464,
					"max_rtt":	2073,
					"min_rtt":	950,
					"mean_rtt":	1527,
					"sender":	true
				},
				"receiver":	{
					"socket":	5,
					"start":	0,
					"end":	10.002126,
					"seconds":	10.000492,
					"bytes":	4809424896,
					"bits_per_second":	3846722103.680757,
					"sender":	true
				}
			}],
		"sum_sent":	{
			"start":	0,
			"end":	10.000492,
			"seconds":	10.000492,
			"bytes":	4810866688,
			"bits_per_second":	3848504004.0030031,
			"retransmits":	234,
			"sender":	true
		},
		"sum_received":	{
			"start":	0,
			"end":	10.002126,
			"seconds":	10.002126,
			"bytes":	4809424896,
			"bits_per_second":	3846722103.680757,
			"sender":	true
		},
		"cpu_utilization_percent":	{
			"host_total":	81.4265393172126,
			"host_user":	0.21170695254470778,
			"host_system":	81.214842363107124,
			"remote_total":	12.07211898096187,
			"remote_user":	0.82810295158895031,
			"remote_system":	11.24401602937292
		},
		"sender_tcp_congestion":	"cubic",
		"receiver_tcp_congestion":	"cubic"
	}
}
