{
	"start":	{
		"connected":	[{
				"socket":	5,
				"local_host":	"192.0.1.254",
				"local_port":	60034,
				"remote_host":	"192.0.2.254",
				"remote_port":	5201
			}],
		"version":	"iperf 3.16",
		"system_info":	"Linux lab-dd2 6.8.0-100-generic #100-Ubuntu SMP PREEMPT_DYNAMIC Tue Jan 13 16:40:06 UTC 2026 x86_64",
		"timestamp":	{
			"time":	"Thu, 19 Mar 2026 06:39:30 GMT",
			"timesecs":	1773902370
		},
		"connecting_to":	{
			"host":	"192.0.2.254",
			"port":	5201
		},
		"cookie":	"fvgi3o5bb5e27fpugrwgeh2dqmzsisev7aso",
		"tcp_mss_default":	1394,
		"target_bitrate":	3000000000,
		"fq_rate":	0,
		"sock_bufsize":	0,
		"sndbuf_actual":	16384,
		"rcvbuf_actual":	131072,
		"test_start":	{
			"protocol":	"TCP",
			"num_streams":	1,
			"blksize":	131072,
			"omit":	0,
			"duration":	10,
			"bytes":	0,
			"blocks":	0,
			"reverse":	0,
			"tos":	0,
			"target_bitrate":	3000000000,
			"bidir":	0,
			"fqrate":	0
		}
	},
	"intervals":	[{
			"streams":	[{
					"socket":	5,
					"start":	0,
					"end":	2.000054,
					"seconds":	2.000053882598877,
					"bytes":	749731840,
					"bits_per_second":	2998846567.1766639,
					"retransmits":	48,
					"snd_cwnd":	729062,
					"snd_wnd":	2045312,
					"rtt":	335,
					"rttvar":	80,
					"pmtu":	1446,
					"omitted":	false,
					"sender":	true
				}],
			"sum":	{
				"start":	0,
				"end":	2.000054,
				"seconds":	2.000053882598877,
				"bytes":	749731840,
				"bits_per_second":	2998846567.1766639,
				"retransmits":	48,
				"omitted":	false,
				"sender":	true
			}
		}, {
			"streams":	[{
					"socket":	5,
					"start":	2.000054,
					"end":	4.000053,
					"seconds":	1.9999990463256836,
					"bytes":	749993984,
					"bits_per_second":	2999977366.5006824,
					"retransmits":	0,
					"snd_cwnd":	797368,
					"snd_wnd":	1988224,
					"rtt":	676,
					"rttvar":	91,
					"pmtu":	1446,
					"omitted":	false,
					"sender":	true
				}],
			"sum":	{
				"start":	2.000054,
				"end":	4.000053,
				"seconds":	1.9999990463256836,
				"bytes":	749993984,
				"bits_per_second":	2999977366.5006824,
				"retransmits":	0,
				"omitted":	false,
				"sender":	true
			}
		}, {
			"streams":	[{
					"socket":	5,
					"start":	4.000053,
					"end":	6.000053,
					"seconds":	2,
					"bytes":	750256128,
					"bits_per_second":	3001024512,
					"retransmits":	4,
					"snd_cwnd":	823854,
					"snd_wnd":	2039808,
					"rtt":	783,
					"rttvar":	214,
					"pmtu":	1446,
					"omitted":	false,
					"sender":	true
				}],
			"sum":	{
				"start":	4.000053,
				"end":	6.000053,
				"seconds":	2,
				"bytes":	750256128,
				"bits_per_second":	3001024512,
				"retransmits":	4,
				"omitted":	false,
				"sender":	true
			}
		}, {
			"streams":	[{
					"socket":	5,
					"start":	6.000053,
					"end":	8.000054,
					"seconds":	2.0000009536743164,
					"bytes":	749862912,
					"bits_per_second":	2999450217.7506819,
					"retransmits":	4,
					"snd_cwnd":	680272,
					"snd_wnd":	2037376,
					"rtt":	1335,
					"rttvar":	141,
					"pmtu":	1446,
					"omitted":	false,
					"sender":	true
				}],
			"sum":	{
				"start":	6.000053,
				"end":	8.000054,
				"seconds":	2.0000009536743164,
				"bytes":	749862912,
				"bits_per_second":	2999450217.7506819,
				"retransmits":	4,
				"omitted":	false,
				"sender":	true
			}
		}, {
			"streams":	[{
					"socket":	5,
					"start":	8.000054,
					"end":	10.000148,
					"seconds":	2.000093936920166,
					"bytes":	749862912,
					"bits_per_second":	2999310774.9915881,
					"retransmits":	5,
					"snd_cwnd":	741608,
					"snd_wnd":	1988224,
					"rtt":	860,
					"rttvar":	274,
					"pmtu":	1446,
					"omitted":	false,
					"sender":	true
				}],
			"sum":	{
				"start":	8.000054,
				"end":	10.000148,
				"seconds":	2.000093936920166,
				"bytes":	749862912,
				"bits_per_second":	2999310774.9915881,
				"retransmits":	5,
				"omitted":	false,
				"sender":	true
			}
		}],
	"end":	{
		"streams":	[{
				"sender":	{
					"socket":	5,
					"start":	0,
					"end":	10.000148,
					"seconds":	10.000148,
					"bytes":	3749707776,
					"bits_per_second":	2999721824.9169912,
					"retransmits":	61,
					"max_snd_cwnd":	823854,
					"max_snd_wnd":	2045312,
					"max_rtt":	1335,
					"min_rtt":	335,
					"mean_rtt":	797,
					"sender":	true
				},
				"receiver":	{
					"socket":	5,
					"start":	0,
					"end":	10.000327,
					"seconds":	10.000148,
					"bytes":	3749707776,
					"bits_per_second":	2999668131.6520948,
					"sender":	true
				}
			}],
		"sum_sent":	{
			"start":	0,
			"end":	10.000148,
			"seconds":	10.000148,
			"bytes":	3749707776,
			"bits_per_second":	2999721824.9169912,
			"retransmits":	61,
			"sender":	true
		},
		"sum_received":	{
			"start":	0,
			"end":	10.000327,
			"seconds":	10.000327,
			"bytes":	3749707776,
			"bits_per_second":	2999668131.6520948,
			"sender":	true
		},
		"cpu_utilization_percent":	{
			"host_total":	100.09623931743576,
			"host_user":	84.5608537452343,
			"host_system":	15.535375573311363,
			"remote_total":	9.8039615672874962,
			"remote_user":	0.686447004025365,
			"remote_system":	9.11752456292714
		},
		"sender_tcp_congestion":	"cubic",
		"receiver_tcp_congestion":	"cubic"
	}
}
