{
	"start":	{
		"connected":	[{
				"socket":	5,
				"local_host":	"192.0.1.254",
				"local_port":	51508,
				"remote_host":	"192.0.2.254",
				"remote_port":	5201
			}],
		"version":	"iperf 3.16",
		"system_info":	"Linux lab-dd2 6.8.0-100-generic #100-Ubuntu SMP PREEMPT_DYNAMIC Tue Jan 13 16:40:06 UTC 2026 x86_64",
		"timestamp":	{
			"time":	"Thu, 19 Mar 2026 06:51:30 GMT",
			"timesecs":	1773903090
		},
		"connecting_to":	{
			"host":	"192.0.2.254",
			"port":	5201
		},
		"cookie":	"yo6gsjfxicqimji3pzs5lw2tu2sgedkgs44z",
		"tcp_mss_default":	1394,
		"target_bitrate":	9000000000,
		"fq_rate":	0,
		"sock_bufsize":	0,
		"sndbuf_actual":	16384,
		"rcvbuf_actual":	131072,
		"test_start":	{
			"protocol":	"TCP",
			"num_streams":	1,
			"blksize":	131072,
			"omit":	0,
			"duration":	10,
			"bytes":	0,
			"blocks":	0,
			"reverse":	0,
			"tos":	0,
			"target_bitrate":	9000000000,
			"bidir":	0,
			"fqrate":	0
		}
	},
	"intervals":	[{
			"streams":	[{
					"socket":	5,
					"start":	0,
					"end":	2.000057,
					"seconds":	2.0000569820404053,
					"bytes":	884998144,
					"bits_per_second":	3539891720.8734655,
					"retransmits":	147,
					"snd_cwnd":	637058,
					"snd_wnd":	3973504,
					"rtt":	1397,
					"rttvar":	280,
					"pmtu":	1446,
					"omitted":	false,
					"sender":	true
				}],
			"sum":	{
				"start":	0,
				"end":	2.000057,
				"seconds":	2.0000569820404053,
				"bytes":	884998144,
				"bits_per_second":	3539891720.8734655,
				"retransmits":	147,
				"omitted":	false,
				"sender":	true
			}
		}, {
			"streams":	[{
					"socket":	5,
					"start":	2.000057,
					"end":	4.000057,
					"seconds":	2,
					"bytes":	906231808,
					"bits_per_second":	3624927232,
					"retransmits":	6,
					"snd_cwnd":	602208,
					"snd_wnd":	3973504,
					"rtt":	1200,
					"rttvar":	330,
					"pmtu":	1446,
					"omitted":	false,
					"sender":	true
				}],
			"sum":	{
				"start":	2.000057,
				"end":	4.000057,
				"seconds":	2,
				"bytes":	906231808,
				"bits_per_second":	3624927232,
				"retransmits":	6,
				"omitted":	false,
				"sender":	true
			}
		}, {
			"streams":	[{
					"socket":	5,
					"start":	4.000057,
					"end":	6.000056,
					"seconds":	1.9999990463256836,
					"bytes":	880279552,
					"bits_per_second":	3521119887.0008,
					"retransmits":	61,
					"snd_cwnd":	468384,
					"snd_wnd":	4030464,
					"rtt":	1090,
					"rttvar":	247,
					"pmtu":	1446,
					"omitted":	false,
					"sender":	true
				}],
			"sum":	{
				"start":	4.000057,
				"end":	6.000056,
				"seconds":	1.9999990463256836,
				"bytes":	880279552,
				"bits_per_second":	3521119887.0008,
				"retransmits":	61,
				"omitted":	false,
				"sender":	true
			}
		}, {
			"streams":	[{
					"socket":	5,
					"start":	6.000056,
					"end":	8.000056,
					"seconds":	2,
					"bytes":	877264896,
					"bits_per_second":	3509059584,
					"retransmits":	60,
					"snd_cwnd":	798762,
					"snd_wnd":	3973504,
					"rtt":	2387,
					"rttvar":	334,
					"pmtu":	1446,
					"omitted":	false,
					"sender":	true
				}],
			"sum":	{
				"start":	6.000056,
				"end":	8.000056,
				"seconds":	2,
				"bytes":	877264896,
				"bits_per_second":	3509059584,
				"retransmits":	60,
				"omitted":	false,
				"sender":	true
			}
		}, {
			"streams":	[{
					"socket":	5,
					"start":	8.000056,
					"end":	10.001743,
					"seconds":	2.0016870498657227,
					"bytes":	881852416,
					"bits_per_second":	3524436713.7576537,
					"retransmits":	20,
					"snd_cwnd":	819672,
					"snd_wnd":	4030464,
					"rtt":	2278,
					"rttvar":	344,
					"pmtu":	1446,
					"omitted":	false,
					"sender":	true
				}],
			"sum":	{
				"start":	8.000056,
				"end":	10.001743,
				"seconds":	2.0016870498657227,
				"bytes":	881852416,
				"bits_per_second":	3524436713.7576537,
				"retransmits":	20,
				"omitted":	false,
				"sender":	true
			}
		}],
	"end":	{
		"streams":	[{
				"sender":	{
					"socket":	5,
					"start":	0,
					"end":	10.001743,
					"seconds":	10.001743,
					"bytes":	4456054784,
					"bits_per_second":	3564222583.2037477,
					"retransmits":	294,
					"max_snd_cwnd":	819672,
					"max_snd_wnd":	4030464,
					"max_rtt":	2387,
					"min_rtt":	1090,
					"mean_rtt":	1670,
					"sender":	true
				},
				"receiver":	{
					"socket":	5,
					"start":	0,
					"end":	10.003357,
					"seconds":	10.001743,
					"bytes":	4455923712,
					"bits_per_second":	3563542688.3195314,
					"sender":	true
				}
			}],
		"sum_sent":	{
			"start":	0,
			"end":	10.001743,
			"seconds":	10.001743,
			"bytes":	4456054784,
			"bits_per_second":	3564222583.2037477,
			"retransmits":	294,
			"sender":	true
		},
		"sum_received":	{
			"start":	0,
			"end":	10.003357,
			"seconds":	10.003357,
			"bytes":	4455923712,
			"bits_per_second":	3563542688.3195314,
			"sender":	true
		},
		"cpu_utilization_percent":	{
			"host_total":	86.075321204436278,
			"host_user":	0.0718480647858209,
			"host_system":	86.0034831365984,
			"remote_total":	11.946184135946186,
			"remote_user":	0.81296603044773919,
			"remote_system":	11.133228102129582
		},
		"sender_tcp_congestion":	"cubic",
		"receiver_tcp_congestion":	"cubic"
	}
}
