{
	"start":	{
		"connected":	[{
				"socket":	5,
				"local_host":	"192.0.1.254",
				"local_port":	54040,
				"remote_host":	"192.0.2.254",
				"remote_port":	5201
			}],
		"version":	"iperf 3.16",
		"system_info":	"Linux lab-dd2 6.8.0-100-generic #100-Ubuntu SMP PREEMPT_DYNAMIC Tue Jan 13 16:40:06 UTC 2026 x86_64",
		"timestamp":	{
			"time":	"Thu, 19 Mar 2026 06:53:41 GMT",
			"timesecs":	1773903221
		},
		"connecting_to":	{
			"host":	"192.0.2.254",
			"port":	5201
		},
		"cookie":	"j52ucia74tfamw6amdzs7s6zecrkwnbd4kkk",
		"tcp_mss_default":	1394,
		"target_bitrate":	10000000000,
		"fq_rate":	0,
		"sock_bufsize":	0,
		"sndbuf_actual":	16384,
		"rcvbuf_actual":	131072,
		"test_start":	{
			"protocol":	"TCP",
			"num_streams":	1,
			"blksize":	131072,
			"omit":	0,
			"duration":	10,
			"bytes":	0,
			"blocks":	0,
			"reverse":	0,
			"tos":	0,
			"target_bitrate":	10000000000,
			"bidir":	0,
			"fqrate":	0
		}
	},
	"intervals":	[{
			"streams":	[{
					"socket":	5,
					"start":	0,
					"end":	2.000054,
					"seconds":	2.000053882598877,
					"bytes":	888930304,
					"bits_per_second":	3555625422.8307924,
					"retransmits":	68,
					"snd_cwnd":	500446,
					"snd_wnd":	4222208,
					"rtt":	1706,
					"rttvar":	268,
					"pmtu":	1446,
					"omitted":	false,
					"sender":	true
				}],
			"sum":	{
				"start":	0,
				"end":	2.000054,
				"seconds":	2.000053882598877,
				"bytes":	888930304,
				"bits_per_second":	3555625422.8307924,
				"retransmits":	68,
				"omitted":	false,
				"sender":	true
			}
		}, {
			"streams":	[{
					"socket":	5,
					"start":	2.000054,
					"end":	4.000053,
					"seconds":	1.9999990463256836,
					"bytes":	877002752,
					"bits_per_second":	3508012680.7507977,
					"retransmits":	5,
					"snd_cwnd":	657968,
					"snd_wnd":	4240768,
					"rtt":	1230,
					"rttvar":	349,
					"pmtu":	1446,
					"omitted":	false,
					"sender":	true
				}],
			"sum":	{
				"start":	2.000054,
				"end":	4.000053,
				"seconds":	1.9999990463256836,
				"bytes":	877002752,
				"bits_per_second":	3508012680.7507977,
				"retransmits":	5,
				"omitted":	false,
				"sender":	true
			}
		}, {
			"streams":	[{
					"socket":	5,
					"start":	4.000053,
					"end":	6.000055,
					"seconds":	2.0000019073486328,
					"bytes":	889192448,
					"bits_per_second":	3556766400.0032349,
					"retransmits":	12,
					"snd_cwnd":	648210,
					"snd_wnd":	4273536,
					"rtt":	1400,
					"rttvar":	398,
					"pmtu":	1446,
					"omitted":	false,
					"sender":	true
				}],
			"sum":	{
				"start":	4.000053,
				"end":	6.000055,
				"seconds":	2.0000019073486328,
				"bytes":	889192448,
				"bits_per_second":	3556766400.0032349,
				"retransmits":	12,
				"omitted":	false,
				"sender":	true
			}
		}, {
			"streams":	[{
					"socket":	5,
					"start":	6.000055,
					"end":	8.000056,
					"seconds":	2.0000009536743164,
					"bytes":	872415232,
					"bits_per_second":	3489659264.0007935,
					"retransmits":	16,
					"snd_cwnd":	685848,
					"snd_wnd":	4215680,
					"rtt":	1268,
					"rttvar":	23,
					"pmtu":	1446,
					"omitted":	false,
					"sender":	true
				}],
			"sum":	{
				"start":	6.000055,
				"end":	8.000056,
				"seconds":	2.0000009536743164,
				"bytes":	872415232,
				"bits_per_second":	3489659264.0007935,
				"retransmits":	16,
				"omitted":	false,
				"sender":	true
			}
		}, {
			"streams":	[{
					"socket":	5,
					"start":	8.000056,
					"end":	10.000382,
					"seconds":	2.0003259181976318,
					"bytes":	1000865792,
					"bits_per_second":	4002810873.5473161,
					"retransmits":	28,
					"snd_cwnd":	611966,
					"snd_wnd":	4275712,
					"rtt":	209,
					"rttvar":	60,
					"pmtu":	1446,
					"omitted":	false,
					"sender":	true
				}],
			"sum":	{
				"start":	8.000056,
				"end":	10.000382,
				"seconds":	2.0003259181976318,
				"bytes":	1000865792,
				"bits_per_second":	4002810873.5473161,
				"retransmits":	28,
				"omitted":	false,
				"sender":	true
			}
		}],
	"end":	{
		"streams":	[{
				"sender":	{
					"socket":	5,
					"start":	0,
					"end":	10.000382,
					"seconds":	10.000382,
					"bytes":	4557766656,
					"bits_per_second":	3646074044.77149,
					"retransmits":	129,
					"max_snd_cwnd":	685848,
					"max_snd_wnd":	4275712,
					"max_rtt":	1706,
					"min_rtt":	209,
					"mean_rtt":	1162,
					"sender":	true
				},
				"receiver":	{
					"socket":	5,
					"start":	0,
					"end":	10.000561,
					"seconds":	10.000382,
					"bytes":	4557897728,
					"bits_per_second":	3646113635.4250531,
					"sender":	true
				}
			}],
		"sum_sent":	{
			"start":	0,
			"end":	10.000382,
			"seconds":	10.000382,
			"bytes":	4557766656,
			"bits_per_second":	3646074044.77149,
			"retransmits":	129,
			"sender":	true
		},
		"sum_received":	{
			"start":	0,
			"end":	10.000561,
			"seconds":	10.000561,
			"bytes":	4557897728,
			"bits_per_second":	3646113635.4250531,
			"sender":	true
		},
		"cpu_utilization_percent":	{
			"host_total":	85.75428479212006,
			"host_user":	0.11042562258393956,
			"host_system":	85.6438691682343,
			"remote_total":	11.479806798993138,
			"remote_user":	0.62125465061038021,
			"remote_system":	10.858572147244821
		},
		"sender_tcp_congestion":	"cubic",
		"receiver_tcp_congestion":	"cubic"
	}
}
