{
	"start":	{
		"connected":	[{
				"socket":	5,
				"local_host":	"192.0.1.254",
				"local_port":	55400,
				"remote_host":	"192.0.2.254",
				"remote_port":	5201
			}],
		"version":	"iperf 3.16",
		"system_info":	"Linux lab-dd2 6.8.0-100-generic #100-Ubuntu SMP PREEMPT_DYNAMIC Tue Jan 13 16:40:06 UTC 2026 x86_64",
		"timestamp":	{
			"time":	"Thu, 19 Mar 2026 06:52:00 GMT",
			"timesecs":	1773903120
		},
		"connecting_to":	{
			"host":	"192.0.2.254",
			"port":	5201
		},
		"cookie":	"dmb7b2mc554lizpmuzg3opofzyf2nu262cho",
		"tcp_mss_default":	1394,
		"target_bitrate":	9000000000,
		"fq_rate":	0,
		"sock_bufsize":	0,
		"sndbuf_actual":	16384,
		"rcvbuf_actual":	131072,
		"test_start":	{
			"protocol":	"TCP",
			"num_streams":	1,
			"blksize":	131072,
			"omit":	0,
			"duration":	10,
			"bytes":	0,
			"blocks":	0,
			"reverse":	0,
			"tos":	0,
			"target_bitrate":	9000000000,
			"bidir":	0,
			"fqrate":	0
		}
	},
	"intervals":	[{
			"streams":	[{
					"socket":	5,
					"start":	0,
					"end":	2.000055,
					"seconds":	2.0000550746917725,
					"bytes":	1156841472,
					"bits_per_second":	4627238466.13386,
					"retransmits":	143,
					"snd_cwnd":	762518,
					"snd_wnd":	3973504,
					"rtt":	1898,
					"rttvar":	553,
					"pmtu":	1446,
					"omitted":	false,
					"sender":	true
				}],
			"sum":	{
				"start":	0,
				"end":	2.000055,
				"seconds":	2.0000550746917725,
				"bytes":	1156841472,
				"bits_per_second":	4627238466.13386,
				"retransmits":	143,
				"omitted":	false,
				"sender":	true
			}
		}, {
			"streams":	[{
					"socket":	5,
					"start":	2.000055,
					"end":	4.000056,
					"seconds":	2.0000009536743164,
					"bytes":	1103101952,
					"bits_per_second":	4412405704.0010033,
					"retransmits":	16,
					"snd_cwnd":	708152,
					"snd_wnd":	4030464,
					"rtt":	1143,
					"rttvar":	84,
					"pmtu":	1446,
					"omitted":	false,
					"sender":	true
				}],
			"sum":	{
				"start":	2.000055,
				"end":	4.000056,
				"seconds":	2.0000009536743164,
				"bytes":	1103101952,
				"bits_per_second":	4412405704.0010033,
				"retransmits":	16,
				"omitted":	false,
				"sender":	true
			}
		}, {
			"streams":	[{
					"socket":	5,
					"start":	4.000056,
					"end":	6.000055,
					"seconds":	1.9999990463256836,
					"bytes":	1081999360,
					"bits_per_second":	4327999503.7509842,
					"retransmits":	142,
					"snd_cwnd":	789004,
					"snd_wnd":	3973504,
					"rtt":	1179,
					"rttvar":	215,
					"pmtu":	1446,
					"omitted":	false,
					"sender":	true
				}],
			"sum":	{
				"start":	4.000056,
				"end":	6.000055,
				"seconds":	1.9999990463256836,
				"bytes":	1081999360,
				"bits_per_second":	4327999503.7509842,
				"retransmits":	142,
				"omitted":	false,
				"sender":	true
			}
		}, {
			"streams":	[{
					"socket":	5,
					"start":	6.000055,
					"end":	8.000055,
					"seconds":	2,
					"bytes":	1156972544,
					"bits_per_second":	4627890176,
					"retransmits":	93,
					"snd_cwnd":	719304,
					"snd_wnd":	4026624,
					"rtt":	1240,
					"rttvar":	240,
					"pmtu":	1446,
					"omitted":	false,
					"sender":	true
				}],
			"sum":	{
				"start":	6.000055,
				"end":	8.000055,
				"seconds":	2,
				"bytes":	1156972544,
				"bits_per_second":	4627890176,
				"retransmits":	93,
				"omitted":	false,
				"sender":	true
			}
		}, {
			"streams":	[{
					"socket":	5,
					"start":	8.000055,
					"end":	10.000205,
					"seconds":	2.0001499652862549,
					"bytes":	1209925632,
					"bits_per_second":	4839339661.5211878,
					"retransmits":	19,
					"snd_cwnd":	802944,
					"snd_wnd":	3973504,
					"rtt":	680,
					"rttvar":	71,
					"pmtu":	1446,
					"omitted":	false,
					"sender":	true
				}],
			"sum":	{
				"start":	8.000055,
				"end":	10.000205,
				"seconds":	2.0001499652862549,
				"bytes":	1209925632,
				"bits_per_second":	4839339661.5211878,
				"retransmits":	19,
				"omitted":	false,
				"sender":	true
			}
		}],
	"end":	{
		"streams":	[{
				"sender":	{
					"socket":	5,
					"start":	0,
					"end":	10.000205,
					"seconds":	10.000205,
					"bytes":	5716312064,
					"bits_per_second":	4572955905.6039352,
					"retransmits":	413,
					"max_snd_cwnd":	802944,
					"max_snd_wnd":	4030464,
					"max_rtt":	1898,
					"min_rtt":	680,
					"mean_rtt":	1228,
					"sender":	true
				},
				"receiver":	{
					"socket":	5,
					"start":	0,
					"end":	10.000458,
					"seconds":	10.000205,
					"bytes":	5716312064,
					"bits_per_second":	4572840215.1181479,
					"sender":	true
				}
			}],
		"sum_sent":	{
			"start":	0,
			"end":	10.000205,
			"seconds":	10.000205,
			"bytes":	5716312064,
			"bits_per_second":	4572955905.6039352,
			"retransmits":	413,
			"sender":	true
		},
		"sum_received":	{
			"start":	0,
			"end":	10.000458,
			"seconds":	10.000458,
			"bytes":	5716312064,
			"bits_per_second":	4572840215.1181479,
			"sender":	true
		},
		"cpu_utilization_percent":	{
			"host_total":	70.239561114415665,
			"host_user":	0.31119857946907264,
			"host_system":	69.9283625349466,
			"remote_total":	13.348193969702821,
			"remote_user":	0.78436321336529324,
			"remote_system":	12.563850755399573
		},
		"sender_tcp_congestion":	"cubic",
		"receiver_tcp_congestion":	"cubic"
	}
}
