{
	"start":	{
		"connected":	[{
				"socket":	5,
				"local_host":	"192.0.1.254",
				"local_port":	48416,
				"remote_host":	"192.0.2.254",
				"remote_port":	5201
			}],
		"version":	"iperf 3.16",
		"system_info":	"Linux lab-dd2 6.8.0-100-generic #100-Ubuntu SMP PREEMPT_DYNAMIC Tue Jan 13 16:40:06 UTC 2026 x86_64",
		"timestamp":	{
			"time":	"Thu, 19 Mar 2026 06:44:50 GMT",
			"timesecs":	1773902690
		},
		"connecting_to":	{
			"host":	"192.0.2.254",
			"port":	5201
		},
		"cookie":	"4ppar36icplx36pks4akgxatinweennl3c3j",
		"tcp_mss_default":	1394,
		"target_bitrate":	6000000000,
		"fq_rate":	0,
		"sock_bufsize":	0,
		"sndbuf_actual":	16384,
		"rcvbuf_actual":	131072,
		"test_start":	{
			"protocol":	"TCP",
			"num_streams":	1,
			"blksize":	131072,
			"omit":	0,
			"duration":	10,
			"bytes":	0,
			"blocks":	0,
			"reverse":	0,
			"tos":	0,
			"target_bitrate":	6000000000,
			"bidir":	0,
			"fqrate":	0
		}
	},
	"intervals":	[{
			"streams":	[{
					"socket":	5,
					"start":	0,
					"end":	2.000054,
					"seconds":	2.000053882598877,
					"bytes":	894042112,
					"bits_per_second":	3576072103.9706335,
					"retransmits":	98,
					"snd_cwnd":	659362,
					"snd_wnd":	4019328,
					"rtt":	1760,
					"rttvar":	145,
					"pmtu":	1446,
					"omitted":	false,
					"sender":	true
				}],
			"sum":	{
				"start":	0,
				"end":	2.000054,
				"seconds":	2.000053882598877,
				"bytes":	894042112,
				"bits_per_second":	3576072103.9706335,
				"retransmits":	98,
				"omitted":	false,
				"sender":	true
			}
		}, {
			"streams":	[{
					"socket":	5,
					"start":	2.000054,
					"end":	4.000057,
					"seconds":	2.0000030994415283,
					"bytes":	883294208,
					"bits_per_second":	3533171356.5709853,
					"retransmits":	1,
					"snd_cwnd":	648210,
					"snd_wnd":	3973504,
					"rtt":	1656,
					"rttvar":	249,
					"pmtu":	1446,
					"omitted":	false,
					"sender":	true
				}],
			"sum":	{
				"start":	2.000054,
				"end":	4.000057,
				"seconds":	2.0000030994415283,
				"bytes":	883294208,
				"bits_per_second":	3533171356.5709853,
				"retransmits":	1,
				"omitted":	false,
				"sender":	true
			}
		}, {
			"streams":	[{
					"socket":	5,
					"start":	4.000057,
					"end":	6.000056,
					"seconds":	1.9999990463256836,
					"bytes":	873332736,
					"bits_per_second":	3493332609.7507944,
					"retransmits":	67,
					"snd_cwnd":	784822,
					"snd_wnd":	4030464,
					"rtt":	1646,
					"rttvar":	450,
					"pmtu":	1446,
					"omitted":	false,
					"sender":	true
				}],
			"sum":	{
				"start":	4.000057,
				"end":	6.000056,
				"seconds":	1.9999990463256836,
				"bytes":	873332736,
				"bits_per_second":	3493332609.7507944,
				"retransmits":	67,
				"omitted":	false,
				"sender":	true
			}
		}, {
			"streams":	[{
					"socket":	5,
					"start":	6.000056,
					"end":	8.000055,
					"seconds":	1.9999990463256836,
					"bytes":	881721344,
					"bits_per_second":	3526887057.750802,
					"retransmits":	3,
					"snd_cwnd":	804338,
					"snd_wnd":	3975936,
					"rtt":	1799,
					"rttvar":	312,
					"pmtu":	1446,
					"omitted":	false,
					"sender":	true
				}],
			"sum":	{
				"start":	6.000056,
				"end":	8.000055,
				"seconds":	1.9999990463256836,
				"bytes":	881721344,
				"bits_per_second":	3526887057.750802,
				"retransmits":	3,
				"omitted":	false,
				"sender":	true
			}
		}, {
			"streams":	[{
					"socket":	5,
					"start":	8.000055,
					"end":	10.000193,
					"seconds":	2.0001380443573,
					"bytes":	924975104,
					"bits_per_second":	3699645058.4378352,
					"retransmits":	213,
					"snd_cwnd":	836400,
					"snd_wnd":	4030464,
					"rtt":	1115,
					"rttvar":	128,
					"pmtu":	1446,
					"omitted":	false,
					"sender":	true
				}],
			"sum":	{
				"start":	8.000055,
				"end":	10.000193,
				"seconds":	2.0001380443573,
				"bytes":	924975104,
				"bits_per_second":	3699645058.4378352,
				"retransmits":	213,
				"omitted":	false,
				"sender":	true
			}
		}],
	"end":	{
		"streams":	[{
				"sender":	{
					"socket":	5,
					"start":	0,
					"end":	10.000193,
					"seconds":	10.000193,
					"bytes":	4493017088,
					"bits_per_second":	3594344299.5550189,
					"retransmits":	382,
					"max_snd_cwnd":	836400,
					"max_snd_wnd":	4030464,
					"max_rtt":	1799,
					"min_rtt":	1115,
					"mean_rtt":	1595,
					"sender":	true
				},
				"receiver":	{
					"socket":	5,
					"start":	0,
					"end":	10.001469,
					"seconds":	10.000193,
					"bytes":	4493017088,
					"bits_per_second":	3593885728.58647,
					"sender":	true
				}
			}],
		"sum_sent":	{
			"start":	0,
			"end":	10.000193,
			"seconds":	10.000193,
			"bytes":	4493017088,
			"bits_per_second":	3594344299.5550189,
			"retransmits":	382,
			"sender":	true
		},
		"sum_received":	{
			"start":	0,
			"end":	10.001469,
			"seconds":	10.001469,
			"bytes":	4493017088,
			"bits_per_second":	3593885728.58647,
			"sender":	true
		},
		"cpu_utilization_percent":	{
			"host_total":	85.3523029892296,
			"host_user":	0.13038297198385893,
			"host_system":	85.221910018551569,
			"remote_total":	11.836410578516496,
			"remote_user":	0.685738647827851,
			"remote_system":	11.150681929210862
		},
		"sender_tcp_congestion":	"cubic",
		"receiver_tcp_congestion":	"cubic"
	}
}
