{
	"start":	{
		"connected":	[{
				"socket":	5,
				"local_host":	"192.0.1.254",
				"local_port":	51094,
				"remote_host":	"192.0.2.254",
				"remote_port":	5201
			}],
		"version":	"iperf 3.16",
		"system_info":	"Linux lab-dd2 6.8.0-100-generic #100-Ubuntu SMP PREEMPT_DYNAMIC Tue Jan 13 16:40:06 UTC 2026 x86_64",
		"timestamp":	{
			"time":	"Thu, 19 Mar 2026 06:53:11 GMT",
			"timesecs":	1773903191
		},
		"connecting_to":	{
			"host":	"192.0.2.254",
			"port":	5201
		},
		"cookie":	"46pps5uxhbcqsqmpcsryrhfowbgdvw3dvfyt",
		"tcp_mss_default":	1394,
		"target_bitrate":	10000000000,
		"fq_rate":	0,
		"sock_bufsize":	0,
		"sndbuf_actual":	16384,
		"rcvbuf_actual":	131072,
		"test_start":	{
			"protocol":	"TCP",
			"num_streams":	1,
			"blksize":	131072,
			"omit":	0,
			"duration":	10,
			"bytes":	0,
			"blocks":	0,
			"reverse":	0,
			"tos":	0,
			"target_bitrate":	10000000000,
			"bidir":	0,
			"fqrate":	0
		}
	},
	"intervals":	[{
			"streams":	[{
					"socket":	5,
					"start":	0,
					"end":	2.000057,
					"seconds":	2.0000569820404053,
					"bytes":	994574336,
					"bits_per_second":	3978184001.4792442,
					"retransmits":	174,
					"snd_cwnd":	582692,
					"snd_wnd":	3973504,
					"rtt":	1518,
					"rttvar":	399,
					"pmtu":	1446,
					"omitted":	false,
					"sender":	true
				}],
			"sum":	{
				"start":	0,
				"end":	2.000057,
				"seconds":	2.0000569820404053,
				"bytes":	994574336,
				"bits_per_second":	3978184001.4792442,
				"retransmits":	174,
				"omitted":	false,
				"sender":	true
			}
		}, {
			"streams":	[{
					"socket":	5,
					"start":	2.000057,
					"end":	4.000057,
					"seconds":	2,
					"bytes":	946733056,
					"bits_per_second":	3786932224,
					"retransmits":	6,
					"snd_cwnd":	687242,
					"snd_wnd":	4007680,
					"rtt":	309,
					"rttvar":	35,
					"pmtu":	1446,
					"omitted":	false,
					"sender":	true
				}],
			"sum":	{
				"start":	2.000057,
				"end":	4.000057,
				"seconds":	2,
				"bytes":	946733056,
				"bits_per_second":	3786932224,
				"retransmits":	6,
				"omitted":	false,
				"sender":	true
			}
		}, {
			"streams":	[{
					"socket":	5,
					"start":	4.000057,
					"end":	6.000058,
					"seconds":	2.0000009536743164,
					"bytes":	912785408,
					"bits_per_second":	3651139891.00083,
					"retransmits":	546,
					"snd_cwnd":	479536,
					"snd_wnd":	3973504,
					"rtt":	942,
					"rttvar":	322,
					"pmtu":	1446,
					"omitted":	false,
					"sender":	true
				}],
			"sum":	{
				"start":	4.000057,
				"end":	6.000058,
				"seconds":	2.0000009536743164,
				"bytes":	912785408,
				"bits_per_second":	3651139891.00083,
				"retransmits":	546,
				"omitted":	false,
				"sender":	true
			}
		}, {
			"streams":	[{
					"socket":	5,
					"start":	6.000058,
					"end":	8.000057,
					"seconds":	1.9999990463256836,
					"bytes":	964165632,
					"bits_per_second":	3856664367.0008769,
					"retransmits":	0,
					"snd_cwnd":	674696,
					"snd_wnd":	3973504,
					"rtt":	1404,
					"rttvar":	391,
					"pmtu":	1446,
					"omitted":	false,
					"sender":	true
				}],
			"sum":	{
				"start":	6.000058,
				"end":	8.000057,
				"seconds":	1.9999990463256836,
				"bytes":	964165632,
				"bits_per_second":	3856664367.0008769,
				"retransmits":	0,
				"omitted":	false,
				"sender":	true
			}
		}, {
			"streams":	[{
					"socket":	5,
					"start":	8.000057,
					"end":	10.000381,
					"seconds":	2.000324010848999,
					"bytes":	936902656,
					"bits_per_second":	3747003589.092948,
					"retransmits":	2,
					"snd_cwnd":	618936,
					"snd_wnd":	4030464,
					"rtt":	223,
					"rttvar":	38,
					"pmtu":	1446,
					"omitted":	false,
					"sender":	true
				}],
			"sum":	{
				"start":	8.000057,
				"end":	10.000381,
				"seconds":	2.000324010848999,
				"bytes":	936902656,
				"bits_per_second":	3747003589.092948,
				"retransmits":	2,
				"omitted":	false,
				"sender":	true
			}
		}],
	"end":	{
		"streams":	[{
				"sender":	{
					"socket":	5,
					"start":	0,
					"end":	10.000381,
					"seconds":	10.000381,
					"bytes":	4804313088,
					"bits_per_second":	3843304040.5160561,
					"retransmits":	728,
					"max_snd_cwnd":	687242,
					"max_snd_wnd":	4030464,
					"max_rtt":	1518,
					"min_rtt":	223,
					"mean_rtt":	879,
					"sender":	true
				},
				"receiver":	{
					"socket":	5,
					"start":	0,
					"end":	10.000531,
					"seconds":	10.000381,
					"bytes":	4804444160,
					"bits_per_second":	3843351246.0488348,
					"sender":	true
				}
			}],
		"sum_sent":	{
			"start":	0,
			"end":	10.000381,
			"seconds":	10.000381,
			"bytes":	4804313088,
			"bits_per_second":	3843304040.5160561,
			"retransmits":	728,
			"sender":	true
		},
		"sum_received":	{
			"start":	0,
			"end":	10.000531,
			"seconds":	10.000531,
			"bytes":	4804444160,
			"bits_per_second":	3843351246.0488348,
			"sender":	true
		},
		"cpu_utilization_percent":	{
			"host_total":	91.5594893080599,
			"host_user":	0.070258435461523036,
			"host_system":	91.48923087259837,
			"remote_total":	12.452755060675711,
			"remote_user":	0.81188599577902876,
			"remote_system":	11.640869064896682
		},
		"sender_tcp_congestion":	"cubic",
		"receiver_tcp_congestion":	"cubic"
	}
}
