{
	"start":	{
		"connected":	[{
				"socket":	5,
				"local_host":	"192.0.1.254",
				"local_port":	49332,
				"remote_host":	"192.0.2.254",
				"remote_port":	5201
			}],
		"version":	"iperf 3.16",
		"system_info":	"Linux lab-dd2 6.8.0-100-generic #100-Ubuntu SMP PREEMPT_DYNAMIC Tue Jan 13 16:40:06 UTC 2026 x86_64",
		"timestamp":	{
			"time":	"Thu, 19 Mar 2026 06:42:50 GMT",
			"timesecs":	1773902570
		},
		"connecting_to":	{
			"host":	"192.0.2.254",
			"port":	5201
		},
		"cookie":	"vmjrxffrv56slhsfwhlqspsrecyn5fr72ik4",
		"tcp_mss_default":	1394,
		"target_bitrate":	5000000000,
		"fq_rate":	0,
		"sock_bufsize":	0,
		"sndbuf_actual":	16384,
		"rcvbuf_actual":	131072,
		"test_start":	{
			"protocol":	"TCP",
			"num_streams":	1,
			"blksize":	131072,
			"omit":	0,
			"duration":	10,
			"bytes":	0,
			"blocks":	0,
			"reverse":	0,
			"tos":	0,
			"target_bitrate":	5000000000,
			"bidir":	0,
			"fqrate":	0
		}
	},
	"intervals":	[{
			"streams":	[{
					"socket":	5,
					"start":	0,
					"end":	2.000057,
					"seconds":	2.0000569820404053,
					"bytes":	913702912,
					"bits_per_second":	3654707521.6541657,
					"retransmits":	93,
					"snd_cwnd":	786216,
					"snd_wnd":	4030464,
					"rtt":	252,
					"rttvar":	98,
					"pmtu":	1446,
					"omitted":	false,
					"sender":	true
				}],
			"sum":	{
				"start":	0,
				"end":	2.000057,
				"seconds":	2.0000569820404053,
				"bytes":	913702912,
				"bits_per_second":	3654707521.6541657,
				"retransmits":	93,
				"omitted":	false,
				"sender":	true
			}
		}, {
			"streams":	[{
					"socket":	5,
					"start":	2.000057,
					"end":	4.000055,
					"seconds":	1.9999979734420776,
					"bytes":	865599488,
					"bits_per_second":	3462401460.3785548,
					"retransmits":	4,
					"snd_cwnd":	782034,
					"snd_wnd":	4030464,
					"rtt":	1641,
					"rttvar":	350,
					"pmtu":	1446,
					"omitted":	false,
					"sender":	true
				}],
			"sum":	{
				"start":	2.000057,
				"end":	4.000055,
				"seconds":	1.9999979734420776,
				"bytes":	865599488,
				"bits_per_second":	3462401460.3785548,
				"retransmits":	4,
				"omitted":	false,
				"sender":	true
			}
		}, {
			"streams":	[{
					"socket":	5,
					"start":	4.000055,
					"end":	6.000055,
					"seconds":	2,
					"bytes":	880148480,
					"bits_per_second":	3520593920,
					"retransmits":	225,
					"snd_cwnd":	784822,
					"snd_wnd":	3973504,
					"rtt":	1476,
					"rttvar":	352,
					"pmtu":	1446,
					"omitted":	false,
					"sender":	true
				}],
			"sum":	{
				"start":	4.000055,
				"end":	6.000055,
				"seconds":	2,
				"bytes":	880148480,
				"bits_per_second":	3520593920,
				"retransmits":	225,
				"omitted":	false,
				"sender":	true
			}
		}, {
			"streams":	[{
					"socket":	5,
					"start":	6.000055,
					"end":	8.000058,
					"seconds":	2.0000030994415283,
					"bytes":	898629632,
					"bits_per_second":	3594512957.5086327,
					"retransmits":	1,
					"snd_cwnd":	701182,
					"snd_wnd":	3973504,
					"rtt":	1625,
					"rttvar":	370,
					"pmtu":	1446,
					"omitted":	false,
					"sender":	true
				}],
			"sum":	{
				"start":	6.000055,
				"end":	8.000058,
				"seconds":	2.0000030994415283,
				"bytes":	898629632,
				"bits_per_second":	3594512957.5086327,
				"retransmits":	1,
				"omitted":	false,
				"sender":	true
			}
		}, {
			"streams":	[{
					"socket":	5,
					"start":	8.000058,
					"end":	10.000307,
					"seconds":	2.000248908996582,
					"bytes":	869269504,
					"bits_per_second":	3476645331.8494887,
					"retransmits":	47,
					"snd_cwnd":	632876,
					"snd_wnd":	4030464,
					"rtt":	216,
					"rttvar":	56,
					"pmtu":	1446,
					"omitted":	false,
					"sender":	true
				}],
			"sum":	{
				"start":	8.000058,
				"end":	10.000307,
				"seconds":	2.000248908996582,
				"bytes":	869269504,
				"bits_per_second":	3476645331.8494887,
				"retransmits":	47,
				"omitted":	false,
				"sender":	true
			}
		}],
	"end":	{
		"streams":	[{
				"sender":	{
					"socket":	5,
					"start":	0,
					"end":	10.000307,
					"seconds":	10.000307,
					"bytes":	4479647744,
					"bits_per_second":	3583608178.4289227,
					"retransmits":	370,
					"max_snd_cwnd":	786216,
					"max_snd_wnd":	4030464,
					"max_rtt":	1641,
					"min_rtt":	216,
					"mean_rtt":	1042,
					"sender":	true
				},
				"receiver":	{
					"socket":	5,
					"start":	0,
					"end":	10.000458,
					"seconds":	10.000307,
					"bytes":	4479647744,
					"bits_per_second":	3583554068.423666,
					"sender":	true
				}
			}],
		"sum_sent":	{
			"start":	0,
			"end":	10.000307,
			"seconds":	10.000307,
			"bytes":	4479647744,
			"bits_per_second":	3583608178.4289227,
			"retransmits":	370,
			"sender":	true
		},
		"sum_received":	{
			"start":	0,
			"end":	10.000458,
			"seconds":	10.000458,
			"bytes":	4479647744,
			"bits_per_second":	3583554068.423666,
			"sender":	true
		},
		"cpu_utilization_percent":	{
			"host_total":	88.759329388855974,
			"host_user":	0.068730893156656744,
			"host_system":	88.69057849834897,
			"remote_total":	11.943231056786543,
			"remote_user":	0.602031824910594,
			"remote_system":	11.341209231407969
		},
		"sender_tcp_congestion":	"cubic",
		"receiver_tcp_congestion":	"cubic"
	}
}
