{
	"start":	{
		"connected":	[{
				"socket":	5,
				"local_host":	"192.0.1.254",
				"local_port":	33310,
				"remote_host":	"192.0.2.254",
				"remote_port":	5201
			}],
		"version":	"iperf 3.16",
		"system_info":	"Linux lab-dd2 6.8.0-100-generic #100-Ubuntu SMP PREEMPT_DYNAMIC Tue Jan 13 16:40:06 UTC 2026 x86_64",
		"timestamp":	{
			"time":	"Thu, 19 Mar 2026 06:46:10 GMT",
			"timesecs":	1773902770
		},
		"connecting_to":	{
			"host":	"192.0.2.254",
			"port":	5201
		},
		"cookie":	"u7x2nhtqffpblfxjqkptyea3nk56hsxsfzjs",
		"tcp_mss_default":	1394,
		"target_bitrate":	7000000000,
		"fq_rate":	0,
		"sock_bufsize":	0,
		"sndbuf_actual":	16384,
		"rcvbuf_actual":	131072,
		"test_start":	{
			"protocol":	"TCP",
			"num_streams":	1,
			"blksize":	131072,
			"omit":	0,
			"duration":	10,
			"bytes":	0,
			"blocks":	0,
			"reverse":	0,
			"tos":	0,
			"target_bitrate":	7000000000,
			"bidir":	0,
			"fqrate":	0
		}
	},
	"intervals":	[{
			"streams":	[{
					"socket":	5,
					"start":	0,
					"end":	2.000054,
					"seconds":	2.000053882598877,
					"bytes":	886833152,
					"bits_per_second":	3547237040.8247037,
					"retransmits":	7,
					"snd_cwnd":	528326,
					"snd_wnd":	1756032,
					"rtt":	1045,
					"rttvar":	334,
					"pmtu":	1446,
					"omitted":	false,
					"sender":	true
				}],
			"sum":	{
				"start":	0,
				"end":	2.000054,
				"seconds":	2.000053882598877,
				"bytes":	886833152,
				"bits_per_second":	3547237040.8247037,
				"retransmits":	7,
				"omitted":	false,
				"sender":	true
			}
		}, {
			"streams":	[{
					"socket":	5,
					"start":	2.000054,
					"end":	4.00006,
					"seconds":	2.0000059604644775,
					"bytes":	850001920,
					"bits_per_second":	3399997547.2176981,
					"retransmits":	116,
					"snd_cwnd":	609178,
					"snd_wnd":	3724288,
					"rtt":	1514,
					"rttvar":	114,
					"pmtu":	1446,
					"omitted":	false,
					"sender":	true
				}],
			"sum":	{
				"start":	2.000054,
				"end":	4.00006,
				"seconds":	2.0000059604644775,
				"bytes":	850001920,
				"bits_per_second":	3399997547.2176981,
				"retransmits":	116,
				"omitted":	false,
				"sender":	true
			}
		}, {
			"streams":	[{
					"socket":	5,
					"start":	4.00006,
					"end":	6.000057,
					"seconds":	1.9999970197677612,
					"bytes":	888537088,
					"bits_per_second":	3554153648.1016417,
					"retransmits":	16,
					"snd_cwnd":	599420,
					"snd_wnd":	3724288,
					"rtt":	1223,
					"rttvar":	411,
					"pmtu":	1446,
					"omitted":	false,
					"sender":	true
				}],
			"sum":	{
				"start":	4.00006,
				"end":	6.000057,
				"seconds":	1.9999970197677612,
				"bytes":	888537088,
				"bits_per_second":	3554153648.1016417,
				"retransmits":	16,
				"omitted":	false,
				"sender":	true
			}
		}, {
			"streams":	[{
					"socket":	5,
					"start":	6.000057,
					"end":	8.000054,
					"seconds":	1.9999970197677612,
					"bytes":	869007360,
					"bits_per_second":	3476034619.6952186,
					"retransmits":	1,
					"snd_cwnd":	702576,
					"snd_wnd":	3724288,
					"rtt":	1680,
					"rttvar":	391,
					"pmtu":	1446,
					"omitted":	false,
					"sender":	true
				}],
			"sum":	{
				"start":	6.000057,
				"end":	8.000054,
				"seconds":	1.9999970197677612,
				"bytes":	869007360,
				"bits_per_second":	3476034619.6952186,
				"retransmits":	1,
				"omitted":	false,
				"sender":	true
			}
		}, {
			"streams":	[{
					"socket":	5,
					"start":	8.000054,
					"end":	10.000292,
					"seconds":	2.0002379417419434,
					"bytes":	803733504,
					"bits_per_second":	3214551577.998982,
					"retransmits":	190,
					"snd_cwnd":	844764,
					"snd_wnd":	4256512,
					"rtt":	245,
					"rttvar":	52,
					"pmtu":	1446,
					"omitted":	false,
					"sender":	true
				}],
			"sum":	{
				"start":	8.000054,
				"end":	10.000292,
				"seconds":	2.0002379417419434,
				"bytes":	803733504,
				"bits_per_second":	3214551577.998982,
				"retransmits":	190,
				"omitted":	false,
				"sender":	true
			}
		}],
	"end":	{
		"streams":	[{
				"sender":	{
					"socket":	5,
					"start":	0,
					"end":	10.000292,
					"seconds":	10.000292,
					"bytes":	4350541824,
					"bits_per_second":	3480331833.5104613,
					"retransmits":	330,
					"max_snd_cwnd":	844764,
					"max_snd_wnd":	4256512,
					"max_rtt":	1680,
					"min_rtt":	245,
					"mean_rtt":	1141,
					"sender":	true
				},
				"receiver":	{
					"socket":	5,
					"start":	0,
					"end":	10.000436,
					"seconds":	10.000292,
					"bytes":	4350672896,
					"bits_per_second":	3480386571.9454632,
					"sender":	true
				}
			}],
		"sum_sent":	{
			"start":	0,
			"end":	10.000292,
			"seconds":	10.000292,
			"bytes":	4350541824,
			"bits_per_second":	3480331833.5104613,
			"retransmits":	330,
			"sender":	true
		},
		"sum_received":	{
			"start":	0,
			"end":	10.000436,
			"seconds":	10.000436,
			"bytes":	4350672896,
			"bits_per_second":	3480386571.9454632,
			"sender":	true
		},
		"cpu_utilization_percent":	{
			"host_total":	84.399102670012667,
			"host_user":	0.050293833975954542,
			"host_system":	84.3488088360367,
			"remote_total":	11.33923427015155,
			"remote_user":	0.72817752328246166,
			"remote_system":	10.61107674597713
		},
		"sender_tcp_congestion":	"cubic",
		"receiver_tcp_congestion":	"cubic"
	}
}
