{
	"start":	{
		"connected":	[{
				"socket":	5,
				"local_host":	"192.0.1.254",
				"local_port":	55806,
				"remote_host":	"192.0.2.254",
				"remote_port":	5201
			}],
		"version":	"iperf 3.16",
		"system_info":	"Linux lab-dd2 6.8.0-100-generic #100-Ubuntu SMP PREEMPT_DYNAMIC Tue Jan 13 16:40:06 UTC 2026 x86_64",
		"timestamp":	{
			"time":	"Thu, 19 Mar 2026 06:44:40 GMT",
			"timesecs":	1773902680
		},
		"connecting_to":	{
			"host":	"192.0.2.254",
			"port":	5201
		},
		"cookie":	"utqkyh5tj6xh3yt2qlj6vxzrkpkfds5zlfsd",
		"tcp_mss_default":	1394,
		"target_bitrate":	6000000000,
		"fq_rate":	0,
		"sock_bufsize":	0,
		"sndbuf_actual":	16384,
		"rcvbuf_actual":	131072,
		"test_start":	{
			"protocol":	"TCP",
			"num_streams":	1,
			"blksize":	131072,
			"omit":	0,
			"duration":	10,
			"bytes":	0,
			"blocks":	0,
			"reverse":	0,
			"tos":	0,
			"target_bitrate":	6000000000,
			"bidir":	0,
			"fqrate":	0
		}
	},
	"intervals":	[{
			"streams":	[{
					"socket":	5,
					"start":	0,
					"end":	2.000058,
					"seconds":	2.0000579357147217,
					"bytes":	1050935296,
					"bits_per_second":	4203619414.1524115,
					"retransmits":	86,
					"snd_cwnd":	599420,
					"snd_wnd":	3977088,
					"rtt":	1292,
					"rttvar":	348,
					"pmtu":	1446,
					"omitted":	false,
					"sender":	true
				}],
			"sum":	{
				"start":	0,
				"end":	2.000058,
				"seconds":	2.0000579357147217,
				"bytes":	1050935296,
				"bits_per_second":	4203619414.1524115,
				"retransmits":	86,
				"omitted":	false,
				"sender":	true
			}
		}, {
			"streams":	[{
					"socket":	5,
					"start":	2.000058,
					"end":	4.000058,
					"seconds":	2,
					"bytes":	919207936,
					"bits_per_second":	3676831744,
					"retransmits":	0,
					"snd_cwnd":	758336,
					"snd_wnd":	3973504,
					"rtt":	1800,
					"rttvar":	288,
					"pmtu":	1446,
					"omitted":	false,
					"sender":	true
				}],
			"sum":	{
				"start":	2.000058,
				"end":	4.000058,
				"seconds":	2,
				"bytes":	919207936,
				"bits_per_second":	3676831744,
				"retransmits":	0,
				"omitted":	false,
				"sender":	true
			}
		}, {
			"streams":	[{
					"socket":	5,
					"start":	4.000058,
					"end":	6.000059,
					"seconds":	2.0000009536743164,
					"bytes":	881983488,
					"bits_per_second":	3527932269.750802,
					"retransmits":	98,
					"snd_cwnd":	763912,
					"snd_wnd":	4030464,
					"rtt":	1866,
					"rttvar":	146,
					"pmtu":	1446,
					"omitted":	false,
					"sender":	true
				}],
			"sum":	{
				"start":	4.000058,
				"end":	6.000059,
				"seconds":	2.0000009536743164,
				"bytes":	881983488,
				"bits_per_second":	3527932269.750802,
				"retransmits":	98,
				"omitted":	false,
				"sender":	true
			}
		}, {
			"streams":	[{
					"socket":	5,
					"start":	6.000059,
					"end":	8.000058,
					"seconds":	1.9999990463256836,
					"bytes":	883032064,
					"bits_per_second":	3532129940.250803,
					"retransmits":	54,
					"snd_cwnd":	697000,
					"snd_wnd":	3973504,
					"rtt":	1388,
					"rttvar":	312,
					"pmtu":	1446,
					"omitted":	false,
					"sender":	true
				}],
			"sum":	{
				"start":	6.000059,
				"end":	8.000058,
				"seconds":	1.9999990463256836,
				"bytes":	883032064,
				"bits_per_second":	3532129940.250803,
				"retransmits":	54,
				"omitted":	false,
				"sender":	true
			}
		}, {
			"streams":	[{
					"socket":	5,
					"start":	8.000058,
					"end":	10.000358,
					"seconds":	2.00029993057251,
					"bytes":	887488512,
					"bits_per_second":	3549421757.95003,
					"retransmits":	10,
					"snd_cwnd":	660756,
					"snd_wnd":	4030464,
					"rtt":	754,
					"rttvar":	81,
					"pmtu":	1446,
					"omitted":	false,
					"sender":	true
				}],
			"sum":	{
				"start":	8.000058,
				"end":	10.000358,
				"seconds":	2.00029993057251,
				"bytes":	887488512,
				"bits_per_second":	3549421757.95003,
				"retransmits":	10,
				"omitted":	false,
				"sender":	true
			}
		}],
	"end":	{
		"streams":	[{
				"sender":	{
					"socket":	5,
					"start":	0,
					"end":	10.000358,
					"seconds":	10.000358,
					"bytes":	4662886400,
					"bits_per_second":	3730175579.7142463,
					"retransmits":	248,
					"max_snd_cwnd":	763912,
					"max_snd_wnd":	4030464,
					"max_rtt":	1866,
					"min_rtt":	754,
					"mean_rtt":	1420,
					"sender":	true
				},
				"receiver":	{
					"socket":	5,
					"start":	0,
					"end":	10.000683,
					"seconds":	10.000358,
					"bytes":	4663017472,
					"bits_per_second":	3730159207.7261124,
					"sender":	true
				}
			}],
		"sum_sent":	{
			"start":	0,
			"end":	10.000358,
			"seconds":	10.000358,
			"bytes":	4662886400,
			"bits_per_second":	3730175579.7142463,
			"retransmits":	248,
			"sender":	true
		},
		"sum_received":	{
			"start":	0,
			"end":	10.000683,
			"seconds":	10.000683,
			"bytes":	4663017472,
			"bits_per_second":	3730159207.7261124,
			"sender":	true
		},
		"cpu_utilization_percent":	{
			"host_total":	85.619706959267461,
			"host_user":	0.071030481915423327,
			"host_system":	85.548676477352032,
			"remote_total":	12.199218253940478,
			"remote_user":	0.75070820113412173,
			"remote_system":	11.448530051426452
		},
		"sender_tcp_congestion":	"cubic",
		"receiver_tcp_congestion":	"cubic"
	}
}
