{
	"start":	{
		"connected":	[{
				"socket":	5,
				"local_host":	"192.0.1.254",
				"local_port":	54268,
				"remote_host":	"192.0.2.254",
				"remote_port":	5201
			}],
		"version":	"iperf 3.16",
		"system_info":	"Linux lab-dd2 6.8.0-100-generic #100-Ubuntu SMP PREEMPT_DYNAMIC Tue Jan 13 16:40:06 UTC 2026 x86_64",
		"timestamp":	{
			"time":	"Thu, 19 Mar 2026 06:47:40 GMT",
			"timesecs":	1773902860
		},
		"connecting_to":	{
			"host":	"192.0.2.254",
			"port":	5201
		},
		"cookie":	"xrpkui2zxdosjlyyldddhaju7nyxhwx223io",
		"tcp_mss_default":	1394,
		"target_bitrate":	8000000000,
		"fq_rate":	0,
		"sock_bufsize":	0,
		"sndbuf_actual":	16384,
		"rcvbuf_actual":	131072,
		"test_start":	{
			"protocol":	"TCP",
			"num_streams":	1,
			"blksize":	131072,
			"omit":	0,
			"duration":	10,
			"bytes":	0,
			"blocks":	0,
			"reverse":	0,
			"tos":	0,
			"target_bitrate":	8000000000,
			"bidir":	0,
			"fqrate":	0
		}
	},
	"intervals":	[{
			"streams":	[{
					"socket":	5,
					"start":	0,
					"end":	2.000053,
					"seconds":	2.00005292892456,
					"bytes":	940572672,
					"bits_per_second":	3762191123.6349173,
					"retransmits":	224,
					"snd_cwnd":	751366,
					"snd_wnd":	4030464,
					"rtt":	2264,
					"rttvar":	326,
					"pmtu":	1446,
					"omitted":	false,
					"sender":	true
				}],
			"sum":	{
				"start":	0,
				"end":	2.000053,
				"seconds":	2.00005292892456,
				"bytes":	940572672,
				"bits_per_second":	3762191123.6349173,
				"retransmits":	224,
				"omitted":	false,
				"sender":	true
			}
		}, {
			"streams":	[{
					"socket":	5,
					"start":	2.000053,
					"end":	4.000053,
					"seconds":	2,
					"bytes":	1053687808,
					"bits_per_second":	4214751232,
					"retransmits":	220,
					"snd_cwnd":	830824,
					"snd_wnd":	3973504,
					"rtt":	1553,
					"rttvar":	32,
					"pmtu":	1446,
					"omitted":	false,
					"sender":	true
				}],
			"sum":	{
				"start":	2.000053,
				"end":	4.000053,
				"seconds":	2,
				"bytes":	1053687808,
				"bits_per_second":	4214751232,
				"retransmits":	220,
				"omitted":	false,
				"sender":	true
			}
		}, {
			"streams":	[{
					"socket":	5,
					"start":	4.000053,
					"end":	6.000056,
					"seconds":	2.0000030994415283,
					"bytes":	870187008,
					"bits_per_second":	3480742637.82086,
					"retransmits":	162,
					"snd_cwnd":	646816,
					"snd_wnd":	3973504,
					"rtt":	1214,
					"rttvar":	305,
					"pmtu":	1446,
					"omitted":	false,
					"sender":	true
				}],
			"sum":	{
				"start":	4.000053,
				"end":	6.000056,
				"seconds":	2.0000030994415283,
				"bytes":	870187008,
				"bits_per_second":	3480742637.82086,
				"retransmits":	162,
				"omitted":	false,
				"sender":	true
			}
		}, {
			"streams":	[{
					"socket":	5,
					"start":	6.000056,
					"end":	8.000058,
					"seconds":	2.0000019073486328,
					"bytes":	873857024,
					"bits_per_second":	3495424762.5031791,
					"retransmits":	0,
					"snd_cwnd":	751366,
					"snd_wnd":	4009472,
					"rtt":	1508,
					"rttvar":	401,
					"pmtu":	1446,
					"omitted":	false,
					"sender":	true
				}],
			"sum":	{
				"start":	6.000056,
				"end":	8.000058,
				"seconds":	2.0000019073486328,
				"bytes":	873857024,
				"bits_per_second":	3495424762.5031791,
				"retransmits":	0,
				"omitted":	false,
				"sender":	true
			}
		}, {
			"streams":	[{
					"socket":	5,
					"start":	8.000058,
					"end":	10.000272,
					"seconds":	2.0002140998840332,
					"bytes":	906887168,
					"bits_per_second":	3627160384.691134,
					"retransmits":	2,
					"snd_cwnd":	644028,
					"snd_wnd":	3973504,
					"rtt":	1976,
					"rttvar":	245,
					"pmtu":	1446,
					"omitted":	false,
					"sender":	true
				}],
			"sum":	{
				"start":	8.000058,
				"end":	10.000272,
				"seconds":	2.0002140998840332,
				"bytes":	906887168,
				"bits_per_second":	3627160384.691134,
				"retransmits":	2,
				"omitted":	false,
				"sender":	true
			}
		}],
	"end":	{
		"streams":	[{
				"sender":	{
					"socket":	5,
					"start":	0,
					"end":	10.000272,
					"seconds":	10.000272,
					"bytes":	4829478912,
					"bits_per_second":	3863478042.99723,
					"retransmits":	608,
					"max_snd_cwnd":	830824,
					"max_snd_wnd":	4030464,
					"max_rtt":	2264,
					"min_rtt":	1214,
					"mean_rtt":	1703,
					"sender":	true
				},
				"receiver":	{
					"socket":	5,
					"start":	0,
					"end":	10.001732,
					"seconds":	10.000272,
					"bytes":	4828430336,
					"bits_per_second":	3862075357.3481073,
					"sender":	true
				}
			}],
		"sum_sent":	{
			"start":	0,
			"end":	10.000272,
			"seconds":	10.000272,
			"bytes":	4829478912,
			"bits_per_second":	3863478042.99723,
			"retransmits":	608,
			"sender":	true
		},
		"sum_received":	{
			"start":	0,
			"end":	10.001732,
			"seconds":	10.001732,
			"bytes":	4828430336,
			"bits_per_second":	3862075357.3481073,
			"sender":	true
		},
		"cpu_utilization_percent":	{
			"host_total":	90.3237511970296,
			"host_user":	0.0803735942245403,
			"host_system":	90.2433976012112,
			"remote_total":	11.903363098856518,
			"remote_user":	0.55700374975204281,
			"remote_system":	11.346379345649071
		},
		"sender_tcp_congestion":	"cubic",
		"receiver_tcp_congestion":	"cubic"
	}
}
