{
	"start":	{
		"connected":	[{
				"socket":	5,
				"local_host":	"192.0.1.254",
				"local_port":	33858,
				"remote_host":	"192.0.2.254",
				"remote_port":	5201
			}],
		"version":	"iperf 3.16",
		"system_info":	"Linux lab-dd2 6.8.0-100-generic #100-Ubuntu SMP PREEMPT_DYNAMIC Tue Jan 13 16:40:06 UTC 2026 x86_64",
		"timestamp":	{
			"time":	"Thu, 19 Mar 2026 06:39:20 GMT",
			"timesecs":	1773902360
		},
		"connecting_to":	{
			"host":	"192.0.2.254",
			"port":	5201
		},
		"cookie":	"sl7uanieykurzpyubnvpwbox36lzgpzoal4c",
		"tcp_mss_default":	1394,
		"target_bitrate":	3000000000,
		"fq_rate":	0,
		"sock_bufsize":	0,
		"sndbuf_actual":	16384,
		"rcvbuf_actual":	131072,
		"test_start":	{
			"protocol":	"TCP",
			"num_streams":	1,
			"blksize":	131072,
			"omit":	0,
			"duration":	10,
			"bytes":	0,
			"blocks":	0,
			"reverse":	0,
			"tos":	0,
			"target_bitrate":	3000000000,
			"bidir":	0,
			"fqrate":	0
		}
	},
	"intervals":	[{
			"streams":	[{
					"socket":	5,
					"start":	0,
					"end":	2.000055,
					"seconds":	2.0000550746917725,
					"bytes":	749731840,
					"bits_per_second":	2998844779.77404,
					"retransmits":	147,
					"snd_cwnd":	687242,
					"snd_wnd":	4030464,
					"rtt":	637,
					"rttvar":	117,
					"pmtu":	1446,
					"omitted":	false,
					"sender":	true
				}],
			"sum":	{
				"start":	0,
				"end":	2.000055,
				"seconds":	2.0000550746917725,
				"bytes":	749731840,
				"bits_per_second":	2998844779.77404,
				"retransmits":	147,
				"omitted":	false,
				"sender":	true
			}
		}, {
			"streams":	[{
					"socket":	5,
					"start":	2.000055,
					"end":	4.000054,
					"seconds":	1.9999990463256836,
					"bytes":	750125056,
					"bits_per_second":	3000501654.7506824,
					"retransmits":	46,
					"snd_cwnd":	758336,
					"snd_wnd":	3973504,
					"rtt":	452,
					"rttvar":	41,
					"pmtu":	1446,
					"omitted":	false,
					"sender":	true
				}],
			"sum":	{
				"start":	2.000055,
				"end":	4.000054,
				"seconds":	1.9999990463256836,
				"bytes":	750125056,
				"bits_per_second":	3000501654.7506824,
				"retransmits":	46,
				"omitted":	false,
				"sender":	true
			}
		}, {
			"streams":	[{
					"socket":	5,
					"start":	4.000054,
					"end":	6.000055,
					"seconds":	2.0000009536743164,
					"bytes":	749993984,
					"bits_per_second":	2999974505.5006819,
					"retransmits":	1,
					"snd_cwnd":	667726,
					"snd_wnd":	4018944,
					"rtt":	410,
					"rttvar":	58,
					"pmtu":	1446,
					"omitted":	false,
					"sender":	true
				}],
			"sum":	{
				"start":	4.000054,
				"end":	6.000055,
				"seconds":	2.0000009536743164,
				"bytes":	749993984,
				"bits_per_second":	2999974505.5006819,
				"retransmits":	1,
				"omitted":	false,
				"sender":	true
			}
		}, {
			"streams":	[{
					"socket":	5,
					"start":	6.000055,
					"end":	8.000055,
					"seconds":	2,
					"bytes":	750125056,
					"bits_per_second":	3000500224,
					"retransmits":	0,
					"snd_cwnd":	805732,
					"snd_wnd":	3973504,
					"rtt":	442,
					"rttvar":	69,
					"pmtu":	1446,
					"omitted":	false,
					"sender":	true
				}],
			"sum":	{
				"start":	6.000055,
				"end":	8.000055,
				"seconds":	2,
				"bytes":	750125056,
				"bits_per_second":	3000500224,
				"retransmits":	0,
				"omitted":	false,
				"sender":	true
			}
		}, {
			"streams":	[{
					"socket":	5,
					"start":	8.000055,
					"end":	10.000182,
					"seconds":	2.0001270771026611,
					"bytes":	749862912,
					"bits_per_second":	2999261079.29596,
					"retransmits":	40,
					"snd_cwnd":	719304,
					"snd_wnd":	4017664,
					"rtt":	350,
					"rttvar":	73,
					"pmtu":	1446,
					"omitted":	false,
					"sender":	true
				}],
			"sum":	{
				"start":	8.000055,
				"end":	10.000182,
				"seconds":	2.0001270771026611,
				"bytes":	749862912,
				"bits_per_second":	2999261079.29596,
				"retransmits":	40,
				"omitted":	false,
				"sender":	true
			}
		}],
	"end":	{
		"streams":	[{
				"sender":	{
					"socket":	5,
					"start":	0,
					"end":	10.000182,
					"seconds":	10.000182,
					"bytes":	3749838848,
					"bits_per_second":	2999816481.7400322,
					"retransmits":	234,
					"max_snd_cwnd":	805732,
					"max_snd_wnd":	4030464,
					"max_rtt":	637,
					"min_rtt":	350,
					"mean_rtt":	458,
					"sender":	true
				},
				"receiver":	{
					"socket":	5,
					"start":	0,
					"end":	10.000305,
					"seconds":	10.000182,
					"bytes":	3749838848,
					"bits_per_second":	2999779585.1226535,
					"sender":	true
				}
			}],
		"sum_sent":	{
			"start":	0,
			"end":	10.000182,
			"seconds":	10.000182,
			"bytes":	3749838848,
			"bits_per_second":	2999816481.7400322,
			"retransmits":	234,
			"sender":	true
		},
		"sum_received":	{
			"start":	0,
			"end":	10.000305,
			"seconds":	10.000305,
			"bytes":	3749838848,
			"bits_per_second":	2999779585.1226535,
			"sender":	true
		},
		"cpu_utilization_percent":	{
			"host_total":	99.934800549271131,
			"host_user":	2.23637815401468,
			"host_system":	97.698422395256443,
			"remote_total":	10.567429083239178,
			"remote_user":	0.63975754451018774,
			"remote_system":	9.92767153872899
		},
		"sender_tcp_congestion":	"cubic",
		"receiver_tcp_congestion":	"cubic"
	}
}
