{
	"start":	{
		"connected":	[{
				"socket":	5,
				"local_host":	"192.0.1.254",
				"local_port":	39434,
				"remote_host":	"192.0.2.254",
				"remote_port":	5201
			}],
		"version":	"iperf 3.16",
		"system_info":	"Linux lab-dd2 6.8.0-100-generic #100-Ubuntu SMP PREEMPT_DYNAMIC Tue Jan 13 16:40:06 UTC 2026 x86_64",
		"timestamp":	{
			"time":	"Thu, 19 Mar 2026 06:43:10 GMT",
			"timesecs":	1773902590
		},
		"connecting_to":	{
			"host":	"192.0.2.254",
			"port":	5201
		},
		"cookie":	"jijc2b2b5v7wpnmpn54gkrwu7xb5rwhakoz2",
		"tcp_mss_default":	1394,
		"target_bitrate":	5000000000,
		"fq_rate":	0,
		"sock_bufsize":	0,
		"sndbuf_actual":	16384,
		"rcvbuf_actual":	131072,
		"test_start":	{
			"protocol":	"TCP",
			"num_streams":	1,
			"blksize":	131072,
			"omit":	0,
			"duration":	10,
			"bytes":	0,
			"blocks":	0,
			"reverse":	0,
			"tos":	0,
			"target_bitrate":	5000000000,
			"bidir":	0,
			"fqrate":	0
		}
	},
	"intervals":	[{
			"streams":	[{
					"socket":	5,
					"start":	0,
					"end":	2.000053,
					"seconds":	2.00005292892456,
					"bytes":	888274944,
					"bits_per_second":	3553005747.61341,
					"retransmits":	138,
					"snd_cwnd":	646816,
					"snd_wnd":	3973504,
					"rtt":	1307,
					"rttvar":	378,
					"pmtu":	1446,
					"omitted":	false,
					"sender":	true
				}],
			"sum":	{
				"start":	0,
				"end":	2.000053,
				"seconds":	2.00005292892456,
				"bytes":	888274944,
				"bits_per_second":	3553005747.61341,
				"retransmits":	138,
				"omitted":	false,
				"sender":	true
			}
		}, {
			"streams":	[{
					"socket":	5,
					"start":	2.000053,
					"end":	4.000056,
					"seconds":	2.0000030994415283,
					"bytes":	873725952,
					"bits_per_second":	3494898391.8833933,
					"retransmits":	2,
					"snd_cwnd":	641240,
					"snd_wnd":	4030464,
					"rtt":	1318,
					"rttvar":	358,
					"pmtu":	1446,
					"omitted":	false,
					"sender":	true
				}],
			"sum":	{
				"start":	2.000053,
				"end":	4.000056,
				"seconds":	2.0000030994415283,
				"bytes":	873725952,
				"bits_per_second":	3494898391.8833933,
				"retransmits":	2,
				"omitted":	false,
				"sender":	true
			}
		}, {
			"streams":	[{
					"socket":	5,
					"start":	4.000056,
					"end":	6.000057,
					"seconds":	2.0000009536743164,
					"bytes":	774373376,
					"bits_per_second":	3097492027.0007043,
					"retransmits":	131,
					"snd_cwnd":	723486,
					"snd_wnd":	4030464,
					"rtt":	1679,
					"rttvar":	296,
					"pmtu":	1446,
					"omitted":	false,
					"sender":	true
				}],
			"sum":	{
				"start":	4.000056,
				"end":	6.000057,
				"seconds":	2.0000009536743164,
				"bytes":	774373376,
				"bits_per_second":	3097492027.0007043,
				"retransmits":	131,
				"omitted":	false,
				"sender":	true
			}
		}, {
			"streams":	[{
					"socket":	5,
					"start":	6.000057,
					"end":	8.000056,
					"seconds":	1.9999990463256836,
					"bytes":	872284160,
					"bits_per_second":	3489138303.7507935,
					"retransmits":	20,
					"snd_cwnd":	680272,
					"snd_wnd":	3973504,
					"rtt":	1551,
					"rttvar":	372,
					"pmtu":	1446,
					"omitted":	false,
					"sender":	true
				}],
			"sum":	{
				"start":	6.000057,
				"end":	8.000056,
				"seconds":	1.9999990463256836,
				"bytes":	872284160,
				"bits_per_second":	3489138303.7507935,
				"retransmits":	20,
				"omitted":	false,
				"sender":	true
			}
		}, {
			"streams":	[{
					"socket":	5,
					"start":	8.000056,
					"end":	10.001319,
					"seconds":	2.001262903213501,
					"bytes":	864157696,
					"bits_per_second":	3454449466.3340449,
					"retransmits":	20,
					"snd_cwnd":	667726,
					"snd_wnd":	3973504,
					"rtt":	1817,
					"rttvar":	215,
					"pmtu":	1446,
					"omitted":	false,
					"sender":	true
				}],
			"sum":	{
				"start":	8.000056,
				"end":	10.001319,
				"seconds":	2.001262903213501,
				"bytes":	864157696,
				"bits_per_second":	3454449466.3340449,
				"retransmits":	20,
				"omitted":	false,
				"sender":	true
			}
		}],
	"end":	{
		"streams":	[{
				"sender":	{
					"socket":	5,
					"start":	0,
					"end":	10.001319,
					"seconds":	10.001319,
					"bytes":	4323409920,
					"bits_per_second":	3458271789.9509053,
					"retransmits":	311,
					"max_snd_cwnd":	723486,
					"max_snd_wnd":	4030464,
					"max_rtt":	1817,
					"min_rtt":	1307,
					"mean_rtt":	1534,
					"sender":	true
				},
				"receiver":	{
					"socket":	5,
					"start":	0,
					"end":	10.003273,
					"seconds":	10.001319,
					"bytes":	4322492416,
					"bits_per_second":	3456862501.7031927,
					"sender":	true
				}
			}],
		"sum_sent":	{
			"start":	0,
			"end":	10.001319,
			"seconds":	10.001319,
			"bytes":	4323409920,
			"bits_per_second":	3458271789.9509053,
			"retransmits":	311,
			"sender":	true
		},
		"sum_received":	{
			"start":	0,
			"end":	10.003273,
			"seconds":	10.003273,
			"bytes":	4322492416,
			"bits_per_second":	3456862501.7031927,
			"sender":	true
		},
		"cpu_utilization_percent":	{
			"host_total":	84.137468455014,
			"host_user":	0.10229563318017648,
			"host_system":	84.035192817070964,
			"remote_total":	10.770177688558233,
			"remote_user":	0.67587770382321255,
			"remote_system":	10.094279991310858
		},
		"sender_tcp_congestion":	"cubic",
		"receiver_tcp_congestion":	"cubic"
	}
}
