{
	"start":	{
		"connected":	[{
				"socket":	5,
				"local_host":	"192.0.1.254",
				"local_port":	42828,
				"remote_host":	"192.0.2.254",
				"remote_port":	5201
			}],
		"version":	"iperf 3.16",
		"system_info":	"Linux lab-dd2 6.8.0-100-generic #100-Ubuntu SMP PREEMPT_DYNAMIC Tue Jan 13 16:40:06 UTC 2026 x86_64",
		"timestamp":	{
			"time":	"Thu, 19 Mar 2026 06:51:40 GMT",
			"timesecs":	1773903100
		},
		"connecting_to":	{
			"host":	"192.0.2.254",
			"port":	5201
		},
		"cookie":	"6amclfs5kt4fcxmjo3rl2hw5u5oa6yb2gjwf",
		"tcp_mss_default":	1394,
		"target_bitrate":	9000000000,
		"fq_rate":	0,
		"sock_bufsize":	0,
		"sndbuf_actual":	16384,
		"rcvbuf_actual":	131072,
		"test_start":	{
			"protocol":	"TCP",
			"num_streams":	1,
			"blksize":	131072,
			"omit":	0,
			"duration":	10,
			"bytes":	0,
			"blocks":	0,
			"reverse":	0,
			"tos":	0,
			"target_bitrate":	9000000000,
			"bidir":	0,
			"fqrate":	0
		}
	},
	"intervals":	[{
			"streams":	[{
					"socket":	5,
					"start":	0,
					"end":	2.00002,
					"seconds":	2.0000200271606445,
					"bytes":	1276379136,
					"bits_per_second":	5105465420.0119343,
					"retransmits":	130,
					"snd_cwnd":	828036,
					"snd_wnd":	4030464,
					"rtt":	216,
					"rttvar":	31,
					"pmtu":	1446,
					"omitted":	false,
					"sender":	true
				}],
			"sum":	{
				"start":	0,
				"end":	2.00002,
				"seconds":	2.0000200271606445,
				"bytes":	1276379136,
				"bits_per_second":	5105465420.0119343,
				"retransmits":	130,
				"omitted":	false,
				"sender":	true
			}
		}, {
			"streams":	[{
					"socket":	5,
					"start":	2.00002,
					"end":	4.00002,
					"seconds":	2,
					"bytes":	994705408,
					"bits_per_second":	3978821632,
					"retransmits":	98,
					"snd_cwnd":	627300,
					"snd_wnd":	3973504,
					"rtt":	1314,
					"rttvar":	323,
					"pmtu":	1446,
					"omitted":	false,
					"sender":	true
				}],
			"sum":	{
				"start":	2.00002,
				"end":	4.00002,
				"seconds":	2,
				"bytes":	994705408,
				"bits_per_second":	3978821632,
				"retransmits":	98,
				"omitted":	false,
				"sender":	true
			}
		}, {
			"streams":	[{
					"socket":	5,
					"start":	4.00002,
					"end":	6.000059,
					"seconds":	2.0000391006469727,
					"bytes":	864813056,
					"bits_per_second":	3459184595.8221526,
					"retransmits":	16,
					"snd_cwnd":	692818,
					"snd_wnd":	3973504,
					"rtt":	1395,
					"rttvar":	385,
					"pmtu":	1446,
					"omitted":	false,
					"sender":	true
				}],
			"sum":	{
				"start":	4.00002,
				"end":	6.000059,
				"seconds":	2.0000391006469727,
				"bytes":	864813056,
				"bits_per_second":	3459184595.8221526,
				"retransmits":	16,
				"omitted":	false,
				"sender":	true
			}
		}, {
			"streams":	[{
					"socket":	5,
					"start":	6.000059,
					"end":	8.000021,
					"seconds":	1.9999619722366333,
					"bytes":	877527040,
					"bits_per_second":	3510174902.0502753,
					"retransmits":	144,
					"snd_cwnd":	729062,
					"snd_wnd":	3973504,
					"rtt":	1590,
					"rttvar":	325,
					"pmtu":	1446,
					"omitted":	false,
					"sender":	true
				}],
			"sum":	{
				"start":	6.000059,
				"end":	8.000021,
				"seconds":	1.9999619722366333,
				"bytes":	877527040,
				"bits_per_second":	3510174902.0502753,
				"retransmits":	144,
				"omitted":	false,
				"sender":	true
			}
		}, {
			"streams":	[{
					"socket":	5,
					"start":	8.000021,
					"end":	10.000268,
					"seconds":	2.0002470016479492,
					"bytes":	860094464,
					"bits_per_second":	3439953018.9677234,
					"retransmits":	1,
					"snd_cwnd":	751366,
					"snd_wnd":	4030464,
					"rtt":	243,
					"rttvar":	55,
					"pmtu":	1446,
					"omitted":	false,
					"sender":	true
				}],
			"sum":	{
				"start":	8.000021,
				"end":	10.000268,
				"seconds":	2.0002470016479492,
				"bytes":	860094464,
				"bits_per_second":	3439953018.9677234,
				"retransmits":	1,
				"omitted":	false,
				"sender":	true
			}
		}],
	"end":	{
		"streams":	[{
				"sender":	{
					"socket":	5,
					"start":	0,
					"end":	10.000268,
					"seconds":	10.000268,
					"bytes":	4942594048,
					"bits_per_second":	3953969272.02351,
					"retransmits":	389,
					"max_snd_cwnd":	828036,
					"max_snd_wnd":	4030464,
					"max_rtt":	1590,
					"min_rtt":	216,
					"mean_rtt":	951,
					"sender":	true
				},
				"receiver":	{
					"socket":	5,
					"start":	0,
					"end":	10.000383,
					"seconds":	10.000268,
					"bytes":	4942594048,
					"bits_per_second":	3953923803.118341,
					"sender":	true
				}
			}],
		"sum_sent":	{
			"start":	0,
			"end":	10.000268,
			"seconds":	10.000268,
			"bytes":	4942594048,
			"bits_per_second":	3953969272.02351,
			"retransmits":	389,
			"sender":	true
		},
		"sum_received":	{
			"start":	0,
			"end":	10.000383,
			"seconds":	10.000383,
			"bytes":	4942594048,
			"bits_per_second":	3953923803.118341,
			"sender":	true
		},
		"cpu_utilization_percent":	{
			"host_total":	82.845405366924339,
			"host_user":	0.08037868268147845,
			"host_system":	82.765026684242855,
			"remote_total":	12.70370074456074,
			"remote_user":	0.7822992556392534,
			"remote_system":	11.921401488921484
		},
		"sender_tcp_congestion":	"cubic",
		"receiver_tcp_congestion":	"cubic"
	}
}
