{
	"start":	{
		"connected":	[{
				"socket":	5,
				"local_host":	"192.0.1.254",
				"local_port":	46194,
				"remote_host":	"192.0.2.254",
				"remote_port":	5201
			}],
		"version":	"iperf 3.16",
		"system_info":	"Linux lab-dd2 6.8.0-100-generic #100-Ubuntu SMP PREEMPT_DYNAMIC Tue Jan 13 16:40:06 UTC 2026 x86_64",
		"timestamp":	{
			"time":	"Thu, 19 Mar 2026 06:42:40 GMT",
			"timesecs":	1773902560
		},
		"connecting_to":	{
			"host":	"192.0.2.254",
			"port":	5201
		},
		"cookie":	"h7v7e7wenqf7qt2qpf5ewgzcuwb2d3n5trjd",
		"tcp_mss_default":	1394,
		"target_bitrate":	5000000000,
		"fq_rate":	0,
		"sock_bufsize":	0,
		"sndbuf_actual":	16384,
		"rcvbuf_actual":	131072,
		"test_start":	{
			"protocol":	"TCP",
			"num_streams":	1,
			"blksize":	131072,
			"omit":	0,
			"duration":	10,
			"bytes":	0,
			"blocks":	0,
			"reverse":	0,
			"tos":	0,
			"target_bitrate":	5000000000,
			"bidir":	0,
			"fqrate":	0
		}
	},
	"intervals":	[{
			"streams":	[{
					"socket":	5,
					"start":	0,
					"end":	2.000031,
					"seconds":	2.0000309944152832,
					"bytes":	1040187392,
					"bits_per_second":	4160685088.9992447,
					"retransmits":	145,
					"snd_cwnd":	698394,
					"snd_wnd":	4029184,
					"rtt":	1503,
					"rttvar":	22,
					"pmtu":	1446,
					"omitted":	false,
					"sender":	true
				}],
			"sum":	{
				"start":	0,
				"end":	2.000031,
				"seconds":	2.0000309944152832,
				"bytes":	1040187392,
				"bits_per_second":	4160685088.9992447,
				"retransmits":	145,
				"omitted":	false,
				"sender":	true
			}
		}, {
			"streams":	[{
					"socket":	5,
					"start":	2.000031,
					"end":	4.00006,
					"seconds":	2.00002908706665,
					"bytes":	985399296,
					"bits_per_second":	3941539860.0836921,
					"retransmits":	57,
					"snd_cwnd":	775064,
					"snd_wnd":	3973504,
					"rtt":	819,
					"rttvar":	97,
					"pmtu":	1446,
					"omitted":	false,
					"sender":	true
				}],
			"sum":	{
				"start":	2.000031,
				"end":	4.00006,
				"seconds":	2.00002908706665,
				"bytes":	985399296,
				"bits_per_second":	3941539860.0836921,
				"retransmits":	57,
				"omitted":	false,
				"sender":	true
			}
		}, {
			"streams":	[{
					"socket":	5,
					"start":	4.00006,
					"end":	6.000031,
					"seconds":	1.9999710321426392,
					"bytes":	933101568,
					"bits_per_second":	3732460332.689261,
					"retransmits":	95,
					"snd_cwnd":	593844,
					"snd_wnd":	3973504,
					"rtt":	1634,
					"rttvar":	214,
					"pmtu":	1446,
					"omitted":	false,
					"sender":	true
				}],
			"sum":	{
				"start":	4.00006,
				"end":	6.000031,
				"seconds":	1.9999710321426392,
				"bytes":	933101568,
				"bits_per_second":	3732460332.689261,
				"retransmits":	95,
				"omitted":	false,
				"sender":	true
			}
		}, {
			"streams":	[{
					"socket":	5,
					"start":	6.000031,
					"end":	8.000032,
					"seconds":	2.0000009536743164,
					"bytes":	900464640,
					"bits_per_second":	3601856842.5008187,
					"retransmits":	46,
					"snd_cwnd":	768094,
					"snd_wnd":	3985920,
					"rtt":	1530,
					"rttvar":	318,
					"pmtu":	1446,
					"omitted":	false,
					"sender":	true
				}],
			"sum":	{
				"start":	6.000031,
				"end":	8.000032,
				"seconds":	2.0000009536743164,
				"bytes":	900464640,
				"bits_per_second":	3601856842.5008187,
				"retransmits":	46,
				"omitted":	false,
				"sender":	true
			}
		}, {
			"streams":	[{
					"socket":	5,
					"start":	8.000032,
					"end":	10.000279,
					"seconds":	2.0002470016479492,
					"bytes":	846725120,
					"bits_per_second":	3386482246.652163,
					"retransmits":	5,
					"snd_cwnd":	812702,
					"snd_wnd":	4016384,
					"rtt":	327,
					"rttvar":	47,
					"pmtu":	1446,
					"omitted":	false,
					"sender":	true
				}],
			"sum":	{
				"start":	8.000032,
				"end":	10.000279,
				"seconds":	2.0002470016479492,
				"bytes":	846725120,
				"bits_per_second":	3386482246.652163,
				"retransmits":	5,
				"omitted":	false,
				"sender":	true
			}
		}],
	"end":	{
		"streams":	[{
				"sender":	{
					"socket":	5,
					"start":	0,
					"end":	10.000279,
					"seconds":	10.000279,
					"bytes":	4758306816,
					"bits_per_second":	3806539250.3549147,
					"retransmits":	348,
					"max_snd_cwnd":	812702,
					"max_snd_wnd":	4029184,
					"max_rtt":	1634,
					"min_rtt":	327,
					"mean_rtt":	1162,
					"sender":	true
				},
				"receiver":	{
					"socket":	5,
					"start":	0,
					"end":	10.000769,
					"seconds":	10.000279,
					"bytes":	4758306816,
					"bits_per_second":	3806352744.2739654,
					"sender":	true
				}
			}],
		"sum_sent":	{
			"start":	0,
			"end":	10.000279,
			"seconds":	10.000279,
			"bytes":	4758306816,
			"bits_per_second":	3806539250.3549147,
			"retransmits":	348,
			"sender":	true
		},
		"sum_received":	{
			"start":	0,
			"end":	10.000769,
			"seconds":	10.000769,
			"bytes":	4758306816,
			"bits_per_second":	3806352744.2739654,
			"sender":	true
		},
		"cpu_utilization_percent":	{
			"host_total":	81.671656511500032,
			"host_user":	0.13056285709686319,
			"host_system":	81.541103653090346,
			"remote_total":	11.920652109787547,
			"remote_user":	0.706695584439998,
			"remote_system":	11.213976523807666
		},
		"sender_tcp_congestion":	"cubic",
		"receiver_tcp_congestion":	"cubic"
	}
}
