{
	"start":	{
		"connected":	[{
				"socket":	5,
				"local_host":	"192.0.1.254",
				"local_port":	37042,
				"remote_host":	"192.0.2.254",
				"remote_port":	5201
			}],
		"version":	"iperf 3.16",
		"system_info":	"Linux lab-dd2 6.8.0-100-generic #100-Ubuntu SMP PREEMPT_DYNAMIC Tue Jan 13 16:40:06 UTC 2026 x86_64",
		"timestamp":	{
			"time":	"Thu, 19 Mar 2026 06:53:21 GMT",
			"timesecs":	1773903201
		},
		"connecting_to":	{
			"host":	"192.0.2.254",
			"port":	5201
		},
		"cookie":	"imkutfsbluf4offpy5h7mcgqkwxrzuvxs3xh",
		"tcp_mss_default":	1394,
		"target_bitrate":	10000000000,
		"fq_rate":	0,
		"sock_bufsize":	0,
		"sndbuf_actual":	16384,
		"rcvbuf_actual":	131072,
		"test_start":	{
			"protocol":	"TCP",
			"num_streams":	1,
			"blksize":	131072,
			"omit":	0,
			"duration":	10,
			"bytes":	0,
			"blocks":	0,
			"reverse":	0,
			"tos":	0,
			"target_bitrate":	10000000000,
			"bidir":	0,
			"fqrate":	0
		}
	},
	"intervals":	[{
			"streams":	[{
					"socket":	5,
					"start":	0,
					"end":	2.000058,
					"seconds":	2.0000579357147217,
					"bytes":	1146617856,
					"bits_per_second":	4586338567.5985651,
					"retransmits":	186,
					"snd_cwnd":	454444,
					"snd_wnd":	4011904,
					"rtt":	851,
					"rttvar":	108,
					"pmtu":	1446,
					"omitted":	false,
					"sender":	true
				}],
			"sum":	{
				"start":	0,
				"end":	2.000058,
				"seconds":	2.0000579357147217,
				"bytes":	1146617856,
				"bits_per_second":	4586338567.5985651,
				"retransmits":	186,
				"omitted":	false,
				"sender":	true
			}
		}, {
			"streams":	[{
					"socket":	5,
					"start":	2.000058,
					"end":	4.000057,
					"seconds":	1.9999990463256836,
					"bytes":	1077936128,
					"bits_per_second":	4311746568.00098,
					"retransmits":	358,
					"snd_cwnd":	708152,
					"snd_wnd":	3973504,
					"rtt":	1074,
					"rttvar":	98,
					"pmtu":	1446,
					"omitted":	false,
					"sender":	true
				}],
			"sum":	{
				"start":	2.000058,
				"end":	4.000057,
				"seconds":	1.9999990463256836,
				"bytes":	1077936128,
				"bits_per_second":	4311746568.00098,
				"retransmits":	358,
				"omitted":	false,
				"sender":	true
			}
		}, {
			"streams":	[{
					"socket":	5,
					"start":	4.000057,
					"end":	6.000057,
					"seconds":	2,
					"bytes":	1202454528,
					"bits_per_second":	4809818112,
					"retransmits":	312,
					"snd_cwnd":	805732,
					"snd_wnd":	3973504,
					"rtt":	1654,
					"rttvar":	580,
					"pmtu":	1446,
					"omitted":	false,
					"sender":	true
				}],
			"sum":	{
				"start":	4.000057,
				"end":	6.000057,
				"seconds":	2,
				"bytes":	1202454528,
				"bits_per_second":	4809818112,
				"retransmits":	312,
				"omitted":	false,
				"sender":	true
			}
		}, {
			"streams":	[{
					"socket":	5,
					"start":	6.000057,
					"end":	8.000057,
					"seconds":	2,
					"bytes":	1168637952,
					"bits_per_second":	4674551808,
					"retransmits":	18,
					"snd_cwnd":	805732,
					"snd_wnd":	3973504,
					"rtt":	1166,
					"rttvar":	123,
					"pmtu":	1446,
					"omitted":	false,
					"sender":	true
				}],
			"sum":	{
				"start":	6.000057,
				"end":	8.000057,
				"seconds":	2,
				"bytes":	1168637952,
				"bits_per_second":	4674551808,
				"retransmits":	18,
				"omitted":	false,
				"sender":	true
			}
		}, {
			"streams":	[{
					"socket":	5,
					"start":	8.000057,
					"end":	10.000394,
					"seconds":	2.00033688545227,
					"bytes":	1126694912,
					"bits_per_second":	4506020641.5991077,
					"retransmits":	142,
					"snd_cwnd":	691424,
					"snd_wnd":	3973504,
					"rtt":	1672,
					"rttvar":	530,
					"pmtu":	1446,
					"omitted":	false,
					"sender":	true
				}],
			"sum":	{
				"start":	8.000057,
				"end":	10.000394,
				"seconds":	2.00033688545227,
				"bytes":	1126694912,
				"bits_per_second":	4506020641.5991077,
				"retransmits":	142,
				"omitted":	false,
				"sender":	true
			}
		}],
	"end":	{
		"streams":	[{
				"sender":	{
					"socket":	5,
					"start":	0,
					"end":	10.000394,
					"seconds":	10.000394,
					"bytes":	5728370688,
					"bits_per_second":	4582515999.2696285,
					"retransmits":	1016,
					"max_snd_cwnd":	805732,
					"max_snd_wnd":	4011904,
					"max_rtt":	1672,
					"min_rtt":	851,
					"mean_rtt":	1283,
					"sender":	true
				},
				"receiver":	{
					"socket":	5,
					"start":	0,
					"end":	10.000967,
					"seconds":	10.000394,
					"bytes":	5727191040,
					"bits_per_second":	4581309819.34047,
					"sender":	true
				}
			}],
		"sum_sent":	{
			"start":	0,
			"end":	10.000394,
			"seconds":	10.000394,
			"bytes":	5728370688,
			"bits_per_second":	4582515999.2696285,
			"retransmits":	1016,
			"sender":	true
		},
		"sum_received":	{
			"start":	0,
			"end":	10.000967,
			"seconds":	10.000967,
			"bytes":	5727191040,
			"bits_per_second":	4581309819.34047,
			"sender":	true
		},
		"cpu_utilization_percent":	{
			"host_total":	69.815711837200425,
			"host_user":	0.27155192841963555,
			"host_system":	69.5441599087808,
			"remote_total":	13.690349714762926,
			"remote_user":	0.672654147158993,
			"remote_system":	13.017715565646123
		},
		"sender_tcp_congestion":	"cubic",
		"receiver_tcp_congestion":	"cubic"
	}
}
