{
	"start":	{
		"connected":	[{
				"socket":	5,
				"local_host":	"192.0.1.254",
				"local_port":	59212,
				"remote_host":	"192.0.2.254",
				"remote_port":	5201
			}],
		"version":	"iperf 3.16",
		"system_info":	"Linux lab-dd2 6.8.0-100-generic #100-Ubuntu SMP PREEMPT_DYNAMIC Tue Jan 13 16:40:06 UTC 2026 x86_64",
		"timestamp":	{
			"time":	"Thu, 19 Mar 2026 06:46:30 GMT",
			"timesecs":	1773902790
		},
		"connecting_to":	{
			"host":	"192.0.2.254",
			"port":	5201
		},
		"cookie":	"uwfyl3hbnfv3aaehmodb7pkreckn43jibf3p",
		"tcp_mss_default":	1394,
		"target_bitrate":	7000000000,
		"fq_rate":	0,
		"sock_bufsize":	0,
		"sndbuf_actual":	16384,
		"rcvbuf_actual":	131072,
		"test_start":	{
			"protocol":	"TCP",
			"num_streams":	1,
			"blksize":	131072,
			"omit":	0,
			"duration":	10,
			"bytes":	0,
			"blocks":	0,
			"reverse":	0,
			"tos":	0,
			"target_bitrate":	7000000000,
			"bidir":	0,
			"fqrate":	0
		}
	},
	"intervals":	[{
			"streams":	[{
					"socket":	5,
					"start":	0,
					"end":	2.000054,
					"seconds":	2.000053882598877,
					"bytes":	964034560,
					"bits_per_second":	3856034353.42384,
					"retransmits":	31,
					"snd_cwnd":	850340,
					"snd_wnd":	4030464,
					"rtt":	336,
					"rttvar":	53,
					"pmtu":	1446,
					"omitted":	false,
					"sender":	true
				}],
			"sum":	{
				"start":	0,
				"end":	2.000054,
				"seconds":	2.000053882598877,
				"bytes":	964034560,
				"bits_per_second":	3856034353.42384,
				"retransmits":	31,
				"omitted":	false,
				"sender":	true
			}
		}, {
			"streams":	[{
					"socket":	5,
					"start":	2.000054,
					"end":	4.000055,
					"seconds":	2.0000009536743164,
					"bytes":	935591936,
					"bits_per_second":	3742365959.50085,
					"retransmits":	18,
					"snd_cwnd":	823854,
					"snd_wnd":	3982080,
					"rtt":	1897,
					"rttvar":	199,
					"pmtu":	1446,
					"omitted":	false,
					"sender":	true
				}],
			"sum":	{
				"start":	2.000054,
				"end":	4.000055,
				"seconds":	2.0000009536743164,
				"bytes":	935591936,
				"bits_per_second":	3742365959.50085,
				"retransmits":	18,
				"omitted":	false,
				"sender":	true
			}
		}, {
			"streams":	[{
					"socket":	5,
					"start":	4.000055,
					"end":	6.000055,
					"seconds":	2,
					"bytes":	941752320,
					"bits_per_second":	3767009280,
					"retransmits":	52,
					"snd_cwnd":	814096,
					"snd_wnd":	3992064,
					"rtt":	1514,
					"rttvar":	372,
					"pmtu":	1446,
					"omitted":	false,
					"sender":	true
				}],
			"sum":	{
				"start":	4.000055,
				"end":	6.000055,
				"seconds":	2,
				"bytes":	941752320,
				"bits_per_second":	3767009280,
				"retransmits":	52,
				"omitted":	false,
				"sender":	true
			}
		}, {
			"streams":	[{
					"socket":	5,
					"start":	6.000055,
					"end":	8.000055,
					"seconds":	2,
					"bytes":	903217152,
					"bits_per_second":	3612868608,
					"retransmits":	4,
					"snd_cwnd":	818278,
					"snd_wnd":	4004352,
					"rtt":	1442,
					"rttvar":	464,
					"pmtu":	1446,
					"omitted":	false,
					"sender":	true
				}],
			"sum":	{
				"start":	6.000055,
				"end":	8.000055,
				"seconds":	2,
				"bytes":	903217152,
				"bits_per_second":	3612868608,
				"retransmits":	4,
				"omitted":	false,
				"sender":	true
			}
		}, {
			"streams":	[{
					"socket":	5,
					"start":	8.000055,
					"end":	10.001651,
					"seconds":	2.0015959739685059,
					"bytes":	893124608,
					"bits_per_second":	3569649897.8431811,
					"retransmits":	3,
					"snd_cwnd":	841976,
					"snd_wnd":	3973504,
					"rtt":	2368,
					"rttvar":	351,
					"pmtu":	1446,
					"omitted":	false,
					"sender":	true
				}],
			"sum":	{
				"start":	8.000055,
				"end":	10.001651,
				"seconds":	2.0015959739685059,
				"bytes":	893124608,
				"bits_per_second":	3569649897.8431811,
				"retransmits":	3,
				"omitted":	false,
				"sender":	true
			}
		}],
	"end":	{
		"streams":	[{
				"sender":	{
					"socket":	5,
					"start":	0,
					"end":	10.001651,
					"seconds":	10.001651,
					"bytes":	4705353728,
					"bits_per_second":	3763661601.8695312,
					"retransmits":	108,
					"max_snd_cwnd":	850340,
					"max_snd_wnd":	4030464,
					"max_rtt":	2368,
					"min_rtt":	336,
					"mean_rtt":	1511,
					"sender":	true
				},
				"receiver":	{
					"socket":	5,
					"start":	0,
					"end":	10.003867,
					"seconds":	10.001651,
					"bytes":	4705091584,
					"bits_per_second":	3762618262.7178073,
					"sender":	true
				}
			}],
		"sum_sent":	{
			"start":	0,
			"end":	10.001651,
			"seconds":	10.001651,
			"bytes":	4705353728,
			"bits_per_second":	3763661601.8695312,
			"retransmits":	108,
			"sender":	true
		},
		"sum_received":	{
			"start":	0,
			"end":	10.003867,
			"seconds":	10.003867,
			"bytes":	4705091584,
			"bits_per_second":	3762618262.7178073,
			"sender":	true
		},
		"cpu_utilization_percent":	{
			"host_total":	89.1870243892783,
			"host_user":	0.17049231329997,
			"host_system":	89.016542073182123,
			"remote_total":	11.938664216684661,
			"remote_user":	0.58553263767679,
			"remote_system":	11.353141575126378
		},
		"sender_tcp_congestion":	"cubic",
		"receiver_tcp_congestion":	"cubic"
	}
}
