{
	"start":	{
		"connected":	[{
				"socket":	5,
				"local_host":	"192.0.1.254",
				"local_port":	33346,
				"remote_host":	"192.0.2.254",
				"remote_port":	5201
			}],
		"version":	"iperf 3.16",
		"system_info":	"Linux lab-dd2 6.8.0-100-generic #100-Ubuntu SMP PREEMPT_DYNAMIC Tue Jan 13 16:40:06 UTC 2026 x86_64",
		"timestamp":	{
			"time":	"Thu, 19 Mar 2026 06:41:30 GMT",
			"timesecs":	1773902490
		},
		"connecting_to":	{
			"host":	"192.0.2.254",
			"port":	5201
		},
		"cookie":	"bqr54cclz2c2yvqtaluyxzt2cmwysu6vra7m",
		"tcp_mss_default":	1394,
		"target_bitrate":	4000000000,
		"fq_rate":	0,
		"sock_bufsize":	0,
		"sndbuf_actual":	16384,
		"rcvbuf_actual":	131072,
		"test_start":	{
			"protocol":	"TCP",
			"num_streams":	1,
			"blksize":	131072,
			"omit":	0,
			"duration":	10,
			"bytes":	0,
			"blocks":	0,
			"reverse":	0,
			"tos":	0,
			"target_bitrate":	4000000000,
			"bidir":	0,
			"fqrate":	0
		}
	},
	"intervals":	[{
			"streams":	[{
					"socket":	5,
					"start":	0,
					"end":	2.000054,
					"seconds":	2.000053882598877,
					"bytes":	999686144,
					"bits_per_second":	3998636847.5273452,
					"retransmits":	92,
					"snd_cwnd":	731850,
					"snd_wnd":	3973504,
					"rtt":	583,
					"rttvar":	118,
					"pmtu":	1446,
					"omitted":	false,
					"sender":	true
				}],
			"sum":	{
				"start":	0,
				"end":	2.000054,
				"seconds":	2.000053882598877,
				"bytes":	999686144,
				"bits_per_second":	3998636847.5273452,
				"retransmits":	92,
				"omitted":	false,
				"sender":	true
			}
		}, {
			"streams":	[{
					"socket":	5,
					"start":	2.000054,
					"end":	4.000056,
					"seconds":	2.0000019073486328,
					"bytes":	935329792,
					"bits_per_second":	3741315600.0034027,
					"retransmits":	9,
					"snd_cwnd":	762518,
					"snd_wnd":	3973504,
					"rtt":	2359,
					"rttvar":	450,
					"pmtu":	1446,
					"omitted":	false,
					"sender":	true
				}],
			"sum":	{
				"start":	2.000054,
				"end":	4.000056,
				"seconds":	2.0000019073486328,
				"bytes":	935329792,
				"bits_per_second":	3741315600.0034027,
				"retransmits":	9,
				"omitted":	false,
				"sender":	true
			}
		}, {
			"streams":	[{
					"socket":	5,
					"start":	4.000056,
					"end":	6.000055,
					"seconds":	1.9999990463256836,
					"bytes":	886177792,
					"bits_per_second":	3544712858.2508059,
					"retransmits":	203,
					"snd_cwnd":	798762,
					"snd_wnd":	3974656,
					"rtt":	2208,
					"rttvar":	369,
					"pmtu":	1446,
					"omitted":	false,
					"sender":	true
				}],
			"sum":	{
				"start":	4.000056,
				"end":	6.000055,
				"seconds":	1.9999990463256836,
				"bytes":	886177792,
				"bits_per_second":	3544712858.2508059,
				"retransmits":	203,
				"omitted":	false,
				"sender":	true
			}
		}, {
			"streams":	[{
					"socket":	5,
					"start":	6.000055,
					"end":	8.000056,
					"seconds":	2.0000009536743164,
					"bytes":	1041629184,
					"bits_per_second":	4166514749.2509475,
					"retransmits":	98,
					"snd_cwnd":	690030,
					"snd_wnd":	3982080,
					"rtt":	1198,
					"rttvar":	145,
					"pmtu":	1446,
					"omitted":	false,
					"sender":	true
				}],
			"sum":	{
				"start":	6.000055,
				"end":	8.000056,
				"seconds":	2.0000009536743164,
				"bytes":	1041629184,
				"bits_per_second":	4166514749.2509475,
				"retransmits":	98,
				"omitted":	false,
				"sender":	true
			}
		}, {
			"streams":	[{
					"socket":	5,
					"start":	8.000056,
					"end":	10.000443,
					"seconds":	2.0003869533538818,
					"bytes":	948305920,
					"bits_per_second":	3792489921.6526265,
					"retransmits":	510,
					"snd_cwnd":	688636,
					"snd_wnd":	4030464,
					"rtt":	1836,
					"rttvar":	216,
					"pmtu":	1446,
					"omitted":	false,
					"sender":	true
				}],
			"sum":	{
				"start":	8.000056,
				"end":	10.000443,
				"seconds":	2.0003869533538818,
				"bytes":	948305920,
				"bits_per_second":	3792489921.6526265,
				"retransmits":	510,
				"omitted":	false,
				"sender":	true
			}
		}],
	"end":	{
		"streams":	[{
				"sender":	{
					"socket":	5,
					"start":	0,
					"end":	10.000443,
					"seconds":	10.000443,
					"bytes":	4813094912,
					"bits_per_second":	3850305361.072504,
					"retransmits":	912,
					"max_snd_cwnd":	798762,
					"max_snd_wnd":	4030464,
					"max_rtt":	2359,
					"min_rtt":	583,
					"mean_rtt":	1636,
					"sender":	true
				},
				"receiver":	{
					"socket":	5,
					"start":	0,
					"end":	10.001931,
					"seconds":	10.000443,
					"bytes":	4811522048,
					"bits_per_second":	3848474497.9744411,
					"sender":	true
				}
			}],
		"sum_sent":	{
			"start":	0,
			"end":	10.000443,
			"seconds":	10.000443,
			"bytes":	4813094912,
			"bits_per_second":	3850305361.072504,
			"retransmits":	912,
			"sender":	true
		},
		"sum_received":	{
			"start":	0,
			"end":	10.001931,
			"seconds":	10.001931,
			"bytes":	4811522048,
			"bits_per_second":	3848474497.9744411,
			"sender":	true
		},
		"cpu_utilization_percent":	{
			"host_total":	78.348704374185047,
			"host_user":	6.7790924515139555,
			"host_system":	71.5696219212883,
			"remote_total":	11.9285834690903,
			"remote_user":	0.77602929511088947,
			"remote_system":	11.15256417203779
		},
		"sender_tcp_congestion":	"cubic",
		"receiver_tcp_congestion":	"cubic"
	}
}
