{
	"start":	{
		"connected":	[{
				"socket":	5,
				"local_host":	"192.0.1.254",
				"local_port":	34108,
				"remote_host":	"192.0.2.254",
				"remote_port":	5201
			}],
		"version":	"iperf 3.16",
		"system_info":	"Linux lab-dd2 6.8.0-100-generic #100-Ubuntu SMP PREEMPT_DYNAMIC Tue Jan 13 16:40:06 UTC 2026 x86_64",
		"timestamp":	{
			"time":	"Thu, 19 Mar 2026 06:40:00 GMT",
			"timesecs":	1773902400
		},
		"connecting_to":	{
			"host":	"192.0.2.254",
			"port":	5201
		},
		"cookie":	"7ripbedvnhxtuj2aypg67ksxp2xciyoxwpjo",
		"tcp_mss_default":	1394,
		"target_bitrate":	3000000000,
		"fq_rate":	0,
		"sock_bufsize":	0,
		"sndbuf_actual":	16384,
		"rcvbuf_actual":	131072,
		"test_start":	{
			"protocol":	"TCP",
			"num_streams":	1,
			"blksize":	131072,
			"omit":	0,
			"duration":	10,
			"bytes":	0,
			"blocks":	0,
			"reverse":	0,
			"tos":	0,
			"target_bitrate":	3000000000,
			"bidir":	0,
			"fqrate":	0
		}
	},
	"intervals":	[{
			"streams":	[{
					"socket":	5,
					"start":	0,
					"end":	2.000057,
					"seconds":	2.0000569820404053,
					"bytes":	749731840,
					"bits_per_second":	2998841919.9342747,
					"retransmits":	250,
					"snd_cwnd":	634270,
					"snd_wnd":	4025088,
					"rtt":	412,
					"rttvar":	48,
					"pmtu":	1446,
					"omitted":	false,
					"sender":	true
				}],
			"sum":	{
				"start":	0,
				"end":	2.000057,
				"seconds":	2.0000569820404053,
				"bytes":	749731840,
				"bits_per_second":	2998841919.9342747,
				"retransmits":	250,
				"omitted":	false,
				"sender":	true
			}
		}, {
			"streams":	[{
					"socket":	5,
					"start":	2.000057,
					"end":	4.000058,
					"seconds":	2.0000009536743164,
					"bytes":	750125056,
					"bits_per_second":	3000498793.2506824,
					"retransmits":	31,
					"snd_cwnd":	683060,
					"snd_wnd":	4030464,
					"rtt":	392,
					"rttvar":	177,
					"pmtu":	1446,
					"omitted":	false,
					"sender":	true
				}],
			"sum":	{
				"start":	2.000057,
				"end":	4.000058,
				"seconds":	2.0000009536743164,
				"bytes":	750125056,
				"bits_per_second":	3000498793.2506824,
				"retransmits":	31,
				"omitted":	false,
				"sender":	true
			}
		}, {
			"streams":	[{
					"socket":	5,
					"start":	4.000058,
					"end":	6.000057,
					"seconds":	1.9999990463256836,
					"bytes":	749862912,
					"bits_per_second":	2999453078.2506819,
					"retransmits":	0,
					"snd_cwnd":	683060,
					"snd_wnd":	4025088,
					"rtt":	509,
					"rttvar":	156,
					"pmtu":	1446,
					"omitted":	false,
					"sender":	true
				}],
			"sum":	{
				"start":	4.000058,
				"end":	6.000057,
				"seconds":	1.9999990463256836,
				"bytes":	749862912,
				"bits_per_second":	2999453078.2506819,
				"retransmits":	0,
				"omitted":	false,
				"sender":	true
			}
		}, {
			"streams":	[{
					"socket":	5,
					"start":	6.000057,
					"end":	8.000057,
					"seconds":	2,
					"bytes":	749993984,
					"bits_per_second":	2999975936,
					"retransmits":	0,
					"snd_cwnd":	684454,
					"snd_wnd":	3973504,
					"rtt":	311,
					"rttvar":	34,
					"pmtu":	1446,
					"omitted":	false,
					"sender":	true
				}],
			"sum":	{
				"start":	6.000057,
				"end":	8.000057,
				"seconds":	2,
				"bytes":	749993984,
				"bits_per_second":	2999975936,
				"retransmits":	0,
				"omitted":	false,
				"sender":	true
			}
		}, {
			"streams":	[{
					"socket":	5,
					"start":	8.000057,
					"end":	10.000292,
					"seconds":	2.0002350807189941,
					"bytes":	749338624,
					"bits_per_second":	2997002227.2807918,
					"retransmits":	14,
					"snd_cwnd":	685848,
					"snd_wnd":	4004352,
					"rtt":	1659,
					"rttvar":	108,
					"pmtu":	1446,
					"omitted":	false,
					"sender":	true
				}],
			"sum":	{
				"start":	8.000057,
				"end":	10.000292,
				"seconds":	2.0002350807189941,
				"bytes":	749338624,
				"bits_per_second":	2997002227.2807918,
				"retransmits":	14,
				"omitted":	false,
				"sender":	true
			}
		}],
	"end":	{
		"streams":	[{
				"sender":	{
					"socket":	5,
					"start":	0,
					"end":	10.000292,
					"seconds":	10.000292,
					"bytes":	3749838848,
					"bits_per_second":	2999783484.7222462,
					"retransmits":	295,
					"max_snd_cwnd":	685848,
					"max_snd_wnd":	4030464,
					"max_rtt":	1659,
					"min_rtt":	311,
					"mean_rtt":	656,
					"sender":	true
				},
				"receiver":	{
					"socket":	5,
					"start":	0,
					"end":	10.002093,
					"seconds":	10.000292,
					"bytes":	3749838848,
					"bits_per_second":	2999243336.7696142,
					"sender":	true
				}
			}],
		"sum_sent":	{
			"start":	0,
			"end":	10.000292,
			"seconds":	10.000292,
			"bytes":	3749838848,
			"bits_per_second":	2999783484.7222462,
			"retransmits":	295,
			"sender":	true
		},
		"sum_received":	{
			"start":	0,
			"end":	10.002093,
			"seconds":	10.002093,
			"bytes":	3749838848,
			"bits_per_second":	2999243336.7696142,
			"sender":	true
		},
		"cpu_utilization_percent":	{
			"host_total":	100.23222978690471,
			"host_user":	32.841747288677745,
			"host_system":	67.390492496926143,
			"remote_total":	9.8699723708159439,
			"remote_user":	0.25151705565978361,
			"remote_system":	9.61845531515616
		},
		"sender_tcp_congestion":	"cubic",
		"receiver_tcp_congestion":	"cubic"
	}
}
