{
	"start":	{
		"connected":	[{
				"socket":	5,
				"local_host":	"192.0.1.254",
				"local_port":	40988,
				"remote_host":	"192.0.2.254",
				"remote_port":	5201
			}],
		"version":	"iperf 3.16",
		"system_info":	"Linux lab-dd2 6.8.0-100-generic #100-Ubuntu SMP PREEMPT_DYNAMIC Tue Jan 13 16:40:06 UTC 2026 x86_64",
		"timestamp":	{
			"time":	"Thu, 19 Mar 2026 06:41:00 GMT",
			"timesecs":	1773902460
		},
		"connecting_to":	{
			"host":	"192.0.2.254",
			"port":	5201
		},
		"cookie":	"qwcefeg3kadeammg6to6wp35axbreqadsjkq",
		"tcp_mss_default":	1394,
		"target_bitrate":	4000000000,
		"fq_rate":	0,
		"sock_bufsize":	0,
		"sndbuf_actual":	16384,
		"rcvbuf_actual":	131072,
		"test_start":	{
			"protocol":	"TCP",
			"num_streams":	1,
			"blksize":	131072,
			"omit":	0,
			"duration":	10,
			"bytes":	0,
			"blocks":	0,
			"reverse":	0,
			"tos":	0,
			"target_bitrate":	4000000000,
			"bidir":	0,
			"fqrate":	0
		}
	},
	"intervals":	[{
			"streams":	[{
					"socket":	5,
					"start":	0,
					"end":	2.000057,
					"seconds":	2.0000569820404053,
					"bytes":	962723840,
					"bits_per_second":	3850785647.18833,
					"retransmits":	79,
					"snd_cwnd":	773670,
					"snd_wnd":	3973504,
					"rtt":	1875,
					"rttvar":	115,
					"pmtu":	1446,
					"omitted":	false,
					"sender":	true
				}],
			"sum":	{
				"start":	0,
				"end":	2.000057,
				"seconds":	2.0000569820404053,
				"bytes":	962723840,
				"bits_per_second":	3850785647.18833,
				"retransmits":	79,
				"omitted":	false,
				"sender":	true
			}
		}, {
			"streams":	[{
					"socket":	5,
					"start":	2.000057,
					"end":	4.000057,
					"seconds":	2,
					"bytes":	891158528,
					"bits_per_second":	3564634112,
					"retransmits":	0,
					"snd_cwnd":	777852,
					"snd_wnd":	4030464,
					"rtt":	1979,
					"rttvar":	295,
					"pmtu":	1446,
					"omitted":	false,
					"sender":	true
				}],
			"sum":	{
				"start":	2.000057,
				"end":	4.000057,
				"seconds":	2,
				"bytes":	891158528,
				"bits_per_second":	3564634112,
				"retransmits":	0,
				"omitted":	false,
				"sender":	true
			}
		}, {
			"streams":	[{
					"socket":	5,
					"start":	4.000057,
					"end":	6.000058,
					"seconds":	2.0000009536743164,
					"bytes":	872808448,
					"bits_per_second":	3491232127.2507939,
					"retransmits":	488,
					"snd_cwnd":	519962,
					"snd_wnd":	3973504,
					"rtt":	1257,
					"rttvar":	223,
					"pmtu":	1446,
					"omitted":	false,
					"sender":	true
				}],
			"sum":	{
				"start":	4.000057,
				"end":	6.000058,
				"seconds":	2.0000009536743164,
				"bytes":	872808448,
				"bits_per_second":	3491232127.2507939,
				"retransmits":	488,
				"omitted":	false,
				"sender":	true
			}
		}, {
			"streams":	[{
					"socket":	5,
					"start":	6.000058,
					"end":	8.000057,
					"seconds":	1.9999990463256836,
					"bytes":	852754432,
					"bits_per_second":	3411019354.5007758,
					"retransmits":	33,
					"snd_cwnd":	741608,
					"snd_wnd":	4030464,
					"rtt":	1673,
					"rttvar":	333,
					"pmtu":	1446,
					"omitted":	false,
					"sender":	true
				}],
			"sum":	{
				"start":	6.000058,
				"end":	8.000057,
				"seconds":	1.9999990463256836,
				"bytes":	852754432,
				"bits_per_second":	3411019354.5007758,
				"retransmits":	33,
				"omitted":	false,
				"sender":	true
			}
		}, {
			"streams":	[{
					"socket":	5,
					"start":	8.000057,
					"end":	10.000334,
					"seconds":	2.000277042388916,
					"bytes":	756678656,
					"bits_per_second":	3026295417.9439235,
					"retransmits":	75,
					"snd_cwnd":	724880,
					"snd_wnd":	4030464,
					"rtt":	286,
					"rttvar":	61,
					"pmtu":	1446,
					"omitted":	false,
					"sender":	true
				}],
			"sum":	{
				"start":	8.000057,
				"end":	10.000334,
				"seconds":	2.000277042388916,
				"bytes":	756678656,
				"bits_per_second":	3026295417.9439235,
				"retransmits":	75,
				"omitted":	false,
				"sender":	true
			}
		}],
	"end":	{
		"streams":	[{
				"sender":	{
					"socket":	5,
					"start":	0,
					"end":	10.000334,
					"seconds":	10.000334,
					"bytes":	4471652352,
					"bits_per_second":	3577202403.0397382,
					"retransmits":	675,
					"max_snd_cwnd":	777852,
					"max_snd_wnd":	4030464,
					"max_rtt":	1979,
					"min_rtt":	286,
					"mean_rtt":	1414,
					"sender":	true
				},
				"receiver":	{
					"socket":	5,
					"start":	0,
					"end":	10.00049,
					"seconds":	10.000334,
					"bytes":	4471652352,
					"bits_per_second":	3577146601.4165311,
					"sender":	true
				}
			}],
		"sum_sent":	{
			"start":	0,
			"end":	10.000334,
			"seconds":	10.000334,
			"bytes":	4471652352,
			"bits_per_second":	3577202403.0397382,
			"retransmits":	675,
			"sender":	true
		},
		"sum_received":	{
			"start":	0,
			"end":	10.00049,
			"seconds":	10.00049,
			"bytes":	4471652352,
			"bits_per_second":	3577146601.4165311,
			"sender":	true
		},
		"cpu_utilization_percent":	{
			"host_total":	88.1478199677361,
			"host_user":	0.4922672851478721,
			"host_system":	87.6555626813144,
			"remote_total":	11.869955315238705,
			"remote_user":	0.623278773733436,
			"remote_system":	11.246676541505272
		},
		"sender_tcp_congestion":	"cubic",
		"receiver_tcp_congestion":	"cubic"
	}
}
