{
	"start":	{
		"connected":	[{
				"socket":	5,
				"local_host":	"192.0.1.254",
				"local_port":	36662,
				"remote_host":	"192.0.2.254",
				"remote_port":	5201
			}],
		"version":	"iperf 3.16",
		"system_info":	"Linux lab-dd2 6.8.0-100-generic #100-Ubuntu SMP PREEMPT_DYNAMIC Tue Jan 13 16:40:06 UTC 2026 x86_64",
		"timestamp":	{
			"time":	"Thu, 19 Mar 2026 06:46:40 GMT",
			"timesecs":	1773902800
		},
		"connecting_to":	{
			"host":	"192.0.2.254",
			"port":	5201
		},
		"cookie":	"24lxzj74ihhkwl4hqsridxa7tegouadjcwd7",
		"tcp_mss_default":	1394,
		"target_bitrate":	7000000000,
		"fq_rate":	0,
		"sock_bufsize":	0,
		"sndbuf_actual":	16384,
		"rcvbuf_actual":	131072,
		"test_start":	{
			"protocol":	"TCP",
			"num_streams":	1,
			"blksize":	131072,
			"omit":	0,
			"duration":	10,
			"bytes":	0,
			"blocks":	0,
			"reverse":	0,
			"tos":	0,
			"target_bitrate":	7000000000,
			"bidir":	0,
			"fqrate":	0
		}
	},
	"intervals":	[{
			"streams":	[{
					"socket":	5,
					"start":	0,
					"end":	2.000057,
					"seconds":	2.0000569820404053,
					"bytes":	906362880,
					"bits_per_second":	3625348230.1303339,
					"retransmits":	162,
					"snd_cwnd":	652392,
					"snd_wnd":	4027904,
					"rtt":	238,
					"rttvar":	121,
					"pmtu":	1446,
					"omitted":	false,
					"sender":	true
				}],
			"sum":	{
				"start":	0,
				"end":	2.000057,
				"seconds":	2.0000569820404053,
				"bytes":	906362880,
				"bits_per_second":	3625348230.1303339,
				"retransmits":	162,
				"omitted":	false,
				"sender":	true
			}
		}, {
			"streams":	[{
					"socket":	5,
					"start":	2.000057,
					"end":	4.00006,
					"seconds":	2.0000030994415283,
					"bytes":	863895552,
					"bits_per_second":	3455576852.8207989,
					"retransmits":	1,
					"snd_cwnd":	662150,
					"snd_wnd":	3993344,
					"rtt":	655,
					"rttvar":	309,
					"pmtu":	1446,
					"omitted":	false,
					"sender":	true
				}],
			"sum":	{
				"start":	2.000057,
				"end":	4.00006,
				"seconds":	2.0000030994415283,
				"bytes":	863895552,
				"bits_per_second":	3455576852.8207989,
				"retransmits":	1,
				"omitted":	false,
				"sender":	true
			}
		}, {
			"streams":	[{
					"socket":	5,
					"start":	4.00006,
					"end":	6.000062,
					"seconds":	2.0000019073486328,
					"bytes":	867827712,
					"bits_per_second":	3471307537.5031571,
					"retransmits":	1,
					"snd_cwnd":	787610,
					"snd_wnd":	4030464,
					"rtt":	1744,
					"rttvar":	315,
					"pmtu":	1446,
					"omitted":	false,
					"sender":	true
				}],
			"sum":	{
				"start":	4.00006,
				"end":	6.000062,
				"seconds":	2.0000019073486328,
				"bytes":	867827712,
				"bits_per_second":	3471307537.5031571,
				"retransmits":	1,
				"omitted":	false,
				"sender":	true
			}
		}, {
			"streams":	[{
					"socket":	5,
					"start":	6.000062,
					"end":	8.000062,
					"seconds":	2,
					"bytes":	862453760,
					"bits_per_second":	3449815040,
					"retransmits":	56,
					"snd_cwnd":	630088,
					"snd_wnd":	4015616,
					"rtt":	1537,
					"rttvar":	364,
					"pmtu":	1446,
					"omitted":	false,
					"sender":	true
				}],
			"sum":	{
				"start":	6.000062,
				"end":	8.000062,
				"seconds":	2,
				"bytes":	862453760,
				"bits_per_second":	3449815040,
				"retransmits":	56,
				"omitted":	false,
				"sender":	true
			}
		}, {
			"streams":	[{
					"socket":	5,
					"start":	8.000062,
					"end":	10.000313,
					"seconds":	2.0002510547637939,
					"bytes":	900726784,
					"bits_per_second":	3602454929.2643275,
					"retransmits":	0,
					"snd_cwnd":	801550,
					"snd_wnd":	3973504,
					"rtt":	994,
					"rttvar":	97,
					"pmtu":	1446,
					"omitted":	false,
					"sender":	true
				}],
			"sum":	{
				"start":	8.000062,
				"end":	10.000313,
				"seconds":	2.0002510547637939,
				"bytes":	900726784,
				"bits_per_second":	3602454929.2643275,
				"retransmits":	0,
				"omitted":	false,
				"sender":	true
			}
		}],
	"end":	{
		"streams":	[{
				"sender":	{
					"socket":	5,
					"start":	0,
					"end":	10.000313,
					"seconds":	10.000313,
					"bytes":	4440064000,
					"bits_per_second":	3551940024.27724,
					"retransmits":	220,
					"max_snd_cwnd":	801550,
					"max_snd_wnd":	4030464,
					"max_rtt":	1744,
					"min_rtt":	238,
					"mean_rtt":	1033,
					"sender":	true
				},
				"receiver":	{
					"socket":	5,
					"start":	0,
					"end":	10.000718,
					"seconds":	10.000313,
					"bytes":	4440064000,
					"bits_per_second":	3551796181.0342016,
					"sender":	true
				}
			}],
		"sum_sent":	{
			"start":	0,
			"end":	10.000313,
			"seconds":	10.000313,
			"bytes":	4440064000,
			"bits_per_second":	3551940024.27724,
			"retransmits":	220,
			"sender":	true
		},
		"sum_received":	{
			"start":	0,
			"end":	10.000718,
			"seconds":	10.000718,
			"bytes":	4440064000,
			"bits_per_second":	3551796181.0342016,
			"sender":	true
		},
		"cpu_utilization_percent":	{
			"host_total":	87.4236717603986,
			"host_user":	0.2012422889368134,
			"host_system":	87.222439470084964,
			"remote_total":	10.118751449895608,
			"remote_user":	0.55853978513547031,
			"remote_system":	9.56023166332024
		},
		"sender_tcp_congestion":	"cubic",
		"receiver_tcp_congestion":	"cubic"
	}
}
