{
	"start":	{
		"connected":	[{
				"socket":	5,
				"local_host":	"192.0.1.254",
				"local_port":	44816,
				"remote_host":	"192.0.2.254",
				"remote_port":	5201
			}],
		"version":	"iperf 3.16",
		"system_info":	"Linux lab-dd2 6.8.0-100-generic #100-Ubuntu SMP PREEMPT_DYNAMIC Tue Jan 13 16:40:06 UTC 2026 x86_64",
		"timestamp":	{
			"time":	"Thu, 19 Mar 2026 06:45:00 GMT",
			"timesecs":	1773902700
		},
		"connecting_to":	{
			"host":	"192.0.2.254",
			"port":	5201
		},
		"cookie":	"k4vykkjfv2lv7hzz3hcd7i5tc3h6zhhzevwf",
		"tcp_mss_default":	1394,
		"target_bitrate":	6000000000,
		"fq_rate":	0,
		"sock_bufsize":	0,
		"sndbuf_actual":	16384,
		"rcvbuf_actual":	131072,
		"test_start":	{
			"protocol":	"TCP",
			"num_streams":	1,
			"blksize":	131072,
			"omit":	0,
			"duration":	10,
			"bytes":	0,
			"blocks":	0,
			"reverse":	0,
			"tos":	0,
			"target_bitrate":	6000000000,
			"bidir":	0,
			"fqrate":	0
		}
	},
	"intervals":	[{
			"streams":	[{
					"socket":	5,
					"start":	0,
					"end":	2.000055,
					"seconds":	2.0000550746917725,
					"bytes":	868483072,
					"bits_per_second":	3473836627.7592292,
					"retransmits":	47,
					"snd_cwnd":	625906,
					"snd_wnd":	4029184,
					"rtt":	367,
					"rttvar":	64,
					"pmtu":	1446,
					"omitted":	false,
					"sender":	true
				}],
			"sum":	{
				"start":	0,
				"end":	2.000055,
				"seconds":	2.0000550746917725,
				"bytes":	868483072,
				"bits_per_second":	3473836627.7592292,
				"retransmits":	47,
				"omitted":	false,
				"sender":	true
			}
		}, {
			"streams":	[{
					"socket":	5,
					"start":	2.000055,
					"end":	4.000054,
					"seconds":	1.9999990463256836,
					"bytes":	873988096,
					"bits_per_second":	3495954051.0007949,
					"retransmits":	46,
					"snd_cwnd":	482324,
					"snd_wnd":	4030464,
					"rtt":	1123,
					"rttvar":	233,
					"pmtu":	1446,
					"omitted":	false,
					"sender":	true
				}],
			"sum":	{
				"start":	2.000055,
				"end":	4.000054,
				"seconds":	1.9999990463256836,
				"bytes":	873988096,
				"bits_per_second":	3495954051.0007949,
				"retransmits":	46,
				"omitted":	false,
				"sender":	true
			}
		}, {
			"streams":	[{
					"socket":	5,
					"start":	4.000054,
					"end":	6.000058,
					"seconds":	2.0000040531158447,
					"bytes":	875560960,
					"bits_per_second":	3502236742.5143833,
					"retransmits":	150,
					"snd_cwnd":	461414,
					"snd_wnd":	3973504,
					"rtt":	1082,
					"rttvar":	185,
					"pmtu":	1446,
					"omitted":	false,
					"sender":	true
				}],
			"sum":	{
				"start":	4.000054,
				"end":	6.000058,
				"seconds":	2.0000040531158447,
				"bytes":	875560960,
				"bits_per_second":	3502236742.5143833,
				"retransmits":	150,
				"omitted":	false,
				"sender":	true
			}
		}, {
			"streams":	[{
					"socket":	5,
					"start":	6.000058,
					"end":	8.000058,
					"seconds":	2,
					"bytes":	873332736,
					"bits_per_second":	3493330944,
					"retransmits":	0,
					"snd_cwnd":	772276,
					"snd_wnd":	3973504,
					"rtt":	1892,
					"rttvar":	293,
					"pmtu":	1446,
					"omitted":	false,
					"sender":	true
				}],
			"sum":	{
				"start":	6.000058,
				"end":	8.000058,
				"seconds":	2,
				"bytes":	873332736,
				"bits_per_second":	3493330944,
				"retransmits":	0,
				"omitted":	false,
				"sender":	true
			}
		}, {
			"streams":	[{
					"socket":	5,
					"start":	8.000058,
					"end":	10.000345,
					"seconds":	2.0002870559692383,
					"bytes":	768344064,
					"bits_per_second":	3072935203.8033328,
					"retransmits":	141,
					"snd_cwnd":	763912,
					"snd_wnd":	4030464,
					"rtt":	299,
					"rttvar":	36,
					"pmtu":	1446,
					"omitted":	false,
					"sender":	true
				}],
			"sum":	{
				"start":	8.000058,
				"end":	10.000345,
				"seconds":	2.0002870559692383,
				"bytes":	768344064,
				"bits_per_second":	3072935203.8033328,
				"retransmits":	141,
				"omitted":	false,
				"sender":	true
			}
		}],
	"end":	{
		"streams":	[{
				"sender":	{
					"socket":	5,
					"start":	0,
					"end":	10.000345,
					"seconds":	10.000345,
					"bytes":	4307025920,
					"bits_per_second":	3445501866.185617,
					"retransmits":	384,
					"max_snd_cwnd":	772276,
					"max_snd_wnd":	4030464,
					"max_rtt":	1892,
					"min_rtt":	299,
					"mean_rtt":	952,
					"sender":	true
				},
				"receiver":	{
					"socket":	5,
					"start":	0,
					"end":	10.000489,
					"seconds":	10.000345,
					"bytes":	4307156992,
					"bits_per_second":	3445557105.8575234,
					"sender":	true
				}
			}],
		"sum_sent":	{
			"start":	0,
			"end":	10.000345,
			"seconds":	10.000345,
			"bytes":	4307025920,
			"bits_per_second":	3445501866.185617,
			"retransmits":	384,
			"sender":	true
		},
		"sum_received":	{
			"start":	0,
			"end":	10.000489,
			"seconds":	10.000489,
			"bytes":	4307156992,
			"bits_per_second":	3445557105.8575234,
			"sender":	true
		},
		"cpu_utilization_percent":	{
			"host_total":	83.999352072567874,
			"host_user":	0.1113875245972451,
			"host_system":	83.8879545490905,
			"remote_total":	11.500511874713389,
			"remote_user":	0.654147685104356,
			"remote_system":	10.846384188621082
		},
		"sender_tcp_congestion":	"cubic",
		"receiver_tcp_congestion":	"cubic"
	}
}
