{
	"start":	{
		"connected":	[{
				"socket":	5,
				"local_host":	"192.0.1.254",
				"local_port":	41664,
				"remote_host":	"192.0.2.254",
				"remote_port":	5201
			}],
		"version":	"iperf 3.16",
		"system_info":	"Linux lab-dd2 6.8.0-100-generic #100-Ubuntu SMP PREEMPT_DYNAMIC Tue Jan 13 16:40:06 UTC 2026 x86_64",
		"timestamp":	{
			"time":	"Thu, 19 Mar 2026 06:44:20 GMT",
			"timesecs":	1773902660
		},
		"connecting_to":	{
			"host":	"192.0.2.254",
			"port":	5201
		},
		"cookie":	"artj3d2huftx5axl5fbvd4tl2qxjsom2tl76",
		"tcp_mss_default":	1394,
		"target_bitrate":	6000000000,
		"fq_rate":	0,
		"sock_bufsize":	0,
		"sndbuf_actual":	16384,
		"rcvbuf_actual":	131072,
		"test_start":	{
			"protocol":	"TCP",
			"num_streams":	1,
			"blksize":	131072,
			"omit":	0,
			"duration":	10,
			"bytes":	0,
			"blocks":	0,
			"reverse":	0,
			"tos":	0,
			"target_bitrate":	6000000000,
			"bidir":	0,
			"fqrate":	0
		}
	},
	"intervals":	[{
			"streams":	[{
					"socket":	5,
					"start":	0,
					"end":	2.000055,
					"seconds":	2.0000550746917725,
					"bytes":	925237248,
					"bits_per_second":	3700847080.4938722,
					"retransmits":	118,
					"snd_cwnd":	805732,
					"snd_wnd":	3973504,
					"rtt":	326,
					"rttvar":	82,
					"pmtu":	1446,
					"omitted":	false,
					"sender":	true
				}],
			"sum":	{
				"start":	0,
				"end":	2.000055,
				"seconds":	2.0000550746917725,
				"bytes":	925237248,
				"bits_per_second":	3700847080.4938722,
				"retransmits":	118,
				"omitted":	false,
				"sender":	true
			}
		}, {
			"streams":	[{
					"socket":	5,
					"start":	2.000055,
					"end":	4.000057,
					"seconds":	2.0000019073486328,
					"bytes":	918552576,
					"bits_per_second":	3674206800.0033417,
					"retransmits":	3,
					"snd_cwnd":	715122,
					"snd_wnd":	3973504,
					"rtt":	1434,
					"rttvar":	400,
					"pmtu":	1446,
					"omitted":	false,
					"sender":	true
				}],
			"sum":	{
				"start":	2.000055,
				"end":	4.000057,
				"seconds":	2.0000019073486328,
				"bytes":	918552576,
				"bits_per_second":	3674206800.0033417,
				"retransmits":	3,
				"omitted":	false,
				"sender":	true
			}
		}, {
			"streams":	[{
					"socket":	5,
					"start":	4.000057,
					"end":	6.000057,
					"seconds":	2,
					"bytes":	918814720,
					"bits_per_second":	3675258880,
					"retransmits":	52,
					"snd_cwnd":	688636,
					"snd_wnd":	4024960,
					"rtt":	1382,
					"rttvar":	394,
					"pmtu":	1446,
					"omitted":	false,
					"sender":	true
				}],
			"sum":	{
				"start":	4.000057,
				"end":	6.000057,
				"seconds":	2,
				"bytes":	918814720,
				"bits_per_second":	3675258880,
				"retransmits":	52,
				"omitted":	false,
				"sender":	true
			}
		}, {
			"streams":	[{
					"socket":	5,
					"start":	6.000057,
					"end":	8.000056,
					"seconds":	1.9999990463256836,
					"bytes":	891027456,
					"bits_per_second":	3564111523.50081,
					"retransmits":	1,
					"snd_cwnd":	837794,
					"snd_wnd":	3973504,
					"rtt":	1790,
					"rttvar":	323,
					"pmtu":	1446,
					"omitted":	false,
					"sender":	true
				}],
			"sum":	{
				"start":	6.000057,
				"end":	8.000056,
				"seconds":	1.9999990463256836,
				"bytes":	891027456,
				"bits_per_second":	3564111523.50081,
				"retransmits":	1,
				"omitted":	false,
				"sender":	true
			}
		}, {
			"streams":	[{
					"socket":	5,
					"start":	8.000056,
					"end":	10.000291,
					"seconds":	2.0002350807189941,
					"bytes":	882376704,
					"bits_per_second":	3529092005.2570038,
					"retransmits":	7,
					"snd_cwnd":	613360,
					"snd_wnd":	4030464,
					"rtt":	312,
					"rttvar":	56,
					"pmtu":	1446,
					"omitted":	false,
					"sender":	true
				}],
			"sum":	{
				"start":	8.000056,
				"end":	10.000291,
				"seconds":	2.0002350807189941,
				"bytes":	882376704,
				"bits_per_second":	3529092005.2570038,
				"retransmits":	7,
				"omitted":	false,
				"sender":	true
			}
		}],
	"end":	{
		"streams":	[{
				"sender":	{
					"socket":	5,
					"start":	0,
					"end":	10.000291,
					"seconds":	10.000291,
					"bytes":	4623040512,
					"bits_per_second":	3698324788.3486586,
					"retransmits":	181,
					"max_snd_cwnd":	837794,
					"max_snd_wnd":	4030464,
					"max_rtt":	1790,
					"min_rtt":	312,
					"mean_rtt":	1048,
					"sender":	true
				},
				"receiver":	{
					"socket":	5,
					"start":	0,
					"end":	10.000458,
					"seconds":	10.000291,
					"bytes":	4623040512,
					"bits_per_second":	3698263029.1532645,
					"sender":	true
				}
			}],
		"sum_sent":	{
			"start":	0,
			"end":	10.000291,
			"seconds":	10.000291,
			"bytes":	4623040512,
			"bits_per_second":	3698324788.3486586,
			"retransmits":	181,
			"sender":	true
		},
		"sum_received":	{
			"start":	0,
			"end":	10.000458,
			"seconds":	10.000458,
			"bytes":	4623040512,
			"bits_per_second":	3698263029.1532645,
			"sender":	true
		},
		"cpu_utilization_percent":	{
			"host_total":	88.917102215097728,
			"host_user":	0.17113973705513266,
			"host_system":	88.7459824756749,
			"remote_total":	12.071817453306675,
			"remote_user":	0.65655940433175819,
			"remote_system":	11.415268048508938
		},
		"sender_tcp_congestion":	"cubic",
		"receiver_tcp_congestion":	"cubic"
	}
}
