{
	"start":	{
		"connected":	[{
				"socket":	5,
				"local_host":	"192.0.1.254",
				"local_port":	42702,
				"remote_host":	"192.0.2.254",
				"remote_port":	5201
			}],
		"version":	"iperf 3.16",
		"system_info":	"Linux lab-dd2 6.8.0-100-generic #100-Ubuntu SMP PREEMPT_DYNAMIC Tue Jan 13 16:40:06 UTC 2026 x86_64",
		"timestamp":	{
			"time":	"Thu, 19 Mar 2026 06:43:00 GMT",
			"timesecs":	1773902580
		},
		"connecting_to":	{
			"host":	"192.0.2.254",
			"port":	5201
		},
		"cookie":	"tnmjw6kdnb7hkya2qfnlxbmoimb2fs5nvzcs",
		"tcp_mss_default":	1394,
		"target_bitrate":	5000000000,
		"fq_rate":	0,
		"sock_bufsize":	0,
		"sndbuf_actual":	16384,
		"rcvbuf_actual":	131072,
		"test_start":	{
			"protocol":	"TCP",
			"num_streams":	1,
			"blksize":	131072,
			"omit":	0,
			"duration":	10,
			"bytes":	0,
			"blocks":	0,
			"reverse":	0,
			"tos":	0,
			"target_bitrate":	5000000000,
			"bidir":	0,
			"fqrate":	0
		}
	},
	"intervals":	[{
			"streams":	[{
					"socket":	5,
					"start":	0,
					"end":	2.000058,
					"seconds":	2.0000579357147217,
					"bytes":	1083834368,
					"bits_per_second":	4335211890.2003355,
					"retransmits":	31,
					"snd_cwnd":	860098,
					"snd_wnd":	4029184,
					"rtt":	1597,
					"rttvar":	388,
					"pmtu":	1446,
					"omitted":	false,
					"sender":	true
				}],
			"sum":	{
				"start":	0,
				"end":	2.000058,
				"seconds":	2.0000579357147217,
				"bytes":	1083834368,
				"bits_per_second":	4335211890.2003355,
				"retransmits":	31,
				"omitted":	false,
				"sender":	true
			}
		}, {
			"streams":	[{
					"socket":	5,
					"start":	2.000058,
					"end":	4.000062,
					"seconds":	2.0000040531158447,
					"bytes":	921042944,
					"bits_per_second":	3684164309.82763,
					"retransmits":	276,
					"snd_cwnd":	646816,
					"snd_wnd":	3973504,
					"rtt":	1260,
					"rttvar":	415,
					"pmtu":	1446,
					"omitted":	false,
					"sender":	true
				}],
			"sum":	{
				"start":	2.000058,
				"end":	4.000062,
				"seconds":	2.0000040531158447,
				"bytes":	921042944,
				"bits_per_second":	3684164309.82763,
				"retransmits":	276,
				"omitted":	false,
				"sender":	true
			}
		}, {
			"streams":	[{
					"socket":	5,
					"start":	4.000062,
					"end":	6.00006,
					"seconds":	1.9999979734420776,
					"bytes":	880672768,
					"bits_per_second":	3522694641.4723668,
					"retransmits":	39,
					"snd_cwnd":	741608,
					"snd_wnd":	3973504,
					"rtt":	1455,
					"rttvar":	353,
					"pmtu":	1446,
					"omitted":	false,
					"sender":	true
				}],
			"sum":	{
				"start":	4.000062,
				"end":	6.00006,
				"seconds":	1.9999979734420776,
				"bytes":	880672768,
				"bits_per_second":	3522694641.4723668,
				"retransmits":	39,
				"omitted":	false,
				"sender":	true
			}
		}, {
			"streams":	[{
					"socket":	5,
					"start":	6.00006,
					"end":	8.000058,
					"seconds":	1.9999979734420776,
					"bytes":	896401408,
					"bits_per_second":	3585609265.2224317,
					"retransmits":	3,
					"snd_cwnd":	793186,
					"snd_wnd":	3973504,
					"rtt":	1611,
					"rttvar":	354,
					"pmtu":	1446,
					"omitted":	false,
					"sender":	true
				}],
			"sum":	{
				"start":	6.00006,
				"end":	8.000058,
				"seconds":	1.9999979734420776,
				"bytes":	896401408,
				"bits_per_second":	3585609265.2224317,
				"retransmits":	3,
				"omitted":	false,
				"sender":	true
			}
		}, {
			"streams":	[{
					"socket":	5,
					"start":	8.000058,
					"end":	10.000198,
					"seconds":	2.0001399517059326,
					"bytes":	887488512,
					"bits_per_second":	3549705654.31906,
					"retransmits":	89,
					"snd_cwnd":	818278,
					"snd_wnd":	4027904,
					"rtt":	321,
					"rttvar":	53,
					"pmtu":	1446,
					"omitted":	false,
					"sender":	true
				}],
			"sum":	{
				"start":	8.000058,
				"end":	10.000198,
				"seconds":	2.0001399517059326,
				"bytes":	887488512,
				"bits_per_second":	3549705654.31906,
				"retransmits":	89,
				"omitted":	false,
				"sender":	true
			}
		}],
	"end":	{
		"streams":	[{
				"sender":	{
					"socket":	5,
					"start":	0,
					"end":	10.000198,
					"seconds":	10.000198,
					"bytes":	4690018304,
					"bits_per_second":	3751940354.7809758,
					"retransmits":	438,
					"max_snd_cwnd":	860098,
					"max_snd_wnd":	4029184,
					"max_rtt":	1611,
					"min_rtt":	321,
					"mean_rtt":	1248,
					"sender":	true
				},
				"receiver":	{
					"socket":	5,
					"start":	0,
					"end":	10.000377,
					"seconds":	10.000198,
					"bytes":	4690018304,
					"bits_per_second":	3751873197.580451,
					"sender":	true
				}
			}],
		"sum_sent":	{
			"start":	0,
			"end":	10.000198,
			"seconds":	10.000198,
			"bytes":	4690018304,
			"bits_per_second":	3751940354.7809758,
			"retransmits":	438,
			"sender":	true
		},
		"sum_received":	{
			"start":	0,
			"end":	10.000377,
			"seconds":	10.000377,
			"bytes":	4690018304,
			"bits_per_second":	3751873197.580451,
			"sender":	true
		},
		"cpu_utilization_percent":	{
			"host_total":	85.8385998269421,
			"host_user":	1.4970386784568932,
			"host_system":	84.341561148485226,
			"remote_total":	11.820773718134479,
			"remote_user":	0.771360225495296,
			"remote_system":	11.049413492639184
		},
		"sender_tcp_congestion":	"cubic",
		"receiver_tcp_congestion":	"cubic"
	}
}
