{
	"start":	{
		"connected":	[{
				"socket":	5,
				"local_host":	"192.0.1.254",
				"local_port":	52830,
				"remote_host":	"192.0.2.254",
				"remote_port":	5201
			}],
		"version":	"iperf 3.16",
		"system_info":	"Linux lab-dd2 6.8.0-100-generic #100-Ubuntu SMP PREEMPT_DYNAMIC Tue Jan 13 16:40:06 UTC 2026 x86_64",
		"timestamp":	{
			"time":	"Thu, 19 Mar 2026 06:41:40 GMT",
			"timesecs":	1773902500
		},
		"connecting_to":	{
			"host":	"192.0.2.254",
			"port":	5201
		},
		"cookie":	"d3ebrtwqmgavahh6cxlm3bwu5fp547wnvceg",
		"tcp_mss_default":	1394,
		"target_bitrate":	4000000000,
		"fq_rate":	0,
		"sock_bufsize":	0,
		"sndbuf_actual":	16384,
		"rcvbuf_actual":	131072,
		"test_start":	{
			"protocol":	"TCP",
			"num_streams":	1,
			"blksize":	131072,
			"omit":	0,
			"duration":	10,
			"bytes":	0,
			"blocks":	0,
			"reverse":	0,
			"tos":	0,
			"target_bitrate":	4000000000,
			"bidir":	0,
			"fqrate":	0
		}
	},
	"intervals":	[{
			"streams":	[{
					"socket":	5,
					"start":	0,
					"end":	2.000056,
					"seconds":	2.0000560283660889,
					"bytes":	879493120,
					"bits_per_second":	3517873929.635808,
					"retransmits":	148,
					"snd_cwnd":	850340,
					"snd_wnd":	3978368,
					"rtt":	1693,
					"rttvar":	404,
					"pmtu":	1446,
					"omitted":	false,
					"sender":	true
				}],
			"sum":	{
				"start":	0,
				"end":	2.000056,
				"seconds":	2.0000560283660889,
				"bytes":	879493120,
				"bits_per_second":	3517873929.635808,
				"retransmits":	148,
				"omitted":	false,
				"sender":	true
			}
		}, {
			"streams":	[{
					"socket":	5,
					"start":	2.000056,
					"end":	4.000058,
					"seconds":	2.0000019073486328,
					"bytes":	855900160,
					"bits_per_second":	3423597375.0031137,
					"retransmits":	37,
					"snd_cwnd":	635664,
					"snd_wnd":	3973504,
					"rtt":	1840,
					"rttvar":	325,
					"pmtu":	1446,
					"omitted":	false,
					"sender":	true
				}],
			"sum":	{
				"start":	2.000056,
				"end":	4.000058,
				"seconds":	2.0000019073486328,
				"bytes":	855900160,
				"bits_per_second":	3423597375.0031137,
				"retransmits":	37,
				"omitted":	false,
				"sender":	true
			}
		}, {
			"streams":	[{
					"socket":	5,
					"start":	4.000058,
					"end":	6.000059,
					"seconds":	2.0000009536743164,
					"bytes":	874512384,
					"bits_per_second":	3498047868.0007954,
					"retransmits":	162,
					"snd_cwnd":	653786,
					"snd_wnd":	4030464,
					"rtt":	194,
					"rttvar":	76,
					"pmtu":	1446,
					"omitted":	false,
					"sender":	true
				}],
			"sum":	{
				"start":	4.000058,
				"end":	6.000059,
				"seconds":	2.0000009536743164,
				"bytes":	874512384,
				"bits_per_second":	3498047868.0007954,
				"retransmits":	162,
				"omitted":	false,
				"sender":	true
			}
		}, {
			"streams":	[{
					"socket":	5,
					"start":	6.000059,
					"end":	8.00006,
					"seconds":	2.0000009536743164,
					"bytes":	907411456,
					"bits_per_second":	3629644093.2508254,
					"retransmits":	0,
					"snd_cwnd":	737426,
					"snd_wnd":	4030464,
					"rtt":	1388,
					"rttvar":	355,
					"pmtu":	1446,
					"omitted":	false,
					"sender":	true
				}],
			"sum":	{
				"start":	6.000059,
				"end":	8.00006,
				"seconds":	2.0000009536743164,
				"bytes":	907411456,
				"bits_per_second":	3629644093.2508254,
				"retransmits":	0,
				"omitted":	false,
				"sender":	true
			}
		}, {
			"streams":	[{
					"socket":	5,
					"start":	8.00006,
					"end":	10.000517,
					"seconds":	2.0004570484161377,
					"bytes":	862453760,
					"bits_per_second":	3449026853.8696113,
					"retransmits":	91,
					"snd_cwnd":	761124,
					"snd_wnd":	3973504,
					"rtt":	2061,
					"rttvar":	257,
					"pmtu":	1446,
					"omitted":	false,
					"sender":	true
				}],
			"sum":	{
				"start":	8.00006,
				"end":	10.000517,
				"seconds":	2.0004570484161377,
				"bytes":	862453760,
				"bits_per_second":	3449026853.8696113,
				"retransmits":	91,
				"omitted":	false,
				"sender":	true
			}
		}],
	"end":	{
		"streams":	[{
				"sender":	{
					"socket":	5,
					"start":	0,
					"end":	10.000517,
					"seconds":	10.000517,
					"bytes":	4422369280,
					"bits_per_second":	3537712524.2624955,
					"retransmits":	438,
					"max_snd_cwnd":	850340,
					"max_snd_wnd":	4030464,
					"max_rtt":	2061,
					"min_rtt":	194,
					"mean_rtt":	1435,
					"sender":	true
				},
				"receiver":	{
					"socket":	5,
					"start":	0,
					"end":	10.002048,
					"seconds":	10.000517,
					"bytes":	4420927488,
					"bits_per_second":	3536017813.9517026,
					"sender":	true
				}
			}],
		"sum_sent":	{
			"start":	0,
			"end":	10.000517,
			"seconds":	10.000517,
			"bytes":	4422369280,
			"bits_per_second":	3537712524.2624955,
			"retransmits":	438,
			"sender":	true
		},
		"sum_received":	{
			"start":	0,
			"end":	10.002048,
			"seconds":	10.002048,
			"bytes":	4420927488,
			"bits_per_second":	3536017813.9517026,
			"sender":	true
		},
		"cpu_utilization_percent":	{
			"host_total":	86.098587678035,
			"host_user":	0.081238033637645174,
			"host_system":	86.0173696414518,
			"remote_total":	11.818828866902079,
			"remote_user":	0.89941499033648775,
			"remote_system":	10.919433872452435
		},
		"sender_tcp_congestion":	"cubic",
		"receiver_tcp_congestion":	"cubic"
	}
}
