{
	"start":	{
		"connected":	[{
				"socket":	5,
				"local_host":	"192.0.1.254",
				"local_port":	37968,
				"remote_host":	"192.0.2.254",
				"remote_port":	5201
			}],
		"version":	"iperf 3.16",
		"system_info":	"Linux lab-dd2 6.8.0-100-generic #100-Ubuntu SMP PREEMPT_DYNAMIC Tue Jan 13 16:40:06 UTC 2026 x86_64",
		"timestamp":	{
			"time":	"Thu, 19 Mar 2026 06:44:30 GMT",
			"timesecs":	1773902670
		},
		"connecting_to":	{
			"host":	"192.0.2.254",
			"port":	5201
		},
		"cookie":	"i3qnetnbu4ekrgsdee5kpcwfqzvfs4xu6vge",
		"tcp_mss_default":	1394,
		"target_bitrate":	6000000000,
		"fq_rate":	0,
		"sock_bufsize":	0,
		"sndbuf_actual":	16384,
		"rcvbuf_actual":	131072,
		"test_start":	{
			"protocol":	"TCP",
			"num_streams":	1,
			"blksize":	131072,
			"omit":	0,
			"duration":	10,
			"bytes":	0,
			"blocks":	0,
			"reverse":	0,
			"tos":	0,
			"target_bitrate":	6000000000,
			"bidir":	0,
			"fqrate":	0
		}
	},
	"intervals":	[{
			"streams":	[{
					"socket":	5,
					"start":	0,
					"end":	2.000055,
					"seconds":	2.0000550746917725,
					"bytes":	886571008,
					"bits_per_second":	3546186379.4390922,
					"retransmits":	74,
					"snd_cwnd":	617542,
					"snd_wnd":	3977088,
					"rtt":	344,
					"rttvar":	40,
					"pmtu":	1446,
					"omitted":	false,
					"sender":	true
				}],
			"sum":	{
				"start":	0,
				"end":	2.000055,
				"seconds":	2.0000550746917725,
				"bytes":	886571008,
				"bits_per_second":	3546186379.4390922,
				"retransmits":	74,
				"omitted":	false,
				"sender":	true
			}
		}, {
			"streams":	[{
					"socket":	5,
					"start":	2.000055,
					"end":	4.000055,
					"seconds":	2,
					"bytes":	934019072,
					"bits_per_second":	3736076288,
					"retransmits":	41,
					"snd_cwnd":	579904,
					"snd_wnd":	4030464,
					"rtt":	1278,
					"rttvar":	282,
					"pmtu":	1446,
					"omitted":	false,
					"sender":	true
				}],
			"sum":	{
				"start":	2.000055,
				"end":	4.000055,
				"seconds":	2,
				"bytes":	934019072,
				"bits_per_second":	3736076288,
				"retransmits":	41,
				"omitted":	false,
				"sender":	true
			}
		}, {
			"streams":	[{
					"socket":	5,
					"start":	4.000055,
					"end":	6.000054,
					"seconds":	1.9999990463256836,
					"bytes":	889192448,
					"bits_per_second":	3556771488.0008087,
					"retransmits":	49,
					"snd_cwnd":	656574,
					"snd_wnd":	4030464,
					"rtt":	1340,
					"rttvar":	348,
					"pmtu":	1446,
					"omitted":	false,
					"sender":	true
				}],
			"sum":	{
				"start":	4.000055,
				"end":	6.000054,
				"seconds":	1.9999990463256836,
				"bytes":	889192448,
				"bits_per_second":	3556771488.0008087,
				"retransmits":	49,
				"omitted":	false,
				"sender":	true
			}
		}, {
			"streams":	[{
					"socket":	5,
					"start":	6.000054,
					"end":	8.000055,
					"seconds":	2.0000009536743164,
					"bytes":	873201664,
					"bits_per_second":	3492804990.5007939,
					"retransmits":	97,
					"snd_cwnd":	702576,
					"snd_wnd":	4025472,
					"rtt":	1622,
					"rttvar":	283,
					"pmtu":	1446,
					"omitted":	false,
					"sender":	true
				}],
			"sum":	{
				"start":	6.000054,
				"end":	8.000055,
				"seconds":	2.0000009536743164,
				"bytes":	873201664,
				"bits_per_second":	3492804990.5007939,
				"retransmits":	97,
				"omitted":	false,
				"sender":	true
			}
		}, {
			"streams":	[{
					"socket":	5,
					"start":	8.000055,
					"end":	10.000399,
					"seconds":	2.0003440380096436,
					"bytes":	877527040,
					"bits_per_second":	3509504458.535625,
					"retransmits":	16,
					"snd_cwnd":	717910,
					"snd_wnd":	4030464,
					"rtt":	307,
					"rttvar":	37,
					"pmtu":	1446,
					"omitted":	false,
					"sender":	true
				}],
			"sum":	{
				"start":	8.000055,
				"end":	10.000399,
				"seconds":	2.0003440380096436,
				"bytes":	877527040,
				"bits_per_second":	3509504458.535625,
				"retransmits":	16,
				"omitted":	false,
				"sender":	true
			}
		}],
	"end":	{
		"streams":	[{
				"sender":	{
					"socket":	5,
					"start":	0,
					"end":	10.000399,
					"seconds":	10.000399,
					"bytes":	4520017920,
					"bits_per_second":	3615870062.7844949,
					"retransmits":	277,
					"max_snd_cwnd":	717910,
					"max_snd_wnd":	4030464,
					"max_rtt":	1622,
					"min_rtt":	307,
					"mean_rtt":	978,
					"sender":	true
				},
				"receiver":	{
					"socket":	5,
					"start":	0,
					"end":	10.000564,
					"seconds":	10.000399,
					"bytes":	4520148992,
					"bits_per_second":	3615915255.9795623,
					"sender":	true
				}
			}],
		"sum_sent":	{
			"start":	0,
			"end":	10.000399,
			"seconds":	10.000399,
			"bytes":	4520017920,
			"bits_per_second":	3615870062.7844949,
			"retransmits":	277,
			"sender":	true
		},
		"sum_received":	{
			"start":	0,
			"end":	10.000564,
			"seconds":	10.000564,
			"bytes":	4520148992,
			"bits_per_second":	3615915255.9795623,
			"sender":	true
		},
		"cpu_utilization_percent":	{
			"host_total":	85.706603907245878,
			"host_user":	0.18013537549416994,
			"host_system":	85.5264885290181,
			"remote_total":	12.048377218309946,
			"remote_user":	0.77225559530327,
			"remote_system":	11.276131622431711
		},
		"sender_tcp_congestion":	"cubic",
		"receiver_tcp_congestion":	"cubic"
	}
}
