{
	"start":	{
		"connected":	[{
				"socket":	5,
				"local_host":	"192.0.1.254",
				"local_port":	59510,
				"remote_host":	"192.0.2.254",
				"remote_port":	5201
			}],
		"version":	"iperf 3.16",
		"system_info":	"Linux lab-dd2 6.8.0-100-generic #100-Ubuntu SMP PREEMPT_DYNAMIC Tue Jan 13 16:40:06 UTC 2026 x86_64",
		"timestamp":	{
			"time":	"Thu, 19 Mar 2026 06:51:50 GMT",
			"timesecs":	1773903110
		},
		"connecting_to":	{
			"host":	"192.0.2.254",
			"port":	5201
		},
		"cookie":	"i4ttcbw36ku5f355wlley3icg23cx6uc2kjl",
		"tcp_mss_default":	1394,
		"target_bitrate":	9000000000,
		"fq_rate":	0,
		"sock_bufsize":	0,
		"sndbuf_actual":	16384,
		"rcvbuf_actual":	131072,
		"test_start":	{
			"protocol":	"TCP",
			"num_streams":	1,
			"blksize":	131072,
			"omit":	0,
			"duration":	10,
			"bytes":	0,
			"blocks":	0,
			"reverse":	0,
			"tos":	0,
			"target_bitrate":	9000000000,
			"bidir":	0,
			"fqrate":	0
		}
	},
	"intervals":	[{
			"streams":	[{
					"socket":	5,
					"start":	0,
					"end":	2.000059,
					"seconds":	2.0000588893890381,
					"bytes":	921960448,
					"bits_per_second":	3687733207.822228,
					"retransmits":	123,
					"snd_cwnd":	702576,
					"snd_wnd":	3973504,
					"rtt":	1513,
					"rttvar":	352,
					"pmtu":	1446,
					"omitted":	false,
					"sender":	true
				}],
			"sum":	{
				"start":	0,
				"end":	2.000059,
				"seconds":	2.0000588893890381,
				"bytes":	921960448,
				"bits_per_second":	3687733207.822228,
				"retransmits":	123,
				"omitted":	false,
				"sender":	true
			}
		}, {
			"streams":	[{
					"socket":	5,
					"start":	2.000059,
					"end":	4.000057,
					"seconds":	1.9999979734420776,
					"bytes":	999948288,
					"bits_per_second":	3999797204.9103565,
					"retransmits":	0,
					"snd_cwnd":	804338,
					"snd_wnd":	4029184,
					"rtt":	380,
					"rttvar":	48,
					"pmtu":	1446,
					"omitted":	false,
					"sender":	true
				}],
			"sum":	{
				"start":	2.000059,
				"end":	4.000057,
				"seconds":	1.9999979734420776,
				"bytes":	999948288,
				"bits_per_second":	3999797204.9103565,
				"retransmits":	0,
				"omitted":	false,
				"sender":	true
			}
		}, {
			"streams":	[{
					"socket":	5,
					"start":	4.000057,
					"end":	6.000059,
					"seconds":	2.0000019073486328,
					"bytes":	931135488,
					"bits_per_second":	3724538400.0033875,
					"retransmits":	61,
					"snd_cwnd":	729062,
					"snd_wnd":	3973504,
					"rtt":	2090,
					"rttvar":	307,
					"pmtu":	1446,
					"omitted":	false,
					"sender":	true
				}],
			"sum":	{
				"start":	4.000057,
				"end":	6.000059,
				"seconds":	2.0000019073486328,
				"bytes":	931135488,
				"bits_per_second":	3724538400.0033875,
				"retransmits":	61,
				"omitted":	false,
				"sender":	true
			}
		}, {
			"streams":	[{
					"socket":	5,
					"start":	6.000059,
					"end":	8.000059,
					"seconds":	2,
					"bytes":	891420672,
					"bits_per_second":	3565682688,
					"retransmits":	42,
					"snd_cwnd":	736032,
					"snd_wnd":	4030464,
					"rtt":	1560,
					"rttvar":	362,
					"pmtu":	1446,
					"omitted":	false,
					"sender":	true
				}],
			"sum":	{
				"start":	6.000059,
				"end":	8.000059,
				"seconds":	2,
				"bytes":	891420672,
				"bits_per_second":	3565682688,
				"retransmits":	42,
				"omitted":	false,
				"sender":	true
			}
		}, {
			"streams":	[{
					"socket":	5,
					"start":	8.000059,
					"end":	10.002733,
					"seconds":	2.0026741027832031,
					"bytes":	879886336,
					"bits_per_second":	3514845814.5124412,
					"retransmits":	161,
					"snd_cwnd":	599420,
					"snd_wnd":	3973504,
					"rtt":	1247,
					"rttvar":	273,
					"pmtu":	1446,
					"omitted":	false,
					"sender":	true
				}],
			"sum":	{
				"start":	8.000059,
				"end":	10.002733,
				"seconds":	2.0026741027832031,
				"bytes":	879886336,
				"bits_per_second":	3514845814.5124412,
				"retransmits":	161,
				"omitted":	false,
				"sender":	true
			}
		}],
	"end":	{
		"streams":	[{
				"sender":	{
					"socket":	5,
					"start":	0,
					"end":	10.002733,
					"seconds":	10.002733,
					"bytes":	4675862528,
					"bits_per_second":	3739667971.143487,
					"retransmits":	387,
					"max_snd_cwnd":	804338,
					"max_snd_wnd":	4030464,
					"max_rtt":	2090,
					"min_rtt":	380,
					"mean_rtt":	1358,
					"sender":	true
				},
				"receiver":	{
					"socket":	5,
					"start":	0,
					"end":	10.003003,
					"seconds":	10.002733,
					"bytes":	4675993600,
					"bits_per_second":	3739671856.54148,
					"sender":	true
				}
			}],
		"sum_sent":	{
			"start":	0,
			"end":	10.002733,
			"seconds":	10.002733,
			"bytes":	4675862528,
			"bits_per_second":	3739667971.143487,
			"retransmits":	387,
			"sender":	true
		},
		"sum_received":	{
			"start":	0,
			"end":	10.003003,
			"seconds":	10.003003,
			"bytes":	4675993600,
			"bits_per_second":	3739671856.54148,
			"sender":	true
		},
		"cpu_utilization_percent":	{
			"host_total":	89.3908650652131,
			"host_user":	0.080440542673273038,
			"host_system":	89.3104345188792,
			"remote_total":	12.092040295870943,
			"remote_user":	0.79178167371621133,
			"remote_system":	11.300278616136543
		},
		"sender_tcp_congestion":	"cubic",
		"receiver_tcp_congestion":	"cubic"
	}
}
