{
	"start":	{
		"connected":	[{
				"socket":	5,
				"local_host":	"192.0.1.254",
				"local_port":	35236,
				"remote_host":	"192.0.2.254",
				"remote_port":	5201
			}],
		"version":	"iperf 3.16",
		"system_info":	"Linux lab-dd2 6.8.0-100-generic #100-Ubuntu SMP PREEMPT_DYNAMIC Tue Jan 13 16:40:06 UTC 2026 x86_64",
		"timestamp":	{
			"time":	"Thu, 19 Mar 2026 06:48:20 GMT",
			"timesecs":	1773902900
		},
		"connecting_to":	{
			"host":	"192.0.2.254",
			"port":	5201
		},
		"cookie":	"ulvtvbqpme3q7qyfaeom4rtdmw5d7ixi37ic",
		"tcp_mss_default":	1394,
		"target_bitrate":	8000000000,
		"fq_rate":	0,
		"sock_bufsize":	0,
		"sndbuf_actual":	16384,
		"rcvbuf_actual":	131072,
		"test_start":	{
			"protocol":	"TCP",
			"num_streams":	1,
			"blksize":	131072,
			"omit":	0,
			"duration":	10,
			"bytes":	0,
			"blocks":	0,
			"reverse":	0,
			"tos":	0,
			"target_bitrate":	8000000000,
			"bidir":	0,
			"fqrate":	0
		}
	},
	"intervals":	[{
			"streams":	[{
					"socket":	5,
					"start":	0,
					"end":	2.000058,
					"seconds":	2.0000579357147217,
					"bytes":	1000865792,
					"bits_per_second":	4003347199.6093559,
					"retransmits":	68,
					"snd_cwnd":	811308,
					"snd_wnd":	3972224,
					"rtt":	2289,
					"rttvar":	551,
					"pmtu":	1446,
					"omitted":	false,
					"sender":	true
				}],
			"sum":	{
				"start":	0,
				"end":	2.000058,
				"seconds":	2.0000579357147217,
				"bytes":	1000865792,
				"bits_per_second":	4003347199.6093559,
				"retransmits":	68,
				"omitted":	false,
				"sender":	true
			}
		}, {
			"streams":	[{
					"socket":	5,
					"start":	2.000058,
					"end":	4.000059,
					"seconds":	2.0000009536743164,
					"bytes":	886308864,
					"bits_per_second":	3545233765.5008059,
					"retransmits":	339,
					"snd_cwnd":	624512,
					"snd_wnd":	4030464,
					"rtt":	1727,
					"rttvar":	46,
					"pmtu":	1446,
					"omitted":	false,
					"sender":	true
				}],
			"sum":	{
				"start":	2.000058,
				"end":	4.000059,
				"seconds":	2.0000009536743164,
				"bytes":	886308864,
				"bits_per_second":	3545233765.5008059,
				"retransmits":	339,
				"omitted":	false,
				"sender":	true
			}
		}, {
			"streams":	[{
					"socket":	5,
					"start":	4.000059,
					"end":	6.000061,
					"seconds":	2.0000019073486328,
					"bytes":	898236416,
					"bits_per_second":	3592942237.5032678,
					"retransmits":	8,
					"snd_cwnd":	635664,
					"snd_wnd":	3973504,
					"rtt":	1803,
					"rttvar":	299,
					"pmtu":	1446,
					"omitted":	false,
					"sender":	true
				}],
			"sum":	{
				"start":	4.000059,
				"end":	6.000061,
				"seconds":	2.0000019073486328,
				"bytes":	898236416,
				"bits_per_second":	3592942237.5032678,
				"retransmits":	8,
				"omitted":	false,
				"sender":	true
			}
		}, {
			"streams":	[{
					"socket":	5,
					"start":	6.000061,
					"end":	8.000059,
					"seconds":	1.9999979734420776,
					"bytes":	894435328,
					"bits_per_second":	3577744937.2536736,
					"retransmits":	1,
					"snd_cwnd":	624512,
					"snd_wnd":	3973504,
					"rtt":	1541,
					"rttvar":	113,
					"pmtu":	1446,
					"omitted":	false,
					"sender":	true
				}],
			"sum":	{
				"start":	6.000061,
				"end":	8.000059,
				"seconds":	1.9999979734420776,
				"bytes":	894435328,
				"bits_per_second":	3577744937.2536736,
				"retransmits":	1,
				"omitted":	false,
				"sender":	true
			}
		}, {
			"streams":	[{
					"socket":	5,
					"start":	8.000059,
					"end":	10.001527,
					"seconds":	2.0014679431915283,
					"bytes":	953810944,
					"bits_per_second":	3812445549.2564483,
					"retransmits":	146,
					"snd_cwnd":	662150,
					"snd_wnd":	3973504,
					"rtt":	1260,
					"rttvar":	289,
					"pmtu":	1446,
					"omitted":	false,
					"sender":	true
				}],
			"sum":	{
				"start":	8.000059,
				"end":	10.001527,
				"seconds":	2.0014679431915283,
				"bytes":	953810944,
				"bits_per_second":	3812445549.2564483,
				"retransmits":	146,
				"omitted":	false,
				"sender":	true
			}
		}],
	"end":	{
		"streams":	[{
				"sender":	{
					"socket":	5,
					"start":	0,
					"end":	10.001527,
					"seconds":	10.001527,
					"bytes":	4634181632,
					"bits_per_second":	3706779280.4038825,
					"retransmits":	562,
					"max_snd_cwnd":	811308,
					"max_snd_wnd":	4030464,
					"max_rtt":	2289,
					"min_rtt":	1260,
					"mean_rtt":	1724,
					"sender":	true
				},
				"receiver":	{
					"socket":	5,
					"start":	0,
					"end":	10.002759,
					"seconds":	10.001527,
					"bytes":	4633395200,
					"bits_per_second":	3705693759.091867,
					"sender":	true
				}
			}],
		"sum_sent":	{
			"start":	0,
			"end":	10.001527,
			"seconds":	10.001527,
			"bytes":	4634181632,
			"bits_per_second":	3706779280.4038825,
			"retransmits":	562,
			"sender":	true
		},
		"sum_received":	{
			"start":	0,
			"end":	10.002759,
			"seconds":	10.002759,
			"bytes":	4633395200,
			"bits_per_second":	3705693759.091867,
			"sender":	true
		},
		"cpu_utilization_percent":	{
			"host_total":	81.520612475856467,
			"host_user":	0.12055769053893556,
			"host_system":	81.40007477995897,
			"remote_total":	11.551170325819749,
			"remote_user":	0.66535569647207726,
			"remote_system":	10.885804632116903
		},
		"sender_tcp_congestion":	"cubic",
		"receiver_tcp_congestion":	"cubic"
	}
}
