{
	"start":	{
		"connected":	[{
				"socket":	5,
				"local_host":	"192.0.1.254",
				"local_port":	38966,
				"remote_host":	"192.0.2.254",
				"remote_port":	5201
			}],
		"version":	"iperf 3.16",
		"system_info":	"Linux lab-dd2 6.8.0-100-generic #100-Ubuntu SMP PREEMPT_DYNAMIC Tue Jan 13 16:40:06 UTC 2026 x86_64",
		"timestamp":	{
			"time":	"Thu, 19 Mar 2026 06:46:20 GMT",
			"timesecs":	1773902780
		},
		"connecting_to":	{
			"host":	"192.0.2.254",
			"port":	5201
		},
		"cookie":	"6jzwj2iaztau7bqrnvh6xoidqpownr5had55",
		"tcp_mss_default":	1394,
		"target_bitrate":	7000000000,
		"fq_rate":	0,
		"sock_bufsize":	0,
		"sndbuf_actual":	16384,
		"rcvbuf_actual":	131072,
		"test_start":	{
			"protocol":	"TCP",
			"num_streams":	1,
			"blksize":	131072,
			"omit":	0,
			"duration":	10,
			"bytes":	0,
			"blocks":	0,
			"reverse":	0,
			"tos":	0,
			"target_bitrate":	7000000000,
			"bidir":	0,
			"fqrate":	0
		}
	},
	"intervals":	[{
			"streams":	[{
					"socket":	5,
					"start":	0,
					"end":	2.000055,
					"seconds":	2.0000550746917725,
					"bytes":	885653504,
					"bits_per_second":	3542516464.49881,
					"retransmits":	99,
					"snd_cwnd":	623118,
					"snd_wnd":	4215680,
					"rtt":	1883,
					"rttvar":	484,
					"pmtu":	1446,
					"omitted":	false,
					"sender":	true
				}],
			"sum":	{
				"start":	0,
				"end":	2.000055,
				"seconds":	2.0000550746917725,
				"bytes":	885653504,
				"bits_per_second":	3542516464.49881,
				"retransmits":	99,
				"omitted":	false,
				"sender":	true
			}
		}, {
			"streams":	[{
					"socket":	5,
					"start":	2.000055,
					"end":	4.000056,
					"seconds":	2.0000009536743164,
					"bytes":	880934912,
					"bits_per_second":	3523737967.7508011,
					"retransmits":	325,
					"snd_cwnd":	744396,
					"snd_wnd":	4215680,
					"rtt":	1554,
					"rttvar":	336,
					"pmtu":	1446,
					"omitted":	false,
					"sender":	true
				}],
			"sum":	{
				"start":	2.000055,
				"end":	4.000056,
				"seconds":	2.0000009536743164,
				"bytes":	880934912,
				"bits_per_second":	3523737967.7508011,
				"retransmits":	325,
				"omitted":	false,
				"sender":	true
			}
		}, {
			"streams":	[{
					"socket":	5,
					"start":	4.000056,
					"end":	6.000058,
					"seconds":	2.0000019073486328,
					"bytes":	908984320,
					"bits_per_second":	3635933812.5033069,
					"retransmits":	3,
					"snd_cwnd":	681666,
					"snd_wnd":	4276224,
					"rtt":	1414,
					"rttvar":	347,
					"pmtu":	1446,
					"omitted":	false,
					"sender":	true
				}],
			"sum":	{
				"start":	4.000056,
				"end":	6.000058,
				"seconds":	2.0000019073486328,
				"bytes":	908984320,
				"bits_per_second":	3635933812.5033069,
				"retransmits":	3,
				"omitted":	false,
				"sender":	true
			}
		}, {
			"streams":	[{
					"socket":	5,
					"start":	6.000058,
					"end":	8.000058,
					"seconds":	2,
					"bytes":	862584832,
					"bits_per_second":	3450339328,
					"retransmits":	60,
					"snd_cwnd":	699788,
					"snd_wnd":	4215680,
					"rtt":	1499,
					"rttvar":	329,
					"pmtu":	1446,
					"omitted":	false,
					"sender":	true
				}],
			"sum":	{
				"start":	6.000058,
				"end":	8.000058,
				"seconds":	2,
				"bytes":	862584832,
				"bits_per_second":	3450339328,
				"retransmits":	60,
				"omitted":	false,
				"sender":	true
			}
		}, {
			"streams":	[{
					"socket":	5,
					"start":	8.000058,
					"end":	10.000326,
					"seconds":	2.00026798248291,
					"bytes":	889716736,
					"bits_per_second":	3558390150.8861012,
					"retransmits":	94,
					"snd_cwnd":	567358,
					"snd_wnd":	4215680,
					"rtt":	1534,
					"rttvar":	170,
					"pmtu":	1446,
					"omitted":	false,
					"sender":	true
				}],
			"sum":	{
				"start":	8.000058,
				"end":	10.000326,
				"seconds":	2.00026798248291,
				"bytes":	889716736,
				"bits_per_second":	3558390150.8861012,
				"retransmits":	94,
				"omitted":	false,
				"sender":	true
			}
		}],
	"end":	{
		"streams":	[{
				"sender":	{
					"socket":	5,
					"start":	0,
					"end":	10.000326,
					"seconds":	10.000326,
					"bytes":	4465098752,
					"bits_per_second":	3571962555.620687,
					"retransmits":	581,
					"max_snd_cwnd":	744396,
					"max_snd_wnd":	4276224,
					"max_rtt":	1883,
					"min_rtt":	1414,
					"mean_rtt":	1576,
					"sender":	true
				},
				"receiver":	{
					"socket":	5,
					"start":	0,
					"end":	10.00176,
					"seconds":	10.000326,
					"bytes":	4464312320,
					"bits_per_second":	3570821391.4351072,
					"sender":	true
				}
			}],
		"sum_sent":	{
			"start":	0,
			"end":	10.000326,
			"seconds":	10.000326,
			"bytes":	4465098752,
			"bits_per_second":	3571962555.620687,
			"retransmits":	581,
			"sender":	true
		},
		"sum_received":	{
			"start":	0,
			"end":	10.00176,
			"seconds":	10.00176,
			"bytes":	4464312320,
			"bits_per_second":	3570821391.4351072,
			"sender":	true
		},
		"cpu_utilization_percent":	{
			"host_total":	86.7089903624837,
			"host_user":	0.12067392623302577,
			"host_system":	86.588336433587045,
			"remote_total":	11.062333073279337,
			"remote_user":	0.70229576387936976,
			"remote_system":	10.360037309399967
		},
		"sender_tcp_congestion":	"cubic",
		"receiver_tcp_congestion":	"cubic"
	}
}
