{
	"start":	{
		"connected":	[{
				"socket":	5,
				"local_host":	"192.0.1.254",
				"local_port":	49920,
				"remote_host":	"192.0.2.254",
				"remote_port":	5201
			}],
		"version":	"iperf 3.16",
		"system_info":	"Linux lab-dd2 6.8.0-100-generic #100-Ubuntu SMP PREEMPT_DYNAMIC Tue Jan 13 16:40:06 UTC 2026 x86_64",
		"timestamp":	{
			"time":	"Thu, 19 Mar 2026 06:53:31 GMT",
			"timesecs":	1773903211
		},
		"connecting_to":	{
			"host":	"192.0.2.254",
			"port":	5201
		},
		"cookie":	"euvtepp3nrlkr4bkwhpx3ux7h3csyiavej26",
		"tcp_mss_default":	1394,
		"target_bitrate":	10000000000,
		"fq_rate":	0,
		"sock_bufsize":	0,
		"sndbuf_actual":	16384,
		"rcvbuf_actual":	131072,
		"test_start":	{
			"protocol":	"TCP",
			"num_streams":	1,
			"blksize":	131072,
			"omit":	0,
			"duration":	10,
			"bytes":	0,
			"blocks":	0,
			"reverse":	0,
			"tos":	0,
			"target_bitrate":	10000000000,
			"bidir":	0,
			"fqrate":	0
		}
	},
	"intervals":	[{
			"streams":	[{
					"socket":	5,
					"start":	0,
					"end":	2.000056,
					"seconds":	2.0000560283660889,
					"bytes":	891158528,
					"bits_per_second":	3564534254.4849267,
					"retransmits":	95,
					"snd_cwnd":	727668,
					"snd_wnd":	4276224,
					"rtt":	318,
					"rttvar":	44,
					"pmtu":	1446,
					"omitted":	false,
					"sender":	true
				}],
			"sum":	{
				"start":	0,
				"end":	2.000056,
				"seconds":	2.0000560283660889,
				"bytes":	891158528,
				"bits_per_second":	3564534254.4849267,
				"retransmits":	95,
				"omitted":	false,
				"sender":	true
			}
		}, {
			"streams":	[{
					"socket":	5,
					"start":	2.000056,
					"end":	4.000062,
					"seconds":	2.0000059604644775,
					"bytes":	856424448,
					"bits_per_second":	3425687582.655426,
					"retransmits":	8,
					"snd_cwnd":	543660,
					"snd_wnd":	4252672,
					"rtt":	1408,
					"rttvar":	123,
					"pmtu":	1446,
					"omitted":	false,
					"sender":	true
				}],
			"sum":	{
				"start":	2.000056,
				"end":	4.000062,
				"seconds":	2.0000059604644775,
				"bytes":	856424448,
				"bits_per_second":	3425687582.655426,
				"retransmits":	8,
				"omitted":	false,
				"sender":	true
			}
		}, {
			"streams":	[{
					"socket":	5,
					"start":	4.000062,
					"end":	6.000057,
					"seconds":	1.9999949932098389,
					"bytes":	879886336,
					"bits_per_second":	3519554154.8345571,
					"retransmits":	441,
					"snd_cwnd":	602208,
					"snd_wnd":	4215680,
					"rtt":	1490,
					"rttvar":	131,
					"pmtu":	1446,
					"omitted":	false,
					"sender":	true
				}],
			"sum":	{
				"start":	4.000062,
				"end":	6.000057,
				"seconds":	1.9999949932098389,
				"bytes":	879886336,
				"bits_per_second":	3519554154.8345571,
				"retransmits":	441,
				"omitted":	false,
				"sender":	true
			}
		}, {
			"streams":	[{
					"socket":	5,
					"start":	6.000057,
					"end":	8.000056,
					"seconds":	1.9999990463256836,
					"bytes":	881065984,
					"bits_per_second":	3524265616.5008016,
					"retransmits":	96,
					"snd_cwnd":	756942,
					"snd_wnd":	4215680,
					"rtt":	1568,
					"rttvar":	346,
					"pmtu":	1446,
					"omitted":	false,
					"sender":	true
				}],
			"sum":	{
				"start":	6.000057,
				"end":	8.000056,
				"seconds":	1.9999990463256836,
				"bytes":	881065984,
				"bits_per_second":	3524265616.5008016,
				"retransmits":	96,
				"omitted":	false,
				"sender":	true
			}
		}, {
			"streams":	[{
					"socket":	5,
					"start":	8.000056,
					"end":	10.000293,
					"seconds":	2.000236988067627,
					"bytes":	888143872,
					"bits_per_second":	3552154578.87522,
					"retransmits":	63,
					"snd_cwnd":	553418,
					"snd_wnd":	4215680,
					"rtt":	1621,
					"rttvar":	243,
					"pmtu":	1446,
					"omitted":	false,
					"sender":	true
				}],
			"sum":	{
				"start":	8.000056,
				"end":	10.000293,
				"seconds":	2.000236988067627,
				"bytes":	888143872,
				"bits_per_second":	3552154578.87522,
				"retransmits":	63,
				"omitted":	false,
				"sender":	true
			}
		}],
	"end":	{
		"streams":	[{
				"sender":	{
					"socket":	5,
					"start":	0,
					"end":	10.000293,
					"seconds":	10.000293,
					"bytes":	4423942144,
					"bits_per_second":	3539050021.0343838,
					"retransmits":	703,
					"max_snd_cwnd":	756942,
					"max_snd_wnd":	4276224,
					"max_rtt":	1621,
					"min_rtt":	318,
					"mean_rtt":	1281,
					"sender":	true
				},
				"receiver":	{
					"socket":	5,
					"start":	0,
					"end":	10.001507,
					"seconds":	10.000293,
					"bytes":	4422369280,
					"bits_per_second":	3537362343.4948354,
					"sender":	true
				}
			}],
		"sum_sent":	{
			"start":	0,
			"end":	10.000293,
			"seconds":	10.000293,
			"bytes":	4423942144,
			"bits_per_second":	3539050021.0343838,
			"retransmits":	703,
			"sender":	true
		},
		"sum_received":	{
			"start":	0,
			"end":	10.001507,
			"seconds":	10.001507,
			"bytes":	4422369280,
			"bits_per_second":	3537362343.4948354,
			"sender":	true
		},
		"cpu_utilization_percent":	{
			"host_total":	85.37898822289344,
			"host_user":	0.11152491067958506,
			"host_system":	85.267483309508222,
			"remote_total":	11.085797175988684,
			"remote_user":	0.71898085870564843,
			"remote_system":	10.366826315765266
		},
		"sender_tcp_congestion":	"cubic",
		"receiver_tcp_congestion":	"cubic"
	}
}
