{
	"start":	{
		"connected":	[{
				"socket":	5,
				"local_host":	"192.0.1.254",
				"local_port":	53924,
				"remote_host":	"192.0.2.254",
				"remote_port":	5201
			}],
		"version":	"iperf 3.16",
		"system_info":	"Linux lab-dd2 6.8.0-100-generic #100-Ubuntu SMP PREEMPT_DYNAMIC Tue Jan 13 16:40:06 UTC 2026 x86_64",
		"timestamp":	{
			"time":	"Thu, 19 Mar 2026 06:41:10 GMT",
			"timesecs":	1773902470
		},
		"connecting_to":	{
			"host":	"192.0.2.254",
			"port":	5201
		},
		"cookie":	"jbvqfx6c2qadmiw2kj6i5v5pxn72wwysx3ly",
		"tcp_mss_default":	1394,
		"target_bitrate":	4000000000,
		"fq_rate":	0,
		"sock_bufsize":	0,
		"sndbuf_actual":	16384,
		"rcvbuf_actual":	131072,
		"test_start":	{
			"protocol":	"TCP",
			"num_streams":	1,
			"blksize":	131072,
			"omit":	0,
			"duration":	10,
			"bytes":	0,
			"blocks":	0,
			"reverse":	0,
			"tos":	0,
			"target_bitrate":	4000000000,
			"bidir":	0,
			"fqrate":	0
		}
	},
	"intervals":	[{
			"streams":	[{
					"socket":	5,
					"start":	0,
					"end":	2.000055,
					"seconds":	2.0000550746917725,
					"bytes":	890765312,
					"bits_per_second":	3562963133.4518142,
					"retransmits":	357,
					"snd_cwnd":	499052,
					"snd_wnd":	3998208,
					"rtt":	1134,
					"rttvar":	318,
					"pmtu":	1446,
					"omitted":	false,
					"sender":	true
				}],
			"sum":	{
				"start":	0,
				"end":	2.000055,
				"seconds":	2.0000550746917725,
				"bytes":	890765312,
				"bits_per_second":	3562963133.4518142,
				"retransmits":	357,
				"omitted":	false,
				"sender":	true
			}
		}, {
			"streams":	[{
					"socket":	5,
					"start":	2.000055,
					"end":	4.000056,
					"seconds":	2.0000009536743164,
					"bytes":	871628800,
					"bits_per_second":	3486513537.5007925,
					"retransmits":	564,
					"snd_cwnd":	400078,
					"snd_wnd":	3990784,
					"rtt":	1091,
					"rttvar":	137,
					"pmtu":	1446,
					"omitted":	false,
					"sender":	true
				}],
			"sum":	{
				"start":	2.000055,
				"end":	4.000056,
				"seconds":	2.0000009536743164,
				"bytes":	871628800,
				"bits_per_second":	3486513537.5007925,
				"retransmits":	564,
				"omitted":	false,
				"sender":	true
			}
		}, {
			"streams":	[{
					"socket":	5,
					"start":	4.000056,
					"end":	6.000055,
					"seconds":	1.9999990463256836,
					"bytes":	896925696,
					"bits_per_second":	3587704494.7508159,
					"retransmits":	0,
					"snd_cwnd":	755548,
					"snd_wnd":	3973504,
					"rtt":	1579,
					"rttvar":	326,
					"pmtu":	1446,
					"omitted":	false,
					"sender":	true
				}],
			"sum":	{
				"start":	4.000056,
				"end":	6.000055,
				"seconds":	1.9999990463256836,
				"bytes":	896925696,
				"bits_per_second":	3587704494.7508159,
				"retransmits":	0,
				"omitted":	false,
				"sender":	true
			}
		}, {
			"streams":	[{
					"socket":	5,
					"start":	6.000055,
					"end":	8.000054,
					"seconds":	1.9999990463256836,
					"bytes":	862978048,
					"bits_per_second":	3451913838.0007849,
					"retransmits":	5,
					"snd_cwnd":	790398,
					"snd_wnd":	4014336,
					"rtt":	1951,
					"rttvar":	161,
					"pmtu":	1446,
					"omitted":	false,
					"sender":	true
				}],
			"sum":	{
				"start":	6.000055,
				"end":	8.000054,
				"seconds":	1.9999990463256836,
				"bytes":	862978048,
				"bits_per_second":	3451913838.0007849,
				"retransmits":	5,
				"omitted":	false,
				"sender":	true
			}
		}, {
			"streams":	[{
					"socket":	5,
					"start":	8.000054,
					"end":	10.000283,
					"seconds":	2.0002288818359375,
					"bytes":	877395968,
					"bits_per_second":	3509182277.9587908,
					"retransmits":	18,
					"snd_cwnd":	811308,
					"snd_wnd":	4030464,
					"rtt":	328,
					"rttvar":	40,
					"pmtu":	1446,
					"omitted":	false,
					"sender":	true
				}],
			"sum":	{
				"start":	8.000054,
				"end":	10.000283,
				"seconds":	2.0002288818359375,
				"bytes":	877395968,
				"bits_per_second":	3509182277.9587908,
				"retransmits":	18,
				"omitted":	false,
				"sender":	true
			}
		}],
	"end":	{
		"streams":	[{
				"sender":	{
					"socket":	5,
					"start":	0,
					"end":	10.000283,
					"seconds":	10.000283,
					"bytes":	4423155712,
					"bits_per_second":	3538424432.1885691,
					"retransmits":	944,
					"max_snd_cwnd":	811308,
					"max_snd_wnd":	4030464,
					"max_rtt":	1951,
					"min_rtt":	328,
					"mean_rtt":	1216,
					"sender":	true
				},
				"receiver":	{
					"socket":	5,
					"start":	0,
					"end":	10.000532,
					"seconds":	10.000283,
					"bytes":	4423286784,
					"bits_per_second":	3538441182.1291108,
					"sender":	true
				}
			}],
		"sum_sent":	{
			"start":	0,
			"end":	10.000283,
			"seconds":	10.000283,
			"bytes":	4423155712,
			"bits_per_second":	3538424432.1885691,
			"retransmits":	944,
			"sender":	true
		},
		"sum_received":	{
			"start":	0,
			"end":	10.000532,
			"seconds":	10.000532,
			"bytes":	4423286784,
			"bits_per_second":	3538441182.1291108,
			"sender":	true
		},
		"cpu_utilization_percent":	{
			"host_total":	83.4688101114044,
			"host_user":	0.040105099156883026,
			"host_system":	83.4286850146912,
			"remote_total":	11.399945542935235,
			"remote_user":	0.91728055857789259,
			"remote_system":	10.48269498274043
		},
		"sender_tcp_congestion":	"cubic",
		"receiver_tcp_congestion":	"cubic"
	}
}
