{
	"start":	{
		"connected":	[{
				"socket":	5,
				"local_host":	"192.0.1.254",
				"local_port":	52942,
				"remote_host":	"192.0.2.254",
				"remote_port":	5201
			}],
		"version":	"iperf 3.16",
		"system_info":	"Linux lab-dd2 6.8.0-100-generic #100-Ubuntu SMP PREEMPT_DYNAMIC Tue Jan 13 16:40:06 UTC 2026 x86_64",
		"timestamp":	{
			"time":	"Thu, 19 Mar 2026 06:43:20 GMT",
			"timesecs":	1773902600
		},
		"connecting_to":	{
			"host":	"192.0.2.254",
			"port":	5201
		},
		"cookie":	"poyb2wmxaaroapwe32dgptexpshg5aiyttlb",
		"tcp_mss_default":	1394,
		"target_bitrate":	5000000000,
		"fq_rate":	0,
		"sock_bufsize":	0,
		"sndbuf_actual":	16384,
		"rcvbuf_actual":	131072,
		"test_start":	{
			"protocol":	"TCP",
			"num_streams":	1,
			"blksize":	131072,
			"omit":	0,
			"duration":	10,
			"bytes":	0,
			"blocks":	0,
			"reverse":	0,
			"tos":	0,
			"target_bitrate":	5000000000,
			"bidir":	0,
			"fqrate":	0
		}
	},
	"intervals":	[{
			"streams":	[{
					"socket":	5,
					"start":	0,
					"end":	2.000056,
					"seconds":	2.0000560283660889,
					"bytes":	1133117440,
					"bits_per_second":	4532342790.1194572,
					"retransmits":	478,
					"snd_cwnd":	684454,
					"snd_wnd":	3085568,
					"rtt":	1260,
					"rttvar":	326,
					"pmtu":	1446,
					"omitted":	false,
					"sender":	true
				}],
			"sum":	{
				"start":	0,
				"end":	2.000056,
				"seconds":	2.0000560283660889,
				"bytes":	1133117440,
				"bits_per_second":	4532342790.1194572,
				"retransmits":	478,
				"omitted":	false,
				"sender":	true
			}
		}, {
			"streams":	[{
					"socket":	5,
					"start":	2.000056,
					"end":	4.000055,
					"seconds":	1.9999990463256836,
					"bytes":	1156579328,
					"bits_per_second":	4626319518.0010519,
					"retransmits":	35,
					"snd_cwnd":	832218,
					"snd_wnd":	3092864,
					"rtt":	1472,
					"rttvar":	416,
					"pmtu":	1446,
					"omitted":	false,
					"sender":	true
				}],
			"sum":	{
				"start":	2.000056,
				"end":	4.000055,
				"seconds":	1.9999990463256836,
				"bytes":	1156579328,
				"bits_per_second":	4626319518.0010519,
				"retransmits":	35,
				"omitted":	false,
				"sender":	true
			}
		}, {
			"streams":	[{
					"socket":	5,
					"start":	4.000055,
					"end":	6.000055,
					"seconds":	2,
					"bytes":	949878784,
					"bits_per_second":	3799515136,
					"retransmits":	7,
					"snd_cwnd":	783428,
					"snd_wnd":	3149952,
					"rtt":	307,
					"rttvar":	24,
					"pmtu":	1446,
					"omitted":	false,
					"sender":	true
				}],
			"sum":	{
				"start":	4.000055,
				"end":	6.000055,
				"seconds":	2,
				"bytes":	949878784,
				"bits_per_second":	3799515136,
				"retransmits":	7,
				"omitted":	false,
				"sender":	true
			}
		}, {
			"streams":	[{
					"socket":	5,
					"start":	6.000055,
					"end":	8.000055,
					"seconds":	2,
					"bytes":	934936576,
					"bits_per_second":	3739746304,
					"retransmits":	15,
					"snd_cwnd":	734638,
					"snd_wnd":	3092864,
					"rtt":	1949,
					"rttvar":	562,
					"pmtu":	1446,
					"omitted":	false,
					"sender":	true
				}],
			"sum":	{
				"start":	6.000055,
				"end":	8.000055,
				"seconds":	2,
				"bytes":	934936576,
				"bits_per_second":	3739746304,
				"retransmits":	15,
				"omitted":	false,
				"sender":	true
			}
		}, {
			"streams":	[{
					"socket":	5,
					"start":	8.000055,
					"end":	10.000215,
					"seconds":	2.0001599788665771,
					"bytes":	942014464,
					"bits_per_second":	3767756475.2947717,
					"retransmits":	41,
					"snd_cwnd":	637058,
					"snd_wnd":	3149952,
					"rtt":	352,
					"rttvar":	41,
					"pmtu":	1446,
					"omitted":	false,
					"sender":	true
				}],
			"sum":	{
				"start":	8.000055,
				"end":	10.000215,
				"seconds":	2.0001599788665771,
				"bytes":	942014464,
				"bits_per_second":	3767756475.2947717,
				"retransmits":	41,
				"omitted":	false,
				"sender":	true
			}
		}],
	"end":	{
		"streams":	[{
				"sender":	{
					"socket":	5,
					"start":	0,
					"end":	10.000215,
					"seconds":	10.000215,
					"bytes":	5151784960,
					"bits_per_second":	4121339359.2037768,
					"retransmits":	576,
					"max_snd_cwnd":	832218,
					"max_snd_wnd":	3149952,
					"max_rtt":	1949,
					"min_rtt":	307,
					"mean_rtt":	1068,
					"sender":	true
				},
				"receiver":	{
					"socket":	5,
					"start":	0,
					"end":	10.000369,
					"seconds":	10.000215,
					"bytes":	5151784960,
					"bits_per_second":	4121275892.9195514,
					"sender":	true
				}
			}],
		"sum_sent":	{
			"start":	0,
			"end":	10.000215,
			"seconds":	10.000215,
			"bytes":	5151784960,
			"bits_per_second":	4121339359.2037768,
			"retransmits":	576,
			"sender":	true
		},
		"sum_received":	{
			"start":	0,
			"end":	10.000369,
			"seconds":	10.000369,
			"bytes":	5151784960,
			"bits_per_second":	4121275892.9195514,
			"sender":	true
		},
		"cpu_utilization_percent":	{
			"host_total":	85.525930427762347,
			"host_user":	0.28053595806839354,
			"host_system":	85.2453744714078,
			"remote_total":	12.526925251073184,
			"remote_user":	0.66442534981952173,
			"remote_system":	11.862509900882676
		},
		"sender_tcp_congestion":	"cubic",
		"receiver_tcp_congestion":	"cubic"
	}
}
