{
	"start":	{
		"connected":	[{
				"socket":	5,
				"local_host":	"192.0.1.254",
				"local_port":	38256,
				"remote_host":	"192.0.2.254",
				"remote_port":	5201
			}],
		"version":	"iperf 3.16",
		"system_info":	"Linux lab-dd2 6.8.0-100-generic #100-Ubuntu SMP PREEMPT_DYNAMIC Tue Jan 13 16:40:06 UTC 2026 x86_64",
		"timestamp":	{
			"time":	"Thu, 19 Mar 2026 06:51:20 GMT",
			"timesecs":	1773903080
		},
		"connecting_to":	{
			"host":	"192.0.2.254",
			"port":	5201
		},
		"cookie":	"7asxas2utcqi7jrpa4mz6wz7zpavwvjdfaeg",
		"tcp_mss_default":	1394,
		"target_bitrate":	9000000000,
		"fq_rate":	0,
		"sock_bufsize":	0,
		"sndbuf_actual":	16384,
		"rcvbuf_actual":	131072,
		"test_start":	{
			"protocol":	"TCP",
			"num_streams":	1,
			"blksize":	131072,
			"omit":	0,
			"duration":	10,
			"bytes":	0,
			"blocks":	0,
			"reverse":	0,
			"tos":	0,
			"target_bitrate":	9000000000,
			"bidir":	0,
			"fqrate":	0
		}
	},
	"intervals":	[{
			"streams":	[{
					"socket":	5,
					"start":	0,
					"end":	2.000011,
					"seconds":	2.0000109672546387,
					"bytes":	881197056,
					"bits_per_second":	3524768895.48099,
					"retransmits":	19,
					"snd_cwnd":	599420,
					"snd_wnd":	3973504,
					"rtt":	1555,
					"rttvar":	187,
					"pmtu":	1446,
					"omitted":	false,
					"sender":	true
				}],
			"sum":	{
				"start":	0,
				"end":	2.000011,
				"seconds":	2.0000109672546387,
				"bytes":	881197056,
				"bits_per_second":	3524768895.48099,
				"retransmits":	19,
				"omitted":	false,
				"sender":	true
			}
		}, {
			"streams":	[{
					"socket":	5,
					"start":	2.000011,
					"end":	4.000011,
					"seconds":	2,
					"bytes":	872808448,
					"bits_per_second":	3491233792,
					"retransmits":	35,
					"snd_cwnd":	611966,
					"snd_wnd":	4018048,
					"rtt":	1924,
					"rttvar":	488,
					"pmtu":	1446,
					"omitted":	false,
					"sender":	true
				}],
			"sum":	{
				"start":	2.000011,
				"end":	4.000011,
				"seconds":	2,
				"bytes":	872808448,
				"bits_per_second":	3491233792,
				"retransmits":	35,
				"omitted":	false,
				"sender":	true
			}
		}, {
			"streams":	[{
					"socket":	5,
					"start":	4.000011,
					"end":	6.000057,
					"seconds":	2.0000460147857666,
					"bytes":	866910208,
					"bits_per_second":	3467561052.46052,
					"retransmits":	7,
					"snd_cwnd":	632876,
					"snd_wnd":	3973504,
					"rtt":	1605,
					"rttvar":	268,
					"pmtu":	1446,
					"omitted":	false,
					"sender":	true
				}],
			"sum":	{
				"start":	4.000011,
				"end":	6.000057,
				"seconds":	2.0000460147857666,
				"bytes":	866910208,
				"bits_per_second":	3467561052.46052,
				"retransmits":	7,
				"omitted":	false,
				"sender":	true
			}
		}, {
			"streams":	[{
					"socket":	5,
					"start":	6.000057,
					"end":	8.00001,
					"seconds":	1.999953031539917,
					"bytes":	849870848,
					"bits_per_second":	3399563228.12489,
					"retransmits":	69,
					"snd_cwnd":	599420,
					"snd_wnd":	3973504,
					"rtt":	1394,
					"rttvar":	311,
					"pmtu":	1446,
					"omitted":	false,
					"sender":	true
				}],
			"sum":	{
				"start":	6.000057,
				"end":	8.00001,
				"seconds":	1.999953031539917,
				"bytes":	849870848,
				"bits_per_second":	3399563228.12489,
				"retransmits":	69,
				"omitted":	false,
				"sender":	true
			}
		}, {
			"streams":	[{
					"socket":	5,
					"start":	8.00001,
					"end":	10.000346,
					"seconds":	2.0003359317779541,
					"bytes":	856948736,
					"bits_per_second":	3427219288.0655608,
					"retransmits":	187,
					"snd_cwnd":	729062,
					"snd_wnd":	4030464,
					"rtt":	349,
					"rttvar":	41,
					"pmtu":	1446,
					"omitted":	false,
					"sender":	true
				}],
			"sum":	{
				"start":	8.00001,
				"end":	10.000346,
				"seconds":	2.0003359317779541,
				"bytes":	856948736,
				"bits_per_second":	3427219288.0655608,
				"retransmits":	187,
				"omitted":	false,
				"sender":	true
			}
		}],
	"end":	{
		"streams":	[{
				"sender":	{
					"socket":	5,
					"start":	0,
					"end":	10.000346,
					"seconds":	10.000346,
					"bytes":	4362207232,
					"bits_per_second":	3489645043.8814816,
					"retransmits":	317,
					"max_snd_cwnd":	729062,
					"max_snd_wnd":	4030464,
					"max_rtt":	1924,
					"min_rtt":	349,
					"mean_rtt":	1365,
					"sender":	true
				},
				"receiver":	{
					"socket":	5,
					"start":	0,
					"end":	10.000517,
					"seconds":	10.000346,
					"bytes":	4362338304,
					"bits_per_second":	3489690226.2153044,
					"sender":	true
				}
			}],
		"sum_sent":	{
			"start":	0,
			"end":	10.000346,
			"seconds":	10.000346,
			"bytes":	4362207232,
			"bits_per_second":	3489645043.8814816,
			"retransmits":	317,
			"sender":	true
		},
		"sum_received":	{
			"start":	0,
			"end":	10.000517,
			"seconds":	10.000517,
			"bytes":	4362338304,
			"bits_per_second":	3489690226.2153044,
			"sender":	true
		},
		"cpu_utilization_percent":	{
			"host_total":	85.809624984065,
			"host_user":	0.051211934120376043,
			"host_system":	85.758433046795133,
			"remote_total":	11.606699041601274,
			"remote_user":	0.823605937082366,
			"remote_system":	10.78308310505388
		},
		"sender_tcp_congestion":	"cubic",
		"receiver_tcp_congestion":	"cubic"
	}
}
