{
	"start":	{
		"connected":	[{
				"socket":	5,
				"local_host":	"192.0.1.254",
				"local_port":	56930,
				"remote_host":	"192.0.2.254",
				"remote_port":	5201
			}],
		"version":	"iperf 3.16",
		"system_info":	"Linux lab-dd2 6.8.0-100-generic #100-Ubuntu SMP PREEMPT_DYNAMIC Tue Jan 13 16:40:06 UTC 2026 x86_64",
		"timestamp":	{
			"time":	"Thu, 19 Mar 2026 06:46:50 GMT",
			"timesecs":	1773902810
		},
		"connecting_to":	{
			"host":	"192.0.2.254",
			"port":	5201
		},
		"cookie":	"lkw32u7liu6mwcrrsmpv3njgmkdqqpep7hlx",
		"target_bitrate":	7000000000,
		"fq_rate":	0,
		"sock_bufsize":	0,
		"sndbuf_actual":	212992,
		"rcvbuf_actual":	212992,
		"test_start":	{
			"protocol":	"UDP",
			"num_streams":	1,
			"blksize":	1394,
			"omit":	0,
			"duration":	10,
			"bytes":	0,
			"blocks":	0,
			"reverse":	0,
			"tos":	0,
			"target_bitrate":	7000000000,
			"bidir":	0,
			"fqrate":	0
		}
	},
	"intervals":	[{
			"streams":	[{
					"socket":	5,
					"start":	0,
					"end":	2.000061,
					"seconds":	2.00006103515625,
					"bytes":	1226064820,
					"bits_per_second":	4904109618.4515858,
					"packets":	879531,
					"omitted":	false,
					"sender":	true
				}],
			"sum":	{
				"start":	0,
				"end":	2.000061,
				"seconds":	2.00006103515625,
				"bytes":	1226064820,
				"bits_per_second":	4904109618.4515858,
				"packets":	879531,
				"omitted":	false,
				"sender":	true
			}
		}, {
			"streams":	[{
					"socket":	5,
					"start":	2.000061,
					"end":	4.000061,
					"seconds":	2,
					"bytes":	1209512464,
					"bits_per_second":	4838049856,
					"packets":	867656,
					"omitted":	false,
					"sender":	true
				}],
			"sum":	{
				"start":	2.000061,
				"end":	4.000061,
				"seconds":	2,
				"bytes":	1209512464,
				"bits_per_second":	4838049856,
				"packets":	867656,
				"omitted":	false,
				"sender":	true
			}
		}, {
			"streams":	[{
					"socket":	5,
					"start":	4.000061,
					"end":	6.00006,
					"seconds":	1.9999990463256836,
					"bytes":	1212024452,
					"bits_per_second":	4848100119.7542839,
					"packets":	869458,
					"omitted":	false,
					"sender":	true
				}],
			"sum":	{
				"start":	4.000061,
				"end":	6.00006,
				"seconds":	1.9999990463256836,
				"bytes":	1212024452,
				"bits_per_second":	4848100119.7542839,
				"packets":	869458,
				"omitted":	false,
				"sender":	true
			}
		}, {
			"streams":	[{
					"socket":	5,
					"start":	6.00006,
					"end":	8.000061,
					"seconds":	2.0000009536743164,
					"bytes":	1211915720,
					"bits_per_second":	4847660568.45531,
					"packets":	869379,
					"omitted":	false,
					"sender":	true
				}],
			"sum":	{
				"start":	6.00006,
				"end":	8.000061,
				"seconds":	2.0000009536743164,
				"bytes":	1211915720,
				"bits_per_second":	4847660568.45531,
				"packets":	869379,
				"omitted":	false,
				"sender":	true
			}
		}, {
			"streams":	[{
					"socket":	5,
					"start":	8.000061,
					"end":	10.000217,
					"seconds":	2.0001559257507324,
					"bytes":	1213265112,
					"bits_per_second":	4852682118.94877,
					"packets":	870348,
					"omitted":	false,
					"sender":	true
				}],
			"sum":	{
				"start":	8.000061,
				"end":	10.000217,
				"seconds":	2.0001559257507324,
				"bytes":	1213265112,
				"bits_per_second":	4852682118.94877,
				"packets":	870348,
				"omitted":	false,
				"sender":	true
			}
		}],
	"end":	{
		"streams":	[{
				"udp":	{
					"socket":	5,
					"start":	0,
					"end":	10.000217,
					"seconds":	10.000217,
					"bytes":	6072782568,
					"bits_per_second":	4858120633.18226,
					"jitter_ms":	0.0011449228667893927,
					"lost_packets":	267582,
					"packets":	4356372,
					"lost_percent":	6.142312915425955,
					"out_of_order":	0,
					"sender":	true
				}
			}],
		"sum":	{
			"start":	0,
			"end":	10.000329,
			"seconds":	10.000329,
			"bytes":	6072782568,
			"bits_per_second":	4858120633.18226,
			"jitter_ms":	0.0011449228667893927,
			"lost_packets":	267582,
			"packets":	4356372,
			"lost_percent":	6.142312915425955,
			"sender":	true
		},
		"sum_sent":	{
			"start":	0,
			"end":	10.000217,
			"seconds":	10.000217,
			"bytes":	6072782568,
			"bits_per_second":	4858120633.18226,
			"jitter_ms":	0,
			"lost_packets":	0,
			"packets":	4356372,
			"lost_percent":	0,
			"sender":	true
		},
		"sum_received":	{
			"start":	0,
			"end":	10.000329,
			"seconds":	10.000329,
			"bytes":	5699773260,
			"bits_per_second":	4559668594.9032278,
			"jitter_ms":	0.0011449228667893927,
			"lost_packets":	267582,
			"packets":	4356372,
			"lost_percent":	6.142312915425955,
			"sender":	false
		},
		"cpu_utilization_percent":	{
			"host_total":	100.28111388452012,
			"host_user":	8.78383398182309,
			"host_system":	91.497269903625948,
			"remote_total":	107.49310748227785,
			"remote_user":	15.450859306041387,
			"remote_system":	92.042258175899477
		}
	}
}
