{
	"start":	{
		"connected":	[{
				"socket":	5,
				"local_host":	"192.0.1.254",
				"local_port":	46446,
				"remote_host":	"192.0.2.254",
				"remote_port":	5201
			}],
		"version":	"iperf 3.16",
		"system_info":	"Linux lab-dd2 6.8.0-100-generic #100-Ubuntu SMP PREEMPT_DYNAMIC Tue Jan 13 16:40:06 UTC 2026 x86_64",
		"timestamp":	{
			"time":	"Thu, 19 Mar 2026 06:42:30 GMT",
			"timesecs":	1773902550
		},
		"connecting_to":	{
			"host":	"192.0.2.254",
			"port":	5201
		},
		"cookie":	"uwx64hy72o6svwfeic7b3li3sfmb7j426rp7",
		"target_bitrate":	4000000000,
		"fq_rate":	0,
		"sock_bufsize":	0,
		"sndbuf_actual":	212992,
		"rcvbuf_actual":	212992,
		"test_start":	{
			"protocol":	"UDP",
			"num_streams":	1,
			"blksize":	1394,
			"omit":	0,
			"duration":	10,
			"bytes":	0,
			"blocks":	0,
			"reverse":	0,
			"tos":	0,
			"target_bitrate":	4000000000,
			"bidir":	0,
			"fqrate":	0
		}
	},
	"intervals":	[{
			"streams":	[{
					"socket":	5,
					"start":	0,
					"end":	2.000056,
					"seconds":	2.0000560283660889,
					"bytes":	999871592,
					"bits_per_second":	3999374328.79549,
					"packets":	717269,
					"omitted":	false,
					"sender":	true
				}],
			"sum":	{
				"start":	0,
				"end":	2.000056,
				"seconds":	2.0000560283660889,
				"bytes":	999871592,
				"bits_per_second":	3999374328.79549,
				"packets":	717269,
				"omitted":	false,
				"sender":	true
			}
		}, {
			"streams":	[{
					"socket":	5,
					"start":	2.000056,
					"end":	4.000056,
					"seconds":	2,
					"bytes":	999923170,
					"bits_per_second":	3999692680,
					"packets":	717304,
					"omitted":	false,
					"sender":	true
				}],
			"sum":	{
				"start":	2.000056,
				"end":	4.000056,
				"seconds":	2,
				"bytes":	999923170,
				"bits_per_second":	3999692680,
				"packets":	717304,
				"omitted":	false,
				"sender":	true
			}
		}, {
			"streams":	[{
					"socket":	5,
					"start":	4.000056,
					"end":	6.000056,
					"seconds":	2,
					"bytes":	1000050024,
					"bits_per_second":	4000200096,
					"packets":	717397,
					"omitted":	false,
					"sender":	true
				}],
			"sum":	{
				"start":	4.000056,
				"end":	6.000056,
				"seconds":	2,
				"bytes":	1000050024,
				"bits_per_second":	4000200096,
				"packets":	717397,
				"omitted":	false,
				"sender":	true
			}
		}, {
			"streams":	[{
					"socket":	5,
					"start":	6.000056,
					"end":	8.000055,
					"seconds":	1.9999990463256836,
					"bytes":	1000063964,
					"bits_per_second":	4000257763.4715438,
					"packets":	717406,
					"omitted":	false,
					"sender":	true
				}],
			"sum":	{
				"start":	6.000056,
				"end":	8.000055,
				"seconds":	1.9999990463256836,
				"bytes":	1000063964,
				"bits_per_second":	4000257763.4715438,
				"packets":	717406,
				"omitted":	false,
				"sender":	true
			}
		}, {
			"streams":	[{
					"socket":	5,
					"start":	8.000055,
					"end":	10.000188,
					"seconds":	2.0001330375671387,
					"bytes":	999987294,
					"bits_per_second":	3999683121.9440656,
					"packets":	717350,
					"omitted":	false,
					"sender":	true
				}],
			"sum":	{
				"start":	8.000055,
				"end":	10.000188,
				"seconds":	2.0001330375671387,
				"bytes":	999987294,
				"bits_per_second":	3999683121.9440656,
				"packets":	717350,
				"omitted":	false,
				"sender":	true
			}
		}],
	"end":	{
		"streams":	[{
				"udp":	{
					"socket":	5,
					"start":	0,
					"end":	10.000188,
					"seconds":	10.000188,
					"bytes":	4999896044,
					"bits_per_second":	3999841638.1772022,
					"jitter_ms":	0.0011023510502850469,
					"lost_packets":	238838,
					"packets":	3586726,
					"lost_percent":	6.65894188739257,
					"out_of_order":	0,
					"sender":	true
				}
			}],
		"sum":	{
			"start":	0,
			"end":	10.001152,
			"seconds":	10.001152,
			"bytes":	4999896044,
			"bits_per_second":	3999841638.1772022,
			"jitter_ms":	0.0011023510502850469,
			"lost_packets":	238838,
			"packets":	3586726,
			"lost_percent":	6.65894188739257,
			"sender":	true
		},
		"sum_sent":	{
			"start":	0,
			"end":	10.000188,
			"seconds":	10.000188,
			"bytes":	4999896044,
			"bits_per_second":	3999841638.1772022,
			"jitter_ms":	0,
			"lost_packets":	0,
			"packets":	3586726,
			"lost_percent":	0,
			"sender":	true
		},
		"sum_received":	{
			"start":	0,
			"end":	10.001152,
			"seconds":	10.001152,
			"bytes":	4666955872,
			"bits_per_second":	3733134640.4894156,
			"jitter_ms":	0.0011023510502850469,
			"lost_packets":	238838,
			"packets":	3586726,
			"lost_percent":	6.65894188739257,
			"sender":	false
		},
		"cpu_utilization_percent":	{
			"host_total":	100.28599778789446,
			"host_user":	16.6359696440962,
			"host_system":	83.650028143798266,
			"remote_total":	108.73013166979213,
			"remote_user":	15.946118223345204,
			"remote_system":	92.784013446446934
		}
	}
}
