{
	"start":	{
		"connected":	[{
				"socket":	5,
				"local_host":	"192.0.1.254",
				"local_port":	44932,
				"remote_host":	"192.0.2.254",
				"remote_port":	5201
			}],
		"version":	"iperf 3.16",
		"system_info":	"Linux lab-dd2 6.8.0-100-generic #100-Ubuntu SMP PREEMPT_DYNAMIC Tue Jan 13 16:40:06 UTC 2026 x86_64",
		"timestamp":	{
			"time":	"Thu, 19 Mar 2026 06:42:20 GMT",
			"timesecs":	1773902540
		},
		"connecting_to":	{
			"host":	"192.0.2.254",
			"port":	5201
		},
		"cookie":	"pukffauh2zg5rz5udt2bhrki2hii5l5qm3mr",
		"target_bitrate":	4000000000,
		"fq_rate":	0,
		"sock_bufsize":	0,
		"sndbuf_actual":	212992,
		"rcvbuf_actual":	212992,
		"test_start":	{
			"protocol":	"UDP",
			"num_streams":	1,
			"blksize":	1394,
			"omit":	0,
			"duration":	10,
			"bytes":	0,
			"blocks":	0,
			"reverse":	0,
			"tos":	0,
			"target_bitrate":	4000000000,
			"bidir":	0,
			"fqrate":	0
		}
	},
	"intervals":	[{
			"streams":	[{
					"socket":	5,
					"start":	0,
					"end":	2.000028,
					"seconds":	2.0000278949737549,
					"bytes":	999878562,
					"bits_per_second":	3999458465.6055341,
					"packets":	717274,
					"omitted":	false,
					"sender":	true
				}],
			"sum":	{
				"start":	0,
				"end":	2.000028,
				"seconds":	2.0000278949737549,
				"bytes":	999878562,
				"bits_per_second":	3999458465.6055341,
				"packets":	717274,
				"omitted":	false,
				"sender":	true
			}
		}, {
			"streams":	[{
					"socket":	5,
					"start":	2.000028,
					"end":	4.000029,
					"seconds":	2.0000009536743164,
					"bytes":	1000107178,
					"bits_per_second":	4000426804.4478512,
					"packets":	717437,
					"omitted":	false,
					"sender":	true
				}],
			"sum":	{
				"start":	2.000028,
				"end":	4.000029,
				"seconds":	2.0000009536743164,
				"bytes":	1000107178,
				"bits_per_second":	4000426804.4478512,
				"packets":	717437,
				"omitted":	false,
				"sender":	true
			}
		}, {
			"streams":	[{
					"socket":	5,
					"start":	4.000029,
					"end":	6.000029,
					"seconds":	2,
					"bytes":	999931534,
					"bits_per_second":	3999726136,
					"packets":	717312,
					"omitted":	false,
					"sender":	true
				}],
			"sum":	{
				"start":	4.000029,
				"end":	6.000029,
				"seconds":	2,
				"bytes":	999931534,
				"bits_per_second":	3999726136,
				"packets":	717312,
				"omitted":	false,
				"sender":	true
			}
		}, {
			"streams":	[{
					"socket":	5,
					"start":	6.000029,
					"end":	8.000029,
					"seconds":	2,
					"bytes":	999828378,
					"bits_per_second":	3999313512,
					"packets":	717237,
					"omitted":	false,
					"sender":	true
				}],
			"sum":	{
				"start":	6.000029,
				"end":	8.000029,
				"seconds":	2,
				"bytes":	999828378,
				"bits_per_second":	3999313512,
				"packets":	717237,
				"omitted":	false,
				"sender":	true
			}
		}, {
			"streams":	[{
					"socket":	5,
					"start":	8.000029,
					"end":	10.000211,
					"seconds":	2.0001819133758545,
					"bytes":	1000232638,
					"bits_per_second":	4000566673.7055278,
					"packets":	717526,
					"omitted":	false,
					"sender":	true
				}],
			"sum":	{
				"start":	8.000029,
				"end":	10.000211,
				"seconds":	2.0001819133758545,
				"bytes":	1000232638,
				"bits_per_second":	4000566673.7055278,
				"packets":	717526,
				"omitted":	false,
				"sender":	true
			}
		}],
	"end":	{
		"streams":	[{
				"udp":	{
					"socket":	5,
					"start":	0,
					"end":	10.000211,
					"seconds":	10.000211,
					"bytes":	4999979684,
					"bits_per_second":	3999899349.323729,
					"jitter_ms":	0.0011828949861021547,
					"lost_packets":	220827,
					"packets":	3586786,
					"lost_percent":	6.1566817758293917,
					"out_of_order":	0,
					"sender":	true
				}
			}],
		"sum":	{
			"start":	0,
			"end":	10.003091,
			"seconds":	10.003091,
			"bytes":	4999979684,
			"bits_per_second":	3999899349.323729,
			"jitter_ms":	0.0011828949861021547,
			"lost_packets":	220827,
			"packets":	3586786,
			"lost_percent":	6.1566817758293917,
			"sender":	true
		},
		"sum_sent":	{
			"start":	0,
			"end":	10.000211,
			"seconds":	10.000211,
			"bytes":	4999979684,
			"bits_per_second":	3999899349.323729,
			"jitter_ms":	0,
			"lost_packets":	0,
			"packets":	3586786,
			"lost_percent":	0,
			"sender":	true
		},
		"sum_received":	{
			"start":	0,
			"end":	10.003091,
			"seconds":	10.003091,
			"bytes":	4691742586,
			"bits_per_second":	3752234253.1923385,
			"jitter_ms":	0.0011828949861021547,
			"lost_packets":	220827,
			"packets":	3586496,
			"lost_percent":	6.1566817758293917,
			"sender":	false
		},
		"cpu_utilization_percent":	{
			"host_total":	100.46506777080349,
			"host_user":	40.1053207012754,
			"host_system":	60.35975706883513,
			"remote_total":	108.80676254563961,
			"remote_user":	15.127574990025588,
			"remote_system":	93.679187555614035
		}
	}
}
