{
	"start":	{
		"connected":	[{
				"socket":	5,
				"local_host":	"192.0.1.254",
				"local_port":	35593,
				"remote_host":	"192.0.2.254",
				"remote_port":	5201
			}],
		"version":	"iperf 3.16",
		"system_info":	"Linux lab-dd2 6.8.0-100-generic #100-Ubuntu SMP PREEMPT_DYNAMIC Tue Jan 13 16:40:06 UTC 2026 x86_64",
		"timestamp":	{
			"time":	"Thu, 19 Mar 2026 06:45:20 GMT",
			"timesecs":	1773902720
		},
		"connecting_to":	{
			"host":	"192.0.2.254",
			"port":	5201
		},
		"cookie":	"4zmdkfnxii6nvtrcgfa6v7za7qujsu75woyk",
		"target_bitrate":	6000000000,
		"fq_rate":	0,
		"sock_bufsize":	0,
		"sndbuf_actual":	212992,
		"rcvbuf_actual":	212992,
		"test_start":	{
			"protocol":	"UDP",
			"num_streams":	1,
			"blksize":	1394,
			"omit":	0,
			"duration":	10,
			"bytes":	0,
			"blocks":	0,
			"reverse":	0,
			"tos":	0,
			"target_bitrate":	6000000000,
			"bidir":	0,
			"fqrate":	0
		}
	},
	"intervals":	[{
			"streams":	[{
					"socket":	5,
					"start":	0,
					"end":	2.000058,
					"seconds":	2.0000579357147217,
					"bytes":	1021162154,
					"bits_per_second":	4084530295.9090023,
					"packets":	732542,
					"omitted":	false,
					"sender":	true
				}],
			"sum":	{
				"start":	0,
				"end":	2.000058,
				"seconds":	2.0000579357147217,
				"bytes":	1021162154,
				"bits_per_second":	4084530295.9090023,
				"packets":	732542,
				"omitted":	false,
				"sender":	true
			}
		}, {
			"streams":	[{
					"socket":	5,
					"start":	2.000058,
					"end":	4.000059,
					"seconds":	2.0000009536743164,
					"bytes":	925635516,
					"bits_per_second":	3702540298.4912062,
					"packets":	664014,
					"omitted":	false,
					"sender":	true
				}],
			"sum":	{
				"start":	2.000058,
				"end":	4.000059,
				"seconds":	2.0000009536743164,
				"bytes":	925635516,
				"bits_per_second":	3702540298.4912062,
				"packets":	664014,
				"omitted":	false,
				"sender":	true
			}
		}, {
			"streams":	[{
					"socket":	5,
					"start":	4.000059,
					"end":	6.000059,
					"seconds":	2,
					"bytes":	925466842,
					"bits_per_second":	3701867368,
					"packets":	663893,
					"omitted":	false,
					"sender":	true
				}],
			"sum":	{
				"start":	4.000059,
				"end":	6.000059,
				"seconds":	2,
				"bytes":	925466842,
				"bits_per_second":	3701867368,
				"packets":	663893,
				"omitted":	false,
				"sender":	true
			}
		}, {
			"streams":	[{
					"socket":	5,
					"start":	6.000059,
					"end":	8.000057,
					"seconds":	1.9999979734420776,
					"bytes":	925274470,
					"bits_per_second":	3701101630.248415,
					"packets":	663756,
					"omitted":	false,
					"sender":	true
				}],
			"sum":	{
				"start":	6.000059,
				"end":	8.000057,
				"seconds":	1.9999979734420776,
				"bytes":	925274470,
				"bits_per_second":	3701101630.248415,
				"packets":	663756,
				"omitted":	false,
				"sender":	true
			}
		}, {
			"streams":	[{
					"socket":	5,
					"start":	8.000057,
					"end":	10.000276,
					"seconds":	2.0002191066741943,
					"bytes":	924005930,
					"bits_per_second":	3695618852.622056,
					"packets":	662845,
					"omitted":	false,
					"sender":	true
				}],
			"sum":	{
				"start":	8.000057,
				"end":	10.000276,
				"seconds":	2.0002191066741943,
				"bytes":	924005930,
				"bits_per_second":	3695618852.622056,
				"packets":	662845,
				"omitted":	false,
				"sender":	true
			}
		}],
	"end":	{
		"streams":	[{
				"udp":	{
					"socket":	5,
					"start":	0,
					"end":	10.000276,
					"seconds":	10.000276,
					"bytes":	4721547700,
					"bits_per_second":	3777133911.1040535,
					"jitter_ms":	0.0013299185681712657,
					"lost_packets":	140220,
					"packets":	3387050,
					"lost_percent":	4.1398857412792847,
					"out_of_order":	0,
					"sender":	true
				}
			}],
		"sum":	{
			"start":	0,
			"end":	10.000423,
			"seconds":	10.000423,
			"bytes":	4721547700,
			"bits_per_second":	3777133911.1040535,
			"jitter_ms":	0.0013299185681712657,
			"lost_packets":	140220,
			"packets":	3387050,
			"lost_percent":	4.1398857412792847,
			"sender":	true
		},
		"sum_sent":	{
			"start":	0,
			"end":	10.000276,
			"seconds":	10.000276,
			"bytes":	4721547700,
			"bits_per_second":	3777133911.1040535,
			"jitter_ms":	0,
			"lost_packets":	0,
			"packets":	3387050,
			"lost_percent":	0,
			"sender":	true
		},
		"sum_received":	{
			"start":	0,
			"end":	10.000423,
			"seconds":	10.000423,
			"bytes":	4526081020,
			"bits_per_second":	3620711659.8967867,
			"jitter_ms":	0.0013299185681712657,
			"lost_packets":	140220,
			"packets":	3387050,
			"lost_percent":	4.1398857412792847,
			"sender":	false
		},
		"cpu_utilization_percent":	{
			"host_total":	100.4278397945105,
			"host_user":	18.115671033625024,
			"host_system":	82.3121687608855,
			"remote_total":	117.47795068268611,
			"remote_user":	17.512079239048191,
			"remote_system":	99.965891442791971
		}
	}
}
