{
	"start":	{
		"connected":	[{
				"socket":	5,
				"local_host":	"192.0.1.254",
				"local_port":	56129,
				"remote_host":	"192.0.2.254",
				"remote_port":	5201
			}],
		"version":	"iperf 3.16",
		"system_info":	"Linux lab-dd2 6.8.0-100-generic #100-Ubuntu SMP PREEMPT_DYNAMIC Tue Jan 13 16:40:06 UTC 2026 x86_64",
		"timestamp":	{
			"time":	"Thu, 19 Mar 2026 06:54:21 GMT",
			"timesecs":	1773903261
		},
		"connecting_to":	{
			"host":	"192.0.2.254",
			"port":	5201
		},
		"cookie":	"xzcyj6psnjrqirx6hiwvihkdkmawducbwewu",
		"target_bitrate":	10000000000,
		"fq_rate":	0,
		"sock_bufsize":	0,
		"sndbuf_actual":	212992,
		"rcvbuf_actual":	212992,
		"test_start":	{
			"protocol":	"UDP",
			"num_streams":	1,
			"blksize":	1394,
			"omit":	0,
			"duration":	10,
			"bytes":	0,
			"blocks":	0,
			"reverse":	0,
			"tos":	0,
			"target_bitrate":	10000000000,
			"bidir":	0,
			"fqrate":	0
		}
	},
	"intervals":	[{
			"streams":	[{
					"socket":	5,
					"start":	0,
					"end":	2.000053,
					"seconds":	2.00005292892456,
					"bytes":	1546032428,
					"bits_per_second":	6183966056.66355,
					"packets":	1109063,
					"omitted":	false,
					"sender":	true
				}],
			"sum":	{
				"start":	0,
				"end":	2.000053,
				"seconds":	2.00005292892456,
				"bytes":	1546032428,
				"bits_per_second":	6183966056.66355,
				"packets":	1109063,
				"omitted":	false,
				"sender":	true
			}
		}, {
			"streams":	[{
					"socket":	5,
					"start":	2.000053,
					"end":	4.000059,
					"seconds":	2.0000059604644775,
					"bytes":	1625222780,
					"bits_per_second":	6500871745.8924427,
					"packets":	1165871,
					"omitted":	false,
					"sender":	true
				}],
			"sum":	{
				"start":	2.000053,
				"end":	4.000059,
				"seconds":	2.0000059604644775,
				"bytes":	1625222780,
				"bits_per_second":	6500871745.8924427,
				"packets":	1165871,
				"omitted":	false,
				"sender":	true
			}
		}, {
			"streams":	[{
					"socket":	5,
					"start":	4.000059,
					"end":	6.000057,
					"seconds":	1.9999979734420776,
					"bytes":	1621348854,
					"bits_per_second":	6485401987.52139,
					"packets":	1163092,
					"omitted":	false,
					"sender":	true
				}],
			"sum":	{
				"start":	4.000059,
				"end":	6.000057,
				"seconds":	1.9999979734420776,
				"bytes":	1621348854,
				"bits_per_second":	6485401987.52139,
				"packets":	1163092,
				"omitted":	false,
				"sender":	true
			}
		}, {
			"streams":	[{
					"socket":	5,
					"start":	6.000057,
					"end":	8.000057,
					"seconds":	2,
					"bytes":	1622576968,
					"bits_per_second":	6490307872,
					"packets":	1163972,
					"omitted":	false,
					"sender":	true
				}],
			"sum":	{
				"start":	6.000057,
				"end":	8.000057,
				"seconds":	2,
				"bytes":	1622576968,
				"bits_per_second":	6490307872,
				"packets":	1163972,
				"omitted":	false,
				"sender":	true
			}
		}, {
			"streams":	[{
					"socket":	5,
					"start":	8.000057,
					"end":	10.000268,
					"seconds":	2.0002110004425049,
					"bytes":	1621998458,
					"bits_per_second":	6487309419.4209185,
					"packets":	1163556,
					"omitted":	false,
					"sender":	true
				}],
			"sum":	{
				"start":	8.000057,
				"end":	10.000268,
				"seconds":	2.0002110004425049,
				"bytes":	1621998458,
				"bits_per_second":	6487309419.4209185,
				"packets":	1163556,
				"omitted":	false,
				"sender":	true
			}
		}],
	"end":	{
		"streams":	[{
				"udp":	{
					"socket":	5,
					"start":	0,
					"end":	10.000268,
					"seconds":	10.000268,
					"bytes":	8037182276,
					"bits_per_second":	6429573508.22998,
					"jitter_ms":	0.000966945972129594,
					"lost_packets":	799639,
					"packets":	5765554,
					"lost_percent":	13.869248297735135,
					"out_of_order":	0,
					"sender":	true
				}
			}],
		"sum":	{
			"start":	0,
			"end":	10.001222,
			"seconds":	10.001222,
			"bytes":	8037182276,
			"bits_per_second":	6429573508.22998,
			"jitter_ms":	0.000966945972129594,
			"lost_packets":	799639,
			"packets":	5765554,
			"lost_percent":	13.869248297735135,
			"sender":	true
		},
		"sum_sent":	{
			"start":	0,
			"end":	10.000268,
			"seconds":	10.000268,
			"bytes":	8037182276,
			"bits_per_second":	6429573508.22998,
			"jitter_ms":	0,
			"lost_packets":	0,
			"packets":	5765554,
			"lost_percent":	0,
			"sender":	true
		},
		"sum_received":	{
			"start":	0,
			"end":	10.001222,
			"seconds":	10.001222,
			"bytes":	6922463206,
			"bits_per_second":	5537293907.4845057,
			"jitter_ms":	0.000966945972129594,
			"lost_packets":	799639,
			"packets":	5765538,
			"lost_percent":	13.869248297735135,
			"sender":	false
		},
		"cpu_utilization_percent":	{
			"host_total":	100.3975279371995,
			"host_user":	12.061500586717438,
			"host_system":	88.3360473493721,
			"remote_total":	122.75446712867016,
			"remote_user":	18.633521120366979,
			"remote_system":	104.12095600708034
		}
	}
}
