{
	"start":	{
		"connected":	[{
				"socket":	5,
				"local_host":	"192.0.1.254",
				"local_port":	52151,
				"remote_host":	"192.0.2.254",
				"remote_port":	5201
			}],
		"version":	"iperf 3.16",
		"system_info":	"Linux lab-dd2 6.8.0-100-generic #100-Ubuntu SMP PREEMPT_DYNAMIC Tue Jan 13 16:40:06 UTC 2026 x86_64",
		"timestamp":	{
			"time":	"Thu, 19 Mar 2026 06:52:41 GMT",
			"timesecs":	1773903161
		},
		"connecting_to":	{
			"host":	"192.0.2.254",
			"port":	5201
		},
		"cookie":	"2qzmtsgtqck547632b5pc7khv3b4zych3h3o",
		"target_bitrate":	9000000000,
		"fq_rate":	0,
		"sock_bufsize":	0,
		"sndbuf_actual":	212992,
		"rcvbuf_actual":	212992,
		"test_start":	{
			"protocol":	"UDP",
			"num_streams":	1,
			"blksize":	1394,
			"omit":	0,
			"duration":	10,
			"bytes":	0,
			"blocks":	0,
			"reverse":	0,
			"tos":	0,
			"target_bitrate":	9000000000,
			"bidir":	0,
			"fqrate":	0
		}
	},
	"intervals":	[{
			"streams":	[{
					"socket":	5,
					"start":	0,
					"end":	2.000057,
					"seconds":	2.0000569820404053,
					"bytes":	1561519768,
					"bits_per_second":	6245901119.90501,
					"packets":	1120173,
					"omitted":	false,
					"sender":	true
				}],
			"sum":	{
				"start":	0,
				"end":	2.000057,
				"seconds":	2.0000569820404053,
				"bytes":	1561519768,
				"bits_per_second":	6245901119.90501,
				"packets":	1120173,
				"omitted":	false,
				"sender":	true
			}
		}, {
			"streams":	[{
					"socket":	5,
					"start":	2.000057,
					"end":	4.000056,
					"seconds":	1.9999990463256836,
					"bytes":	1642073452,
					"bits_per_second":	6568296940.0080471,
					"packets":	1177958,
					"omitted":	false,
					"sender":	true
				}],
			"sum":	{
				"start":	2.000057,
				"end":	4.000056,
				"seconds":	1.9999990463256836,
				"bytes":	1642073452,
				"bits_per_second":	6568296940.0080471,
				"packets":	1177958,
				"omitted":	false,
				"sender":	true
			}
		}, {
			"streams":	[{
					"socket":	5,
					"start":	4.000056,
					"end":	6.000057,
					"seconds":	2.0000009536743164,
					"bytes":	1639944814,
					"bits_per_second":	6559776128.0549927,
					"packets":	1176431,
					"omitted":	false,
					"sender":	true
				}],
			"sum":	{
				"start":	4.000056,
				"end":	6.000057,
				"seconds":	2.0000009536743164,
				"bytes":	1639944814,
				"bits_per_second":	6559776128.0549927,
				"packets":	1176431,
				"omitted":	false,
				"sender":	true
			}
		}, {
			"streams":	[{
					"socket":	5,
					"start":	6.000057,
					"end":	8.000056,
					"seconds":	1.9999990463256836,
					"bytes":	1640704544,
					"bits_per_second":	6562821305.39706,
					"packets":	1176976,
					"omitted":	false,
					"sender":	true
				}],
			"sum":	{
				"start":	6.000057,
				"end":	8.000056,
				"seconds":	1.9999990463256836,
				"bytes":	1640704544,
				"bits_per_second":	6562821305.39706,
				"packets":	1176976,
				"omitted":	false,
				"sender":	true
			}
		}, {
			"streams":	[{
					"socket":	5,
					"start":	8.000056,
					"end":	10.000164,
					"seconds":	2.000108003616333,
					"bytes":	1641379240,
					"bits_per_second":	6565162429.3579082,
					"packets":	1177460,
					"omitted":	false,
					"sender":	true
				}],
			"sum":	{
				"start":	8.000056,
				"end":	10.000164,
				"seconds":	2.000108003616333,
				"bytes":	1641379240,
				"bits_per_second":	6565162429.3579082,
				"packets":	1177460,
				"omitted":	false,
				"sender":	true
			}
		}],
	"end":	{
		"streams":	[{
				"udp":	{
					"socket":	5,
					"start":	0,
					"end":	10.000164,
					"seconds":	10.000164,
					"bytes":	8125623212,
					"bits_per_second":	6500391963.1718044,
					"jitter_ms":	0.000925339025648743,
					"lost_packets":	920141,
					"packets":	5828998,
					"lost_percent":	15.785577555524981,
					"out_of_order":	0,
					"sender":	true
				}
			}],
		"sum":	{
			"start":	0,
			"end":	10.00135,
			"seconds":	10.00135,
			"bytes":	8125623212,
			"bits_per_second":	6500391963.1718044,
			"jitter_ms":	0.000925339025648743,
			"lost_packets":	920141,
			"packets":	5828998,
			"lost_percent":	15.785577555524981,
			"sender":	true
		},
		"sum_sent":	{
			"start":	0,
			"end":	10.000164,
			"seconds":	10.000164,
			"bytes":	8125623212,
			"bits_per_second":	6500391963.1718044,
			"jitter_ms":	0,
			"lost_packets":	0,
			"packets":	5828998,
			"lost_percent":	0,
			"sender":	true
		},
		"sum_received":	{
			"start":	0,
			"end":	10.00135,
			"seconds":	10.00135,
			"bytes":	6842906232,
			"bits_per_second":	5473586051.48305,
			"jitter_ms":	0.000925339025648743,
			"lost_packets":	920141,
			"packets":	5828969,
			"lost_percent":	15.785577555524981,
			"sender":	false
		},
		"cpu_utilization_percent":	{
			"host_total":	100.22226801975374,
			"host_user":	12.688196106229874,
			"host_system":	87.534061914062832,
			"remote_total":	124.21837661342994,
			"remote_user":	18.243601572745476,
			"remote_system":	105.97477504068445
		}
	}
}
