{
	"start":	{
		"connected":	[{
				"socket":	5,
				"local_host":	"192.0.1.254",
				"local_port":	58829,
				"remote_host":	"192.0.2.254",
				"remote_port":	5201
			}],
		"version":	"iperf 3.16",
		"system_info":	"Linux lab-dd2 6.8.0-100-generic #100-Ubuntu SMP PREEMPT_DYNAMIC Tue Jan 13 16:40:06 UTC 2026 x86_64",
		"timestamp":	{
			"time":	"Thu, 19 Mar 2026 06:44:00 GMT",
			"timesecs":	1773902640
		},
		"connecting_to":	{
			"host":	"192.0.2.254",
			"port":	5201
		},
		"cookie":	"wds23goqawttugq5jgj3rhkhxtk3kkh4nijr",
		"target_bitrate":	5000000000,
		"fq_rate":	0,
		"sock_bufsize":	0,
		"sndbuf_actual":	212992,
		"rcvbuf_actual":	212992,
		"test_start":	{
			"protocol":	"UDP",
			"num_streams":	1,
			"blksize":	1394,
			"omit":	0,
			"duration":	10,
			"bytes":	0,
			"blocks":	0,
			"reverse":	0,
			"tos":	0,
			"target_bitrate":	5000000000,
			"bidir":	0,
			"fqrate":	0
		}
	},
	"intervals":	[{
			"streams":	[{
					"socket":	5,
					"start":	0,
					"end":	2.000055,
					"seconds":	2.0000550746917725,
					"bytes":	981597646,
					"bits_per_second":	3926282464.6017251,
					"packets":	704160,
					"omitted":	false,
					"sender":	true
				}],
			"sum":	{
				"start":	0,
				"end":	2.000055,
				"seconds":	2.0000550746917725,
				"bytes":	981597646,
				"bits_per_second":	3926282464.6017251,
				"packets":	704160,
				"omitted":	false,
				"sender":	true
			}
		}, {
			"streams":	[{
					"socket":	5,
					"start":	2.000055,
					"end":	4.000056,
					"seconds":	2.0000009536743164,
					"bytes":	1491064220,
					"bits_per_second":	5964254036.0220547,
					"packets":	1069630,
					"omitted":	false,
					"sender":	true
				}],
			"sum":	{
				"start":	2.000055,
				"end":	4.000056,
				"seconds":	2.0000009536743164,
				"bytes":	1491064220,
				"bits_per_second":	5964254036.0220547,
				"packets":	1069630,
				"omitted":	false,
				"sender":	true
			}
		}, {
			"streams":	[{
					"socket":	5,
					"start":	4.000056,
					"end":	6.000055,
					"seconds":	1.9999990463256836,
					"bytes":	1052301326,
					"bits_per_second":	4209207311.1064525,
					"packets":	754880,
					"omitted":	false,
					"sender":	true
				}],
			"sum":	{
				"start":	4.000056,
				"end":	6.000055,
				"seconds":	1.9999990463256836,
				"bytes":	1052301326,
				"bits_per_second":	4209207311.1064525,
				"packets":	754880,
				"omitted":	false,
				"sender":	true
			}
		}, {
			"streams":	[{
					"socket":	5,
					"start":	6.000055,
					"end":	8.000055,
					"seconds":	2,
					"bytes":	1388751590,
					"bits_per_second":	5555006360,
					"packets":	996235,
					"omitted":	false,
					"sender":	true
				}],
			"sum":	{
				"start":	6.000055,
				"end":	8.000055,
				"seconds":	2,
				"bytes":	1388751590,
				"bits_per_second":	5555006360,
				"packets":	996235,
				"omitted":	false,
				"sender":	true
			}
		}, {
			"streams":	[{
					"socket":	5,
					"start":	8.000055,
					"end":	10.000186,
					"seconds":	2.0001308917999268,
					"bytes":	1138527196,
					"bits_per_second":	4553810755.7568264,
					"packets":	816733,
					"omitted":	false,
					"sender":	true
				}],
			"sum":	{
				"start":	8.000055,
				"end":	10.000186,
				"seconds":	2.0001308917999268,
				"bytes":	1138527196,
				"bits_per_second":	4553810755.7568264,
				"packets":	816733,
				"omitted":	false,
				"sender":	true
			}
		}],
	"end":	{
		"streams":	[{
				"udp":	{
					"socket":	5,
					"start":	0,
					"end":	10.000186,
					"seconds":	10.000186,
					"bytes":	6052243372,
					"bits_per_second":	4841704641.8936615,
					"jitter_ms":	0.000592581973449943,
					"lost_packets":	435356,
					"packets":	4341638,
					"lost_percent":	10.027459682267384,
					"out_of_order":	0,
					"sender":	true
				}
			}],
		"sum":	{
			"start":	0,
			"end":	10.000268,
			"seconds":	10.000268,
			"bytes":	6052243372,
			"bits_per_second":	4841704641.8936615,
			"jitter_ms":	0.000592581973449943,
			"lost_packets":	435356,
			"packets":	4341638,
			"lost_percent":	10.027459682267384,
			"sender":	true
		},
		"sum_sent":	{
			"start":	0,
			"end":	10.000186,
			"seconds":	10.000186,
			"bytes":	6052243372,
			"bits_per_second":	4841704641.8936615,
			"jitter_ms":	0,
			"lost_packets":	0,
			"packets":	4341638,
			"lost_percent":	0,
			"sender":	true
		},
		"sum_received":	{
			"start":	0,
			"end":	10.000268,
			"seconds":	10.000268,
			"bytes":	5445287408,
			"bits_per_second":	4356113182.5667076,
			"jitter_ms":	0.000592581973449943,
			"lost_packets":	435356,
			"packets":	4341588,
			"lost_percent":	10.027459682267384,
			"sender":	false
		},
		"cpu_utilization_percent":	{
			"host_total":	100.27450248674134,
			"host_user":	17.269028235998544,
			"host_system":	83.0054742507428,
			"remote_total":	113.92177019043466,
			"remote_user":	16.767410512505652,
			"remote_system":	97.154369677649
		}
	}
}
