{
	"start":	{
		"connected":	[{
				"socket":	5,
				"local_host":	"192.0.1.254",
				"local_port":	41231,
				"remote_host":	"192.0.2.254",
				"remote_port":	5201
			}],
		"version":	"iperf 3.16",
		"system_info":	"Linux lab-dd2 6.8.0-100-generic #100-Ubuntu SMP PREEMPT_DYNAMIC Tue Jan 13 16:40:06 UTC 2026 x86_64",
		"timestamp":	{
			"time":	"Thu, 19 Mar 2026 06:49:00 GMT",
			"timesecs":	1773902940
		},
		"connecting_to":	{
			"host":	"192.0.2.254",
			"port":	5201
		},
		"cookie":	"ue6ec77igoscnfq6mvac45ohjs6k7c5j7nbw",
		"target_bitrate":	8000000000,
		"fq_rate":	0,
		"sock_bufsize":	0,
		"sndbuf_actual":	212992,
		"rcvbuf_actual":	212992,
		"test_start":	{
			"protocol":	"UDP",
			"num_streams":	1,
			"blksize":	1394,
			"omit":	0,
			"duration":	10,
			"bytes":	0,
			"blocks":	0,
			"reverse":	0,
			"tos":	0,
			"target_bitrate":	8000000000,
			"bidir":	0,
			"fqrate":	0
		}
	},
	"intervals":	[{
			"streams":	[{
					"socket":	5,
					"start":	0,
					"end":	2.00006,
					"seconds":	2.0000600814819336,
					"bytes":	1580342950,
					"bits_per_second":	6321181907.0117273,
					"packets":	1133676,
					"omitted":	false,
					"sender":	true
				}],
			"sum":	{
				"start":	0,
				"end":	2.00006,
				"seconds":	2.0000600814819336,
				"bytes":	1580342950,
				"bits_per_second":	6321181907.0117273,
				"packets":	1133676,
				"omitted":	false,
				"sender":	true
			}
		}, {
			"streams":	[{
					"socket":	5,
					"start":	2.00006,
					"end":	4.00006,
					"seconds":	2,
					"bytes":	1622313502,
					"bits_per_second":	6489254008,
					"packets":	1163784,
					"omitted":	false,
					"sender":	true
				}],
			"sum":	{
				"start":	2.00006,
				"end":	4.00006,
				"seconds":	2,
				"bytes":	1622313502,
				"bits_per_second":	6489254008,
				"packets":	1163784,
				"omitted":	false,
				"sender":	true
			}
		}, {
			"streams":	[{
					"socket":	5,
					"start":	4.00006,
					"end":	6.000059,
					"seconds":	1.9999990463256836,
					"bytes":	1622289804,
					"bits_per_second":	6489162310.273715,
					"packets":	1163766,
					"omitted":	false,
					"sender":	true
				}],
			"sum":	{
				"start":	4.00006,
				"end":	6.000059,
				"seconds":	1.9999990463256836,
				"bytes":	1622289804,
				"bits_per_second":	6489162310.273715,
				"packets":	1163766,
				"omitted":	false,
				"sender":	true
			}
		}, {
			"streams":	[{
					"socket":	5,
					"start":	6.000059,
					"end":	8.000059,
					"seconds":	2,
					"bytes":	1622919892,
					"bits_per_second":	6491679568,
					"packets":	1164218,
					"omitted":	false,
					"sender":	true
				}],
			"sum":	{
				"start":	6.000059,
				"end":	8.000059,
				"seconds":	2,
				"bytes":	1622919892,
				"bits_per_second":	6491679568,
				"packets":	1164218,
				"omitted":	false,
				"sender":	true
			}
		}, {
			"streams":	[{
					"socket":	5,
					"start":	8.000059,
					"end":	10.000182,
					"seconds":	2.0001230239868164,
					"bytes":	1621856270,
					"bits_per_second":	6487026050.0963678,
					"packets":	1163454,
					"omitted":	false,
					"sender":	true
				}],
			"sum":	{
				"start":	8.000059,
				"end":	10.000182,
				"seconds":	2.0001230239868164,
				"bytes":	1621856270,
				"bits_per_second":	6487026050.0963678,
				"packets":	1163454,
				"omitted":	false,
				"sender":	true
			}
		}],
	"end":	{
		"streams":	[{
				"udp":	{
					"socket":	5,
					"start":	0,
					"end":	10.000182,
					"seconds":	10.000182,
					"bytes":	8069723812,
					"bits_per_second":	6455661556.55967,
					"jitter_ms":	0.0006677289165551867,
					"lost_packets":	874402,
					"packets":	5788898,
					"lost_percent":	15.104809240031523,
					"out_of_order":	0,
					"sender":	true
				}
			}],
		"sum":	{
			"start":	0,
			"end":	10.001344,
			"seconds":	10.001344,
			"bytes":	8069723812,
			"bits_per_second":	6455661556.55967,
			"jitter_ms":	0.0006677289165551867,
			"lost_packets":	874402,
			"packets":	5788898,
			"lost_percent":	15.104809240031523,
			"sender":	true
		},
		"sum_sent":	{
			"start":	0,
			"end":	10.000182,
			"seconds":	10.000182,
			"bytes":	8069723812,
			"bits_per_second":	6455661556.55967,
			"jitter_ms":	0,
			"lost_packets":	0,
			"packets":	5788898,
			"lost_percent":	0,
			"sender":	true
		},
		"sum_received":	{
			"start":	0,
			"end":	10.001344,
			"seconds":	10.001344,
			"bytes":	6850716814,
			"bits_per_second":	5479836961.1124268,
			"jitter_ms":	0.0006677289165551867,
			"lost_packets":	874402,
			"packets":	5788833,
			"lost_percent":	15.104809240031523,
			"sender":	false
		},
		"cpu_utilization_percent":	{
			"host_total":	100.29422278796692,
			"host_user":	12.987700219537157,
			"host_system":	87.306522568429742,
			"remote_total":	122.6368344005069,
			"remote_user":	18.194190159099666,
			"remote_system":	104.44267423738476
		}
	}
}
