{
	"start":	{
		"connected":	[{
				"socket":	5,
				"local_host":	"192.0.1.254",
				"local_port":	56705,
				"remote_host":	"192.0.2.254",
				"remote_port":	5201
			}],
		"version":	"iperf 3.16",
		"system_info":	"Linux lab-dd2 6.8.0-100-generic #100-Ubuntu SMP PREEMPT_DYNAMIC Tue Jan 13 16:40:06 UTC 2026 x86_64",
		"timestamp":	{
			"time":	"Thu, 19 Mar 2026 06:47:30 GMT",
			"timesecs":	1773902850
		},
		"connecting_to":	{
			"host":	"192.0.2.254",
			"port":	5201
		},
		"cookie":	"ix3uievxazxneo33yjywna2b2646pr2c7er7",
		"target_bitrate":	7000000000,
		"fq_rate":	0,
		"sock_bufsize":	0,
		"sndbuf_actual":	212992,
		"rcvbuf_actual":	212992,
		"test_start":	{
			"protocol":	"UDP",
			"num_streams":	1,
			"blksize":	1394,
			"omit":	0,
			"duration":	10,
			"bytes":	0,
			"blocks":	0,
			"reverse":	0,
			"tos":	0,
			"target_bitrate":	7000000000,
			"bidir":	0,
			"fqrate":	0
		}
	},
	"intervals":	[{
			"streams":	[{
					"socket":	5,
					"start":	0,
					"end":	2.000056,
					"seconds":	2.0000560283660889,
					"bytes":	1625735772,
					"bits_per_second":	6502760918.4653358,
					"packets":	1166239,
					"omitted":	false,
					"sender":	true
				}],
			"sum":	{
				"start":	0,
				"end":	2.000056,
				"seconds":	2.0000560283660889,
				"bytes":	1625735772,
				"bits_per_second":	6502760918.4653358,
				"packets":	1166239,
				"omitted":	false,
				"sender":	true
			}
		}, {
			"streams":	[{
					"socket":	5,
					"start":	2.000056,
					"end":	4.000055,
					"seconds":	1.9999990463256836,
					"bytes":	1632025500,
					"bits_per_second":	6528105112.84309,
					"packets":	1170749,
					"omitted":	false,
					"sender":	true
				}],
			"sum":	{
				"start":	2.000056,
				"end":	4.000055,
				"seconds":	1.9999990463256836,
				"bytes":	1632025500,
				"bits_per_second":	6528105112.84309,
				"packets":	1170749,
				"omitted":	false,
				"sender":	true
			}
		}, {
			"streams":	[{
					"socket":	5,
					"start":	4.000055,
					"end":	6.000056,
					"seconds":	2.0000009536743164,
					"bytes":	1630556224,
					"bits_per_second":	6522221785.9622984,
					"packets":	1169697,
					"omitted":	false,
					"sender":	true
				}],
			"sum":	{
				"start":	4.000055,
				"end":	6.000056,
				"seconds":	2.0000009536743164,
				"bytes":	1630556224,
				"bits_per_second":	6522221785.9622984,
				"packets":	1169697,
				"omitted":	false,
				"sender":	true
			}
		}, {
			"streams":	[{
					"socket":	5,
					"start":	6.000056,
					"end":	8.000056,
					"seconds":	2,
					"bytes":	1630929816,
					"bits_per_second":	6523719264,
					"packets":	1169965,
					"omitted":	false,
					"sender":	true
				}],
			"sum":	{
				"start":	6.000056,
				"end":	8.000056,
				"seconds":	2,
				"bytes":	1630929816,
				"bits_per_second":	6523719264,
				"packets":	1169965,
				"omitted":	false,
				"sender":	true
			}
		}, {
			"streams":	[{
					"socket":	5,
					"start":	8.000056,
					"end":	10.000196,
					"seconds":	2.0001399517059326,
					"bytes":	1640594418,
					"bits_per_second":	6561918496.1561365,
					"packets":	1176896,
					"omitted":	false,
					"sender":	true
				}],
			"sum":	{
				"start":	8.000056,
				"end":	10.000196,
				"seconds":	2.0001399517059326,
				"bytes":	1640594418,
				"bits_per_second":	6561918496.1561365,
				"packets":	1176896,
				"omitted":	false,
				"sender":	true
			}
		}],
	"end":	{
		"streams":	[{
				"udp":	{
					"socket":	5,
					"start":	0,
					"end":	10.000196,
					"seconds":	10.000196,
					"bytes":	8159843124,
					"bits_per_second":	6527746555.3675146,
					"jitter_ms":	0.0047563880387019161,
					"lost_packets":	906894,
					"packets":	5853546,
					"lost_percent":	15.493070354277561,
					"out_of_order":	0,
					"sender":	true
				}
			}],
		"sum":	{
			"start":	0,
			"end":	10.001483,
			"seconds":	10.001483,
			"bytes":	8159843124,
			"bits_per_second":	6527746555.3675146,
			"jitter_ms":	0.0047563880387019161,
			"lost_packets":	906894,
			"packets":	5853546,
			"lost_percent":	15.493070354277561,
			"sender":	true
		},
		"sum_sent":	{
			"start":	0,
			"end":	10.000196,
			"seconds":	10.000196,
			"bytes":	8159843124,
			"bits_per_second":	6527746555.3675146,
			"jitter_ms":	0,
			"lost_packets":	0,
			"packets":	5853546,
			"lost_percent":	0,
			"sender":	true
		},
		"sum_received":	{
			"start":	0,
			"end":	10.001483,
			"seconds":	10.001483,
			"bytes":	6895384756,
			"bits_per_second":	5515489857.65411,
			"jitter_ms":	0.0047563880387019161,
			"lost_packets":	906894,
			"packets":	5853368,
			"lost_percent":	15.493070354277561,
			"sender":	false
		},
		"cpu_utilization_percent":	{
			"host_total":	100.27385534873885,
			"host_user":	12.383277494654036,
			"host_system":	87.8905778540848,
			"remote_total":	124.9916587386773,
			"remote_user":	18.181660023486511,
			"remote_system":	106.810008713706
		}
	}
}
