{
	"start":	{
		"connected":	[{
				"socket":	5,
				"local_host":	"192.0.1.254",
				"local_port":	56581,
				"remote_host":	"192.0.2.254",
				"remote_port":	5201
			}],
		"version":	"iperf 3.16",
		"system_info":	"Linux lab-dd2 6.8.0-100-generic #100-Ubuntu SMP PREEMPT_DYNAMIC Tue Jan 13 16:40:06 UTC 2026 x86_64",
		"timestamp":	{
			"time":	"Thu, 19 Mar 2026 06:48:40 GMT",
			"timesecs":	1773902920
		},
		"connecting_to":	{
			"host":	"192.0.2.254",
			"port":	5201
		},
		"cookie":	"eanektpux3pu3ht5nmutz4oi72ucxpuxthxe",
		"target_bitrate":	8000000000,
		"fq_rate":	0,
		"sock_bufsize":	0,
		"sndbuf_actual":	212992,
		"rcvbuf_actual":	212992,
		"test_start":	{
			"protocol":	"UDP",
			"num_streams":	1,
			"blksize":	1394,
			"omit":	0,
			"duration":	10,
			"bytes":	0,
			"blocks":	0,
			"reverse":	0,
			"tos":	0,
			"target_bitrate":	8000000000,
			"bidir":	0,
			"fqrate":	0
		}
	},
	"intervals":	[{
			"streams":	[{
					"socket":	5,
					"start":	0,
					"end":	2.000059,
					"seconds":	2.0000588893890381,
					"bytes":	1216531254,
					"bits_per_second":	4865981738.65417,
					"packets":	872692,
					"omitted":	false,
					"sender":	true
				}],
			"sum":	{
				"start":	0,
				"end":	2.000059,
				"seconds":	2.0000588893890381,
				"bytes":	1216531254,
				"bits_per_second":	4865981738.65417,
				"packets":	872692,
				"omitted":	false,
				"sender":	true
			}
		}, {
			"streams":	[{
					"socket":	5,
					"start":	2.000059,
					"end":	4.00006,
					"seconds":	2.0000009536743164,
					"bytes":	1209476220,
					"bits_per_second":	4837902573.108285,
					"packets":	867630,
					"omitted":	false,
					"sender":	true
				}],
			"sum":	{
				"start":	2.000059,
				"end":	4.00006,
				"seconds":	2.0000009536743164,
				"bytes":	1209476220,
				"bits_per_second":	4837902573.108285,
				"packets":	867630,
				"omitted":	false,
				"sender":	true
			}
		}, {
			"streams":	[{
					"socket":	5,
					"start":	4.00006,
					"end":	6.000059,
					"seconds":	1.9999990463256836,
					"bytes":	1260018478,
					"bits_per_second":	5040076315.2956676,
					"packets":	903887,
					"omitted":	false,
					"sender":	true
				}],
			"sum":	{
				"start":	4.00006,
				"end":	6.000059,
				"seconds":	1.9999990463256836,
				"bytes":	1260018478,
				"bits_per_second":	5040076315.2956676,
				"packets":	903887,
				"omitted":	false,
				"sender":	true
			}
		}, {
			"streams":	[{
					"socket":	5,
					"start":	6.000059,
					"end":	8.00006,
					"seconds":	2.0000009536743164,
					"bytes":	1372397182,
					"bits_per_second":	5489586110.36136,
					"packets":	984503,
					"omitted":	false,
					"sender":	true
				}],
			"sum":	{
				"start":	6.000059,
				"end":	8.00006,
				"seconds":	2.0000009536743164,
				"bytes":	1372397182,
				"bits_per_second":	5489586110.36136,
				"packets":	984503,
				"omitted":	false,
				"sender":	true
			}
		}, {
			"streams":	[{
					"socket":	5,
					"start":	8.00006,
					"end":	10.00027,
					"seconds":	2.0002100467681885,
					"bytes":	1179241754,
					"bits_per_second":	4716471676.1835823,
					"packets":	845941,
					"omitted":	false,
					"sender":	true
				}],
			"sum":	{
				"start":	8.00006,
				"end":	10.00027,
				"seconds":	2.0002100467681885,
				"bytes":	1179241754,
				"bits_per_second":	4716471676.1835823,
				"packets":	845941,
				"omitted":	false,
				"sender":	true
			}
		}],
	"end":	{
		"streams":	[{
				"udp":	{
					"socket":	5,
					"start":	0,
					"end":	10.00027,
					"seconds":	10.00027,
					"bytes":	6237666282,
					"bits_per_second":	4989998295.6460171,
					"jitter_ms":	0.0013647131999322904,
					"lost_packets":	215187,
					"packets":	4474653,
					"lost_percent":	4.80902094531129,
					"out_of_order":	0,
					"sender":	true
				}
			}],
		"sum":	{
			"start":	0,
			"end":	10.000407,
			"seconds":	10.000407,
			"bytes":	6237666282,
			"bits_per_second":	4989998295.6460171,
			"jitter_ms":	0.0013647131999322904,
			"lost_packets":	215187,
			"packets":	4474653,
			"lost_percent":	4.80902094531129,
			"sender":	true
		},
		"sum_sent":	{
			"start":	0,
			"end":	10.00027,
			"seconds":	10.00027,
			"bytes":	6237666282,
			"bits_per_second":	4989998295.6460171,
			"jitter_ms":	0,
			"lost_packets":	0,
			"packets":	4474653,
			"lost_percent":	0,
			"sender":	true
		},
		"sum_received":	{
			"start":	0,
			"end":	10.000407,
			"seconds":	10.000407,
			"bytes":	5937695604,
			"bits_per_second":	4749963159.6994,
			"jitter_ms":	0.0013647131999322904,
			"lost_packets":	215187,
			"packets":	4474653,
			"lost_percent":	4.80902094531129,
			"sender":	false
		},
		"cpu_utilization_percent":	{
			"host_total":	100.44555732113236,
			"host_user":	9.36227346028087,
			"host_system":	91.083273861360453,
			"remote_total":	97.901325416055556,
			"remote_user":	14.0561679139659,
			"remote_system":	83.8451775012757
		}
	}
}
