{
	"start":	{
		"connected":	[{
				"socket":	5,
				"local_host":	"192.0.1.254",
				"local_port":	50858,
				"remote_host":	"192.0.2.254",
				"remote_port":	5201
			}],
		"version":	"iperf 3.16",
		"system_info":	"Linux lab-dd2 6.8.0-100-generic #100-Ubuntu SMP PREEMPT_DYNAMIC Tue Jan 13 16:40:06 UTC 2026 x86_64",
		"timestamp":	{
			"time":	"Thu, 19 Mar 2026 06:47:20 GMT",
			"timesecs":	1773902840
		},
		"connecting_to":	{
			"host":	"192.0.2.254",
			"port":	5201
		},
		"cookie":	"da6uzycsnkzxirk7primqboeiw5pmo4m44ta",
		"target_bitrate":	7000000000,
		"fq_rate":	0,
		"sock_bufsize":	0,
		"sndbuf_actual":	212992,
		"rcvbuf_actual":	212992,
		"test_start":	{
			"protocol":	"UDP",
			"num_streams":	1,
			"blksize":	1394,
			"omit":	0,
			"duration":	10,
			"bytes":	0,
			"blocks":	0,
			"reverse":	0,
			"tos":	0,
			"target_bitrate":	7000000000,
			"bidir":	0,
			"fqrate":	0
		}
	},
	"intervals":	[{
			"streams":	[{
					"socket":	5,
					"start":	0,
					"end":	2.000058,
					"seconds":	2.0000579357147217,
					"bytes":	1243979114,
					"bits_per_second":	4975772318.5372162,
					"packets":	892382,
					"omitted":	false,
					"sender":	true
				}],
			"sum":	{
				"start":	0,
				"end":	2.000058,
				"seconds":	2.0000579357147217,
				"bytes":	1243979114,
				"bits_per_second":	4975772318.5372162,
				"packets":	892382,
				"omitted":	false,
				"sender":	true
			}
		}, {
			"streams":	[{
					"socket":	5,
					"start":	2.000058,
					"end":	4.000058,
					"seconds":	2,
					"bytes":	1194151978,
					"bits_per_second":	4776607912,
					"packets":	856637,
					"omitted":	false,
					"sender":	true
				}],
			"sum":	{
				"start":	2.000058,
				"end":	4.000058,
				"seconds":	2,
				"bytes":	1194151978,
				"bits_per_second":	4776607912,
				"packets":	856637,
				"omitted":	false,
				"sender":	true
			}
		}, {
			"streams":	[{
					"socket":	5,
					"start":	4.000058,
					"end":	6.000059,
					"seconds":	2.0000009536743164,
					"bytes":	1193535830,
					"bits_per_second":	4774141043.5121517,
					"packets":	856195,
					"omitted":	false,
					"sender":	true
				}],
			"sum":	{
				"start":	4.000058,
				"end":	6.000059,
				"seconds":	2.0000009536743164,
				"bytes":	1193535830,
				"bits_per_second":	4774141043.5121517,
				"packets":	856195,
				"omitted":	false,
				"sender":	true
			}
		}, {
			"streams":	[{
					"socket":	5,
					"start":	6.000059,
					"end":	8.000058,
					"seconds":	1.9999990463256836,
					"bytes":	1192254744,
					"bits_per_second":	4769021250.04654,
					"packets":	855276,
					"omitted":	false,
					"sender":	true
				}],
			"sum":	{
				"start":	6.000059,
				"end":	8.000058,
				"seconds":	1.9999990463256836,
				"bytes":	1192254744,
				"bits_per_second":	4769021250.04654,
				"packets":	855276,
				"omitted":	false,
				"sender":	true
			}
		}, {
			"streams":	[{
					"socket":	5,
					"start":	8.000058,
					"end":	10.000269,
					"seconds":	2.0002110004425049,
					"bytes":	1194433566,
					"bits_per_second":	4777230265.150053,
					"packets":	856839,
					"omitted":	false,
					"sender":	true
				}],
			"sum":	{
				"start":	8.000058,
				"end":	10.000269,
				"seconds":	2.0002110004425049,
				"bytes":	1194433566,
				"bits_per_second":	4777230265.150053,
				"packets":	856839,
				"omitted":	false,
				"sender":	true
			}
		}],
	"end":	{
		"streams":	[{
				"udp":	{
					"socket":	5,
					"start":	0,
					"end":	10.000269,
					"seconds":	10.000269,
					"bytes":	6018356626,
					"bits_per_second":	4814555789.24927,
					"jitter_ms":	0.00087872328704639174,
					"lost_packets":	214415,
					"packets":	4317329,
					"lost_percent":	4.9663808340758839,
					"out_of_order":	0,
					"sender":	true
				}
			}],
		"sum":	{
			"start":	0,
			"end":	10.000392,
			"seconds":	10.000392,
			"bytes":	6018356626,
			"bits_per_second":	4814555789.24927,
			"jitter_ms":	0.00087872328704639174,
			"lost_packets":	214415,
			"packets":	4317329,
			"lost_percent":	4.9663808340758839,
			"sender":	true
		},
		"sum_sent":	{
			"start":	0,
			"end":	10.000269,
			"seconds":	10.000269,
			"bytes":	6018356626,
			"bits_per_second":	4814555789.24927,
			"jitter_ms":	0,
			"lost_packets":	0,
			"packets":	4317329,
			"lost_percent":	0,
			"sender":	true
		},
		"sum_received":	{
			"start":	0,
			"end":	10.000392,
			"seconds":	10.000392,
			"bytes":	5719462116,
			"bits_per_second":	4575390337.49877,
			"jitter_ms":	0.00087872328704639174,
			"lost_packets":	214415,
			"packets":	4317329,
			"lost_percent":	4.9663808340758839,
			"sender":	false
		},
		"cpu_utilization_percent":	{
			"host_total":	100.47598101275632,
			"host_user":	10.041288485531231,
			"host_system":	90.434702526616135,
			"remote_total":	109.949367994901,
			"remote_user":	16.103265531338064,
			"remote_system":	93.846102463562929
		}
	}
}
