{
	"start":	{
		"connected":	[{
				"socket":	5,
				"local_host":	"192.0.1.254",
				"local_port":	41739,
				"remote_host":	"192.0.2.254",
				"remote_port":	5201
			}],
		"version":	"iperf 3.16",
		"system_info":	"Linux lab-dd2 6.8.0-100-generic #100-Ubuntu SMP PREEMPT_DYNAMIC Tue Jan 13 16:40:06 UTC 2026 x86_64",
		"timestamp":	{
			"time":	"Thu, 19 Mar 2026 06:45:50 GMT",
			"timesecs":	1773902750
		},
		"connecting_to":	{
			"host":	"192.0.2.254",
			"port":	5201
		},
		"cookie":	"vohrdnwwrzawimzlh4svnzdl6sz3ucnwnvc7",
		"target_bitrate":	6000000000,
		"fq_rate":	0,
		"sock_bufsize":	0,
		"sndbuf_actual":	212992,
		"rcvbuf_actual":	212992,
		"test_start":	{
			"protocol":	"UDP",
			"num_streams":	1,
			"blksize":	1394,
			"omit":	0,
			"duration":	10,
			"bytes":	0,
			"blocks":	0,
			"reverse":	0,
			"tos":	0,
			"target_bitrate":	6000000000,
			"bidir":	0,
			"fqrate":	0
		}
	},
	"intervals":	[{
			"streams":	[{
					"socket":	5,
					"start":	0,
					"end":	2.000055,
					"seconds":	2.0000550746917725,
					"bytes":	1090986220,
					"bits_per_second":	4363824711.8495226,
					"packets":	782631,
					"omitted":	false,
					"sender":	true
				}],
			"sum":	{
				"start":	0,
				"end":	2.000055,
				"seconds":	2.0000550746917725,
				"bytes":	1090986220,
				"bits_per_second":	4363824711.8495226,
				"packets":	782631,
				"omitted":	false,
				"sender":	true
			}
		}, {
			"streams":	[{
					"socket":	5,
					"start":	2.000055,
					"end":	4.000054,
					"seconds":	1.9999990463256836,
					"bytes":	1286766550,
					"bits_per_second":	5147068654.31359,
					"packets":	923075,
					"omitted":	false,
					"sender":	true
				}],
			"sum":	{
				"start":	2.000055,
				"end":	4.000054,
				"seconds":	1.9999990463256836,
				"bytes":	1286766550,
				"bits_per_second":	5147068654.31359,
				"packets":	923075,
				"omitted":	false,
				"sender":	true
			}
		}, {
			"streams":	[{
					"socket":	5,
					"start":	4.000054,
					"end":	6.000055,
					"seconds":	2.0000009536743164,
					"bytes":	1701979208,
					"bits_per_second":	6807913585.7338324,
					"packets":	1220932,
					"omitted":	false,
					"sender":	true
				}],
			"sum":	{
				"start":	4.000054,
				"end":	6.000055,
				"seconds":	2.0000009536743164,
				"bytes":	1701979208,
				"bits_per_second":	6807913585.7338324,
				"packets":	1220932,
				"omitted":	false,
				"sender":	true
			}
		}, {
			"streams":	[{
					"socket":	5,
					"start":	6.000055,
					"end":	8.000055,
					"seconds":	2,
					"bytes":	1702377892,
					"bits_per_second":	6809511568,
					"packets":	1221218,
					"omitted":	false,
					"sender":	true
				}],
			"sum":	{
				"start":	6.000055,
				"end":	8.000055,
				"seconds":	2,
				"bytes":	1702377892,
				"bits_per_second":	6809511568,
				"packets":	1221218,
				"omitted":	false,
				"sender":	true
			}
		}, {
			"streams":	[{
					"socket":	5,
					"start":	8.000055,
					"end":	10.000156,
					"seconds":	2.0001010894775391,
					"bytes":	1702886702,
					"bits_per_second":	6811202537.5470333,
					"packets":	1221583,
					"omitted":	false,
					"sender":	true
				}],
			"sum":	{
				"start":	8.000055,
				"end":	10.000156,
				"seconds":	2.0001010894775391,
				"bytes":	1702886702,
				"bits_per_second":	6811202537.5470333,
				"packets":	1221583,
				"omitted":	false,
				"sender":	true
			}
		}],
	"end":	{
		"streams":	[{
				"udp":	{
					"socket":	5,
					"start":	0,
					"end":	10.000156,
					"seconds":	10.000156,
					"bytes":	7484997966,
					"bits_per_second":	5987904961.4826,
					"jitter_ms":	0.000608384045379361,
					"lost_packets":	897831,
					"packets":	5369439,
					"lost_percent":	16.7211323194099,
					"out_of_order":	0,
					"sender":	true
				}
			}],
		"sum":	{
			"start":	0,
			"end":	10.00141,
			"seconds":	10.00141,
			"bytes":	7484997966,
			"bits_per_second":	5987904961.4826,
			"jitter_ms":	0.000608384045379361,
			"lost_packets":	897831,
			"packets":	5369439,
			"lost_percent":	16.7211323194099,
			"sender":	true
		},
		"sum_sent":	{
			"start":	0,
			"end":	10.000156,
			"seconds":	10.000156,
			"bytes":	7484997966,
			"bits_per_second":	5987904961.4826,
			"jitter_ms":	0,
			"lost_packets":	0,
			"packets":	5369439,
			"lost_percent":	0,
			"sender":	true
		},
		"sum_received":	{
			"start":	0,
			"end":	10.00141,
			"seconds":	10.00141,
			"bytes":	6233409006,
			"bits_per_second":	4986024175.39127,
			"jitter_ms":	0.000608384045379361,
			"lost_packets":	897831,
			"packets":	5369430,
			"lost_percent":	16.7211323194099,
			"sender":	false
		},
		"cpu_utilization_percent":	{
			"host_total":	100.17912199324689,
			"host_user":	14.847606311997854,
			"host_system":	85.331515681249044,
			"remote_total":	116.82615256033475,
			"remote_user":	17.503507256529,
			"remote_system":	99.322675299585356
		}
	}
}
