{
	"start":	{
		"connected":	[{
				"socket":	5,
				"local_host":	"192.0.1.254",
				"local_port":	59529,
				"remote_host":	"192.0.2.254",
				"remote_port":	5201
			}],
		"version":	"iperf 3.16",
		"system_info":	"Linux lab-dd2 6.8.0-100-generic #100-Ubuntu SMP PREEMPT_DYNAMIC Tue Jan 13 16:40:06 UTC 2026 x86_64",
		"timestamp":	{
			"time":	"Thu, 19 Mar 2026 06:53:51 GMT",
			"timesecs":	1773903231
		},
		"connecting_to":	{
			"host":	"192.0.2.254",
			"port":	5201
		},
		"cookie":	"vmv27onp6e2eckxwr76lvxytiqddmmx6rf6u",
		"target_bitrate":	10000000000,
		"fq_rate":	0,
		"sock_bufsize":	0,
		"sndbuf_actual":	212992,
		"rcvbuf_actual":	212992,
		"test_start":	{
			"protocol":	"UDP",
			"num_streams":	1,
			"blksize":	1394,
			"omit":	0,
			"duration":	10,
			"bytes":	0,
			"blocks":	0,
			"reverse":	0,
			"tos":	0,
			"target_bitrate":	10000000000,
			"bidir":	0,
			"fqrate":	0
		}
	},
	"intervals":	[{
			"streams":	[{
					"socket":	5,
					"start":	0,
					"end":	2.000054,
					"seconds":	2.000053882598877,
					"bytes":	1526105198,
					"bits_per_second":	6104256335.40222,
					"packets":	1094768,
					"omitted":	false,
					"sender":	true
				}],
			"sum":	{
				"start":	0,
				"end":	2.000054,
				"seconds":	2.000053882598877,
				"bytes":	1526105198,
				"bits_per_second":	6104256335.40222,
				"packets":	1094768,
				"omitted":	false,
				"sender":	true
			}
		}, {
			"streams":	[{
					"socket":	5,
					"start":	2.000054,
					"end":	4.000054,
					"seconds":	2,
					"bytes":	1617603176,
					"bits_per_second":	6470412704,
					"packets":	1160403,
					"omitted":	false,
					"sender":	true
				}],
			"sum":	{
				"start":	2.000054,
				"end":	4.000054,
				"seconds":	2,
				"bytes":	1617603176,
				"bits_per_second":	6470412704,
				"packets":	1160403,
				"omitted":	false,
				"sender":	true
			}
		}, {
			"streams":	[{
					"socket":	5,
					"start":	4.000054,
					"end":	6.000054,
					"seconds":	2,
					"bytes":	1646938512,
					"bits_per_second":	6587754048,
					"packets":	1181449,
					"omitted":	false,
					"sender":	true
				}],
			"sum":	{
				"start":	4.000054,
				"end":	6.000054,
				"seconds":	2,
				"bytes":	1646938512,
				"bits_per_second":	6587754048,
				"packets":	1181449,
				"omitted":	false,
				"sender":	true
			}
		}, {
			"streams":	[{
					"socket":	5,
					"start":	6.000054,
					"end":	8.000054,
					"seconds":	2,
					"bytes":	1645297774,
					"bits_per_second":	6581191096,
					"packets":	1180271,
					"omitted":	false,
					"sender":	true
				}],
			"sum":	{
				"start":	6.000054,
				"end":	8.000054,
				"seconds":	2,
				"bytes":	1645297774,
				"bits_per_second":	6581191096,
				"packets":	1180271,
				"omitted":	false,
				"sender":	true
			}
		}, {
			"streams":	[{
					"socket":	5,
					"start":	8.000054,
					"end":	10.000157,
					"seconds":	2.0001029968261719,
					"bytes":	1646281938,
					"bits_per_second":	6584788645.8342333,
					"packets":	1180976,
					"omitted":	false,
					"sender":	true
				}],
			"sum":	{
				"start":	8.000054,
				"end":	10.000157,
				"seconds":	2.0001029968261719,
				"bytes":	1646281938,
				"bits_per_second":	6584788645.8342333,
				"packets":	1180976,
				"omitted":	false,
				"sender":	true
			}
		}],
	"end":	{
		"streams":	[{
				"udp":	{
					"socket":	5,
					"start":	0,
					"end":	10.000157,
					"seconds":	10.000157,
					"bytes":	8082226598,
					"bits_per_second":	6465679767.2276545,
					"jitter_ms":	0.001498917167227048,
					"lost_packets":	1011321,
					"packets":	5797867,
					"lost_percent":	17.442983773170376,
					"out_of_order":	0,
					"sender":	true
				}
			}],
		"sum":	{
			"start":	0,
			"end":	10.001489,
			"seconds":	10.001489,
			"bytes":	8082226598,
			"bits_per_second":	6465679767.2276545,
			"jitter_ms":	0.001498917167227048,
			"lost_packets":	1011321,
			"packets":	5797867,
			"lost_percent":	17.442983773170376,
			"sender":	true
		},
		"sum_sent":	{
			"start":	0,
			"end":	10.000157,
			"seconds":	10.000157,
			"bytes":	8082226598,
			"bits_per_second":	6465679767.2276545,
			"jitter_ms":	0,
			"lost_packets":	0,
			"packets":	5797867,
			"lost_percent":	0,
			"sender":	true
		},
		"sum_received":	{
			"start":	0,
			"end":	10.001489,
			"seconds":	10.001489,
			"bytes":	6672445124,
			"bits_per_second":	5337161395.8681555,
			"jitter_ms":	0.001498917167227048,
			"lost_packets":	1011321,
			"packets":	5797867,
			"lost_percent":	17.442983773170376,
			"sender":	false
		},
		"cpu_utilization_percent":	{
			"host_total":	100.16433102752589,
			"host_user":	12.24022168389606,
			"host_system":	87.9240993441758,
			"remote_total":	121.96482088390323,
			"remote_user":	18.303830764619153,
			"remote_system":	103.66098012078587
		}
	}
}
