{
	"start":	{
		"connected":	[{
				"socket":	5,
				"local_host":	"192.0.1.254",
				"local_port":	43842,
				"remote_host":	"192.0.2.254",
				"remote_port":	5201
			}],
		"version":	"iperf 3.16",
		"system_info":	"Linux lab-dd2 6.8.0-100-generic #100-Ubuntu SMP PREEMPT_DYNAMIC Tue Jan 13 16:40:06 UTC 2026 x86_64",
		"timestamp":	{
			"time":	"Thu, 19 Mar 2026 06:45:10 GMT",
			"timesecs":	1773902710
		},
		"connecting_to":	{
			"host":	"192.0.2.254",
			"port":	5201
		},
		"cookie":	"vkneok5dkamqt3scp6yzidynsiu63syqr2n4",
		"target_bitrate":	6000000000,
		"fq_rate":	0,
		"sock_bufsize":	0,
		"sndbuf_actual":	212992,
		"rcvbuf_actual":	212992,
		"test_start":	{
			"protocol":	"UDP",
			"num_streams":	1,
			"blksize":	1394,
			"omit":	0,
			"duration":	10,
			"bytes":	0,
			"blocks":	0,
			"reverse":	0,
			"tos":	0,
			"target_bitrate":	6000000000,
			"bidir":	0,
			"fqrate":	0
		}
	},
	"intervals":	[{
			"streams":	[{
					"socket":	5,
					"start":	0,
					"end":	2.000056,
					"seconds":	2.0000560283660889,
					"bytes":	1264114050,
					"bits_per_second":	5056314551.4786243,
					"packets":	906826,
					"omitted":	false,
					"sender":	true
				}],
			"sum":	{
				"start":	0,
				"end":	2.000056,
				"seconds":	2.0000560283660889,
				"bytes":	1264114050,
				"bits_per_second":	5056314551.4786243,
				"packets":	906826,
				"omitted":	false,
				"sender":	true
			}
		}, {
			"streams":	[{
					"socket":	5,
					"start":	2.000056,
					"end":	4.000054,
					"seconds":	1.9999979734420776,
					"bytes":	1638467174,
					"bits_per_second":	6553875336.9039927,
					"packets":	1175371,
					"omitted":	false,
					"sender":	true
				}],
			"sum":	{
				"start":	2.000056,
				"end":	4.000054,
				"seconds":	1.9999979734420776,
				"bytes":	1638467174,
				"bits_per_second":	6553875336.9039927,
				"packets":	1175371,
				"omitted":	false,
				"sender":	true
			}
		}, {
			"streams":	[{
					"socket":	5,
					"start":	4.000054,
					"end":	6.000055,
					"seconds":	2.0000009536743164,
					"bytes":	1573687994,
					"bits_per_second":	6294748974.4297876,
					"packets":	1128901,
					"omitted":	false,
					"sender":	true
				}],
			"sum":	{
				"start":	4.000054,
				"end":	6.000055,
				"seconds":	2.0000009536743164,
				"bytes":	1573687994,
				"bits_per_second":	6294748974.4297876,
				"packets":	1128901,
				"omitted":	false,
				"sender":	true
			}
		}, {
			"streams":	[{
					"socket":	5,
					"start":	6.000055,
					"end":	8.000054,
					"seconds":	1.9999990463256836,
					"bytes":	1393197056,
					"bits_per_second":	5572790881.3137674,
					"packets":	999424,
					"omitted":	false,
					"sender":	true
				}],
			"sum":	{
				"start":	6.000055,
				"end":	8.000054,
				"seconds":	1.9999990463256836,
				"bytes":	1393197056,
				"bits_per_second":	5572790881.3137674,
				"packets":	999424,
				"omitted":	false,
				"sender":	true
			}
		}, {
			"streams":	[{
					"socket":	5,
					"start":	8.000054,
					"end":	10.00017,
					"seconds":	2.0001161098480225,
					"bytes":	1393926118,
					"bits_per_second":	5575380793.6916885,
					"packets":	999946,
					"omitted":	false,
					"sender":	true
				}],
			"sum":	{
				"start":	8.000054,
				"end":	10.00017,
				"seconds":	2.0001161098480225,
				"bytes":	1393926118,
				"bits_per_second":	5575380793.6916885,
				"packets":	999946,
				"omitted":	false,
				"sender":	true
			}
		}],
	"end":	{
		"streams":	[{
				"udp":	{
					"socket":	5,
					"start":	0,
					"end":	10.00017,
					"seconds":	10.00017,
					"bytes":	7263392392,
					"bits_per_second":	5810615133.1427364,
					"jitter_ms":	0.0012993134622317952,
					"lost_packets":	534664,
					"packets":	5210468,
					"lost_percent":	10.26134312695136,
					"out_of_order":	0,
					"sender":	true
				}
			}],
		"sum":	{
			"start":	0,
			"end":	10.0008,
			"seconds":	10.0008,
			"bytes":	7263392392,
			"bits_per_second":	5810615133.1427364,
			"jitter_ms":	0.0012993134622317952,
			"lost_packets":	534664,
			"packets":	5210468,
			"lost_percent":	10.26134312695136,
			"sender":	true
		},
		"sum_sent":	{
			"start":	0,
			"end":	10.00017,
			"seconds":	10.00017,
			"bytes":	7263392392,
			"bits_per_second":	5810615133.1427364,
			"jitter_ms":	0,
			"lost_packets":	0,
			"packets":	5210468,
			"lost_percent":	0,
			"sender":	true
		},
		"sum_received":	{
			"start":	0,
			"end":	10.0008,
			"seconds":	10.0008,
			"bytes":	6518038714,
			"bits_per_second":	5214013850.0919924,
			"jitter_ms":	0.0012993134622317952,
			"lost_packets":	534664,
			"packets":	5210445,
			"lost_percent":	10.26134312695136,
			"sender":	false
		},
		"cpu_utilization_percent":	{
			"host_total":	100.20332605183285,
			"host_user":	13.826671490335762,
			"host_system":	86.376634562869,
			"remote_total":	125.28204721058538,
			"remote_user":	17.999415647215706,
			"remote_system":	107.28263156336968
		}
	}
}
