{
	"start":	{
		"connected":	[{
				"socket":	5,
				"local_host":	"192.0.1.254",
				"local_port":	49283,
				"remote_host":	"192.0.2.254",
				"remote_port":	5201
			}],
		"version":	"iperf 3.16",
		"system_info":	"Linux lab-dd2 6.8.0-100-generic #100-Ubuntu SMP PREEMPT_DYNAMIC Tue Jan 13 16:40:06 UTC 2026 x86_64",
		"timestamp":	{
			"time":	"Thu, 19 Mar 2026 06:40:20 GMT",
			"timesecs":	1773902420
		},
		"connecting_to":	{
			"host":	"192.0.2.254",
			"port":	5201
		},
		"cookie":	"grs3drrnx626ebf4kxkaiyw3hyshzsnlhcsl",
		"target_bitrate":	3000000000,
		"fq_rate":	0,
		"sock_bufsize":	0,
		"sndbuf_actual":	212992,
		"rcvbuf_actual":	212992,
		"test_start":	{
			"protocol":	"UDP",
			"num_streams":	1,
			"blksize":	1394,
			"omit":	0,
			"duration":	10,
			"bytes":	0,
			"blocks":	0,
			"reverse":	0,
			"tos":	0,
			"target_bitrate":	3000000000,
			"bidir":	0,
			"fqrate":	0
		}
	},
	"intervals":	[{
			"streams":	[{
					"socket":	5,
					"start":	0,
					"end":	2.000055,
					"seconds":	2.0000550746917725,
					"bytes":	749817266,
					"bits_per_second":	2999186474.3646779,
					"packets":	537889,
					"omitted":	false,
					"sender":	true
				}],
			"sum":	{
				"start":	0,
				"end":	2.000055,
				"seconds":	2.0000550746917725,
				"bytes":	749817266,
				"bits_per_second":	2999186474.3646779,
				"packets":	537889,
				"omitted":	false,
				"sender":	true
			}
		}, {
			"streams":	[{
					"socket":	5,
					"start":	2.000055,
					"end":	4.000055,
					"seconds":	2,
					"bytes":	750001274,
					"bits_per_second":	3000005096,
					"packets":	538021,
					"omitted":	false,
					"sender":	true
				}],
			"sum":	{
				"start":	2.000055,
				"end":	4.000055,
				"seconds":	2,
				"bytes":	750001274,
				"bits_per_second":	3000005096,
				"packets":	538021,
				"omitted":	false,
				"sender":	true
			}
		}, {
			"streams":	[{
					"socket":	5,
					"start":	4.000055,
					"end":	6.000055,
					"seconds":	2,
					"bytes":	749999880,
					"bits_per_second":	2999999520,
					"packets":	538020,
					"omitted":	false,
					"sender":	true
				}],
			"sum":	{
				"start":	4.000055,
				"end":	6.000055,
				"seconds":	2,
				"bytes":	749999880,
				"bits_per_second":	2999999520,
				"packets":	538020,
				"omitted":	false,
				"sender":	true
			}
		}, {
			"streams":	[{
					"socket":	5,
					"start":	6.000055,
					"end":	8.000056,
					"seconds":	2.0000009536743164,
					"bytes":	750006850,
					"bits_per_second":	3000025969.4761424,
					"packets":	538025,
					"omitted":	false,
					"sender":	true
				}],
			"sum":	{
				"start":	6.000055,
				"end":	8.000056,
				"seconds":	2.0000009536743164,
				"bytes":	750006850,
				"bits_per_second":	3000025969.4761424,
				"packets":	538025,
				"omitted":	false,
				"sender":	true
			}
		}, {
			"streams":	[{
					"socket":	5,
					"start":	8.000056,
					"end":	10.000202,
					"seconds":	2.00014591217041,
					"bytes":	749991516,
					"bits_per_second":	2999747214.1866479,
					"packets":	538014,
					"omitted":	false,
					"sender":	true
				}],
			"sum":	{
				"start":	8.000056,
				"end":	10.000202,
				"seconds":	2.00014591217041,
				"bytes":	749991516,
				"bits_per_second":	2999747214.1866479,
				"packets":	538014,
				"omitted":	false,
				"sender":	true
			}
		}],
	"end":	{
		"streams":	[{
				"udp":	{
					"socket":	5,
					"start":	0,
					"end":	10.000202,
					"seconds":	10.000202,
					"bytes":	3749816786,
					"bits_per_second":	2999792832.9847736,
					"jitter_ms":	0.00088121087126909864,
					"lost_packets":	57941,
					"packets":	2689969,
					"lost_percent":	2.1539653430950318,
					"out_of_order":	0,
					"sender":	true
				}
			}],
		"sum":	{
			"start":	0,
			"end":	10.001749,
			"seconds":	10.001749,
			"bytes":	3749816786,
			"bits_per_second":	2999792832.9847736,
			"jitter_ms":	0.00088121087126909864,
			"lost_packets":	57941,
			"packets":	2689969,
			"lost_percent":	2.1539653430950318,
			"sender":	true
		},
		"sum_sent":	{
			"start":	0,
			"end":	10.000202,
			"seconds":	10.000202,
			"bytes":	3749816786,
			"bits_per_second":	2999792832.9847736,
			"jitter_ms":	0,
			"lost_packets":	0,
			"packets":	2689969,
			"lost_percent":	0,
			"sender":	true
		},
		"sum_received":	{
			"start":	0,
			"end":	10.001749,
			"seconds":	10.001749,
			"bytes":	3669038668,
			"bits_per_second":	2934717652.2826157,
			"jitter_ms":	0.00088121087126909864,
			"lost_packets":	57941,
			"packets":	2689963,
			"lost_percent":	2.1539653430950318,
			"sender":	false
		},
		"cpu_utilization_percent":	{
			"host_total":	100.25257552742228,
			"host_user":	96.9955821531426,
			"host_system":	3.2569933742796535,
			"remote_total":	103.26852604682617,
			"remote_user":	15.599410743473447,
			"remote_system":	87.669135299841344
		}
	}
}
