{
	"start":	{
		"connected":	[{
				"socket":	5,
				"local_host":	"192.0.1.254",
				"local_port":	51779,
				"remote_host":	"192.0.2.254",
				"remote_port":	5201
			}],
		"version":	"iperf 3.16",
		"system_info":	"Linux lab-dd2 6.8.0-100-generic #100-Ubuntu SMP PREEMPT_DYNAMIC Tue Jan 13 16:40:06 UTC 2026 x86_64",
		"timestamp":	{
			"time":	"Thu, 19 Mar 2026 06:42:00 GMT",
			"timesecs":	1773902520
		},
		"connecting_to":	{
			"host":	"192.0.2.254",
			"port":	5201
		},
		"cookie":	"rinjfs7pjbfjuwhp7rzmxohuta5nkvti6xx4",
		"target_bitrate":	4000000000,
		"fq_rate":	0,
		"sock_bufsize":	0,
		"sndbuf_actual":	212992,
		"rcvbuf_actual":	212992,
		"test_start":	{
			"protocol":	"UDP",
			"num_streams":	1,
			"blksize":	1394,
			"omit":	0,
			"duration":	10,
			"bytes":	0,
			"blocks":	0,
			"reverse":	0,
			"tos":	0,
			"target_bitrate":	4000000000,
			"bidir":	0,
			"fqrate":	0
		}
	},
	"intervals":	[{
			"streams":	[{
					"socket":	5,
					"start":	0,
					"end":	2.000056,
					"seconds":	2.0000560283660889,
					"bytes":	999878562,
					"bits_per_second":	3999402208.0144763,
					"packets":	717274,
					"omitted":	false,
					"sender":	true
				}],
			"sum":	{
				"start":	0,
				"end":	2.000056,
				"seconds":	2.0000560283660889,
				"bytes":	999878562,
				"bits_per_second":	3999402208.0144763,
				"packets":	717274,
				"omitted":	false,
				"sender":	true
			}
		}, {
			"streams":	[{
					"socket":	5,
					"start":	2.000056,
					"end":	4.000057,
					"seconds":	2.0000009536743164,
					"bytes":	999966384,
					"bits_per_second":	3999863628.7163939,
					"packets":	717336,
					"omitted":	false,
					"sender":	true
				}],
			"sum":	{
				"start":	2.000056,
				"end":	4.000057,
				"seconds":	2.0000009536743164,
				"bytes":	999966384,
				"bits_per_second":	3999863628.7163939,
				"packets":	717336,
				"omitted":	false,
				"sender":	true
			}
		}, {
			"streams":	[{
					"socket":	5,
					"start":	4.000057,
					"end":	6.000054,
					"seconds":	1.9999970197677612,
					"bytes":	1000105784,
					"bits_per_second":	4000429097.1038818,
					"packets":	717436,
					"omitted":	false,
					"sender":	true
				}],
			"sum":	{
				"start":	4.000057,
				"end":	6.000054,
				"seconds":	1.9999970197677612,
				"bytes":	1000105784,
				"bits_per_second":	4000429097.1038818,
				"packets":	717436,
				"omitted":	false,
				"sender":	true
			}
		}, {
			"streams":	[{
					"socket":	5,
					"start":	6.000054,
					"end":	8.000059,
					"seconds":	2.0000050067901611,
					"bytes":	999976142,
					"bits_per_second":	3999894554.6836491,
					"packets":	717343,
					"omitted":	false,
					"sender":	true
				}],
			"sum":	{
				"start":	6.000054,
				"end":	8.000059,
				"seconds":	2.0000050067901611,
				"bytes":	999976142,
				"bits_per_second":	3999894554.6836491,
				"packets":	717343,
				"omitted":	false,
				"sender":	true
			}
		}, {
			"streams":	[{
					"socket":	5,
					"start":	8.000059,
					"end":	10.000287,
					"seconds":	2.0002279281616211,
					"bytes":	1000022144,
					"bits_per_second":	3999632761.5287528,
					"packets":	717376,
					"omitted":	false,
					"sender":	true
				}],
			"sum":	{
				"start":	8.000059,
				"end":	10.000287,
				"seconds":	2.0002279281616211,
				"bytes":	1000022144,
				"bits_per_second":	3999632761.5287528,
				"packets":	717376,
				"omitted":	false,
				"sender":	true
			}
		}],
	"end":	{
		"streams":	[{
				"udp":	{
					"socket":	5,
					"start":	0,
					"end":	10.000287,
					"seconds":	10.000287,
					"bytes":	4999950410,
					"bits_per_second":	3999845532.433219,
					"jitter_ms":	0.0014464993432012289,
					"lost_packets":	237281,
					"packets":	3586765,
					"lost_percent":	6.61545989213121,
					"out_of_order":	0,
					"sender":	true
				}
			}],
		"sum":	{
			"start":	0,
			"end":	10.002191,
			"seconds":	10.002191,
			"bytes":	4999950410,
			"bits_per_second":	3999845532.433219,
			"jitter_ms":	0.0014464993432012289,
			"lost_packets":	237281,
			"packets":	3586765,
			"lost_percent":	6.61545989213121,
			"sender":	true
		},
		"sum_sent":	{
			"start":	0,
			"end":	10.000287,
			"seconds":	10.000287,
			"bytes":	4999950410,
			"bits_per_second":	3999845532.433219,
			"jitter_ms":	0,
			"lost_packets":	0,
			"packets":	3586765,
			"lost_percent":	0,
			"sender":	true
		},
		"sum_received":	{
			"start":	0,
			"end":	10.002191,
			"seconds":	10.002191,
			"bytes":	4669094268,
			"bits_per_second":	3734457194.8286133,
			"jitter_ms":	0.0014464993432012289,
			"lost_packets":	237281,
			"packets":	3586703,
			"lost_percent":	6.61545989213121,
			"sender":	false
		},
		"cpu_utilization_percent":	{
			"host_total":	100.29963256138493,
			"host_user":	21.313779538030886,
			"host_system":	78.985843023936,
			"remote_total":	114.3763072758144,
			"remote_user":	16.863731783619851,
			"remote_system":	97.512585490002053
		}
	}
}
