{
	"start":	{
		"connected":	[{
				"socket":	5,
				"local_host":	"192.0.1.254",
				"local_port":	36444,
				"remote_host":	"192.0.2.254",
				"remote_port":	5201
			}],
		"version":	"iperf 3.16",
		"system_info":	"Linux lab-dd2 6.8.0-100-generic #100-Ubuntu SMP PREEMPT_DYNAMIC Tue Jan 13 16:40:06 UTC 2026 x86_64",
		"timestamp":	{
			"time":	"Thu, 19 Mar 2026 06:40:50 GMT",
			"timesecs":	1773902450
		},
		"connecting_to":	{
			"host":	"192.0.2.254",
			"port":	5201
		},
		"cookie":	"2w3b4dqsnkythadbobwnuxvbrzverj6grqtq",
		"target_bitrate":	3000000000,
		"fq_rate":	0,
		"sock_bufsize":	0,
		"sndbuf_actual":	212992,
		"rcvbuf_actual":	212992,
		"test_start":	{
			"protocol":	"UDP",
			"num_streams":	1,
			"blksize":	1394,
			"omit":	0,
			"duration":	10,
			"bytes":	0,
			"blocks":	0,
			"reverse":	0,
			"tos":	0,
			"target_bitrate":	3000000000,
			"bidir":	0,
			"fqrate":	0
		}
	},
	"intervals":	[{
			"streams":	[{
					"socket":	5,
					"start":	0,
					"end":	2.000053,
					"seconds":	2.00005292892456,
					"bytes":	749814478,
					"bits_per_second":	2999178540.3526468,
					"packets":	537887,
					"omitted":	false,
					"sender":	true
				}],
			"sum":	{
				"start":	0,
				"end":	2.000053,
				"seconds":	2.00005292892456,
				"bytes":	749814478,
				"bits_per_second":	2999178540.3526468,
				"packets":	537887,
				"omitted":	false,
				"sender":	true
			}
		}, {
			"streams":	[{
					"socket":	5,
					"start":	2.000053,
					"end":	4.000053,
					"seconds":	2,
					"bytes":	750002668,
					"bits_per_second":	3000010672,
					"packets":	538022,
					"omitted":	false,
					"sender":	true
				}],
			"sum":	{
				"start":	2.000053,
				"end":	4.000053,
				"seconds":	2,
				"bytes":	750002668,
				"bits_per_second":	3000010672,
				"packets":	538022,
				"omitted":	false,
				"sender":	true
			}
		}, {
			"streams":	[{
					"socket":	5,
					"start":	4.000053,
					"end":	6.000053,
					"seconds":	2,
					"bytes":	749994304,
					"bits_per_second":	2999977216,
					"packets":	538016,
					"omitted":	false,
					"sender":	true
				}],
			"sum":	{
				"start":	4.000053,
				"end":	6.000053,
				"seconds":	2,
				"bytes":	749994304,
				"bits_per_second":	2999977216,
				"packets":	538016,
				"omitted":	false,
				"sender":	true
			}
		}, {
			"streams":	[{
					"socket":	5,
					"start":	6.000053,
					"end":	8.000054,
					"seconds":	2.0000009536743164,
					"bytes":	750004062,
					"bits_per_second":	3000014817.48146,
					"packets":	538023,
					"omitted":	false,
					"sender":	true
				}],
			"sum":	{
				"start":	6.000053,
				"end":	8.000054,
				"seconds":	2.0000009536743164,
				"bytes":	750004062,
				"bits_per_second":	3000014817.48146,
				"packets":	538023,
				"omitted":	false,
				"sender":	true
			}
		}, {
			"streams":	[{
					"socket":	5,
					"start":	8.000054,
					"end":	10.000191,
					"seconds":	2.0001370906829834,
					"bytes":	749999880,
					"bits_per_second":	2999793898.10285,
					"packets":	538020,
					"omitted":	false,
					"sender":	true
				}],
			"sum":	{
				"start":	8.000054,
				"end":	10.000191,
				"seconds":	2.0001370906829834,
				"bytes":	749999880,
				"bits_per_second":	2999793898.10285,
				"packets":	538020,
				"omitted":	false,
				"sender":	true
			}
		}],
	"end":	{
		"streams":	[{
				"udp":	{
					"socket":	5,
					"start":	0,
					"end":	10.000191,
					"seconds":	10.000191,
					"bytes":	3749815392,
					"bits_per_second":	2999795017.5151658,
					"jitter_ms":	0.00065389655311996438,
					"lost_packets":	32204,
					"packets":	2689968,
					"lost_percent":	1.1971889628426806,
					"out_of_order":	0,
					"sender":	true
				}
			}],
		"sum":	{
			"start":	0,
			"end":	10.000291,
			"seconds":	10.000291,
			"bytes":	3749815392,
			"bits_per_second":	2999795017.5151658,
			"jitter_ms":	0.00065389655311996438,
			"lost_packets":	32204,
			"packets":	2689968,
			"lost_percent":	1.1971889628426806,
			"sender":	true
		},
		"sum_sent":	{
			"start":	0,
			"end":	10.000191,
			"seconds":	10.000191,
			"bytes":	3749815392,
			"bits_per_second":	2999795017.5151658,
			"jitter_ms":	0,
			"lost_packets":	0,
			"packets":	2689968,
			"lost_percent":	0,
			"sender":	true
		},
		"sum_received":	{
			"start":	0,
			"end":	10.000291,
			"seconds":	10.000291,
			"bytes":	3704923016,
			"bits_per_second":	2963852164.7020068,
			"jitter_ms":	0.00065389655311996438,
			"lost_packets":	32204,
			"packets":	2689968,
			"lost_percent":	1.1971889628426806,
			"sender":	false
		},
		"cpu_utilization_percent":	{
			"host_total":	100.22855461827417,
			"host_user":	99.888507503445027,
			"host_system":	0.34003711550212673,
			"remote_total":	108.0057982248936,
			"remote_user":	16.671906508423444,
			"remote_system":	91.333901716168171
		}
	}
}
