{
	"start":	{
		"connected":	[{
				"socket":	5,
				"local_host":	"192.0.1.254",
				"local_port":	57022,
				"remote_host":	"192.0.2.254",
				"remote_port":	5201
			}],
		"version":	"iperf 3.16",
		"system_info":	"Linux lab-dd2 6.8.0-100-generic #100-Ubuntu SMP PREEMPT_DYNAMIC Tue Jan 13 16:40:06 UTC 2026 x86_64",
		"timestamp":	{
			"time":	"Thu, 19 Mar 2026 06:40:40 GMT",
			"timesecs":	1773902440
		},
		"connecting_to":	{
			"host":	"192.0.2.254",
			"port":	5201
		},
		"cookie":	"tshhbtly2f2sgspvxnbj6pi5zgl7moyizrlx",
		"target_bitrate":	3000000000,
		"fq_rate":	0,
		"sock_bufsize":	0,
		"sndbuf_actual":	212992,
		"rcvbuf_actual":	212992,
		"test_start":	{
			"protocol":	"UDP",
			"num_streams":	1,
			"blksize":	1394,
			"omit":	0,
			"duration":	10,
			"bytes":	0,
			"blocks":	0,
			"reverse":	0,
			"tos":	0,
			"target_bitrate":	3000000000,
			"bidir":	0,
			"fqrate":	0
		}
	},
	"intervals":	[{
			"streams":	[{
					"socket":	5,
					"start":	0,
					"end":	2.000057,
					"seconds":	2.0000569820404053,
					"bytes":	749817266,
					"bits_per_second":	2999183614.1990566,
					"packets":	537889,
					"omitted":	false,
					"sender":	true
				}],
			"sum":	{
				"start":	0,
				"end":	2.000057,
				"seconds":	2.0000569820404053,
				"bytes":	749817266,
				"bits_per_second":	2999183614.1990566,
				"packets":	537889,
				"omitted":	false,
				"sender":	true
			}
		}, {
			"streams":	[{
					"socket":	5,
					"start":	2.000057,
					"end":	4.000057,
					"seconds":	2,
					"bytes":	749998486,
					"bits_per_second":	2999993944,
					"packets":	538019,
					"omitted":	false,
					"sender":	true
				}],
			"sum":	{
				"start":	2.000057,
				"end":	4.000057,
				"seconds":	2,
				"bytes":	749998486,
				"bits_per_second":	2999993944,
				"packets":	538019,
				"omitted":	false,
				"sender":	true
			}
		}, {
			"streams":	[{
					"socket":	5,
					"start":	4.000057,
					"end":	6.000059,
					"seconds":	2.0000019073486328,
					"bytes":	749999880,
					"bits_per_second":	2999996658.980237,
					"packets":	538020,
					"omitted":	false,
					"sender":	true
				}],
			"sum":	{
				"start":	4.000057,
				"end":	6.000059,
				"seconds":	2.0000019073486328,
				"bytes":	749999880,
				"bits_per_second":	2999996658.980237,
				"packets":	538020,
				"omitted":	false,
				"sender":	true
			}
		}, {
			"streams":	[{
					"socket":	5,
					"start":	6.000059,
					"end":	8.000058,
					"seconds":	1.9999990463256836,
					"bytes":	749999880,
					"bits_per_second":	3000000950.5119281,
					"packets":	538020,
					"omitted":	false,
					"sender":	true
				}],
			"sum":	{
				"start":	6.000059,
				"end":	8.000058,
				"seconds":	1.9999990463256836,
				"bytes":	749999880,
				"bits_per_second":	3000000950.5119281,
				"packets":	538020,
				"omitted":	false,
				"sender":	true
			}
		}, {
			"streams":	[{
					"socket":	5,
					"start":	8.000058,
					"end":	10.000291,
					"seconds":	2.0002329349517822,
					"bytes":	750002668,
					"bits_per_second":	2999661309.01881,
					"packets":	538022,
					"omitted":	false,
					"sender":	true
				}],
			"sum":	{
				"start":	8.000058,
				"end":	10.000291,
				"seconds":	2.0002329349517822,
				"bytes":	750002668,
				"bits_per_second":	2999661309.01881,
				"packets":	538022,
				"omitted":	false,
				"sender":	true
			}
		}],
	"end":	{
		"streams":	[{
				"udp":	{
					"socket":	5,
					"start":	0,
					"end":	10.000291,
					"seconds":	10.000291,
					"bytes":	3749818180,
					"bits_per_second":	2999767250.7730021,
					"jitter_ms":	0.0011333668220883759,
					"lost_packets":	12776,
					"packets":	2689970,
					"lost_percent":	0.4749495347531757,
					"out_of_order":	0,
					"sender":	true
				}
			}],
		"sum":	{
			"start":	0,
			"end":	10.000416,
			"seconds":	10.000416,
			"bytes":	3749818180,
			"bits_per_second":	2999767250.7730021,
			"jitter_ms":	0.0011333668220883759,
			"lost_packets":	12776,
			"packets":	2689970,
			"lost_percent":	0.4749495347531757,
			"sender":	true
		},
		"sum_sent":	{
			"start":	0,
			"end":	10.000291,
			"seconds":	10.000291,
			"bytes":	3749818180,
			"bits_per_second":	2999767250.7730021,
			"jitter_ms":	0,
			"lost_packets":	0,
			"packets":	2689970,
			"lost_percent":	0,
			"sender":	true
		},
		"sum_received":	{
			"start":	0,
			"end":	10.000416,
			"seconds":	10.000416,
			"bytes":	3732008436,
			"bits_per_second":	2985482552.7258067,
			"jitter_ms":	0.0011333668220883759,
			"lost_packets":	12776,
			"packets":	2689970,
			"lost_percent":	0.4749495347531757,
			"sender":	false
		},
		"cpu_utilization_percent":	{
			"host_total":	100.32894759866852,
			"host_user":	15.077643212497231,
			"host_system":	85.251294386852251,
			"remote_total":	104.6278479443103,
			"remote_user":	15.052775309824643,
			"remote_system":	89.5750826340707
		}
	}
}
