{
	"start":	{
		"connected":	[{
				"socket":	5,
				"local_host":	"192.0.1.254",
				"local_port":	57083,
				"remote_host":	"192.0.2.254",
				"remote_port":	5201
			}],
		"version":	"iperf 3.16",
		"system_info":	"Linux lab-dd2 6.8.0-100-generic #100-Ubuntu SMP PREEMPT_DYNAMIC Tue Jan 13 16:40:06 UTC 2026 x86_64",
		"timestamp":	{
			"time":	"Thu, 19 Mar 2026 06:41:50 GMT",
			"timesecs":	1773902510
		},
		"connecting_to":	{
			"host":	"192.0.2.254",
			"port":	5201
		},
		"cookie":	"jzwionoi5qm3446zgejrbjoze2zhdklfucqk",
		"target_bitrate":	4000000000,
		"fq_rate":	0,
		"sock_bufsize":	0,
		"sndbuf_actual":	212992,
		"rcvbuf_actual":	212992,
		"test_start":	{
			"protocol":	"UDP",
			"num_streams":	1,
			"blksize":	1394,
			"omit":	0,
			"duration":	10,
			"bytes":	0,
			"blocks":	0,
			"reverse":	0,
			"tos":	0,
			"target_bitrate":	4000000000,
			"bidir":	0,
			"fqrate":	0
		}
	},
	"intervals":	[{
			"streams":	[{
					"socket":	5,
					"start":	0,
					"end":	2.000056,
					"seconds":	2.0000560283660889,
					"bytes":	999857652,
					"bits_per_second":	3999318570.3575168,
					"packets":	717259,
					"omitted":	false,
					"sender":	true
				}],
			"sum":	{
				"start":	0,
				"end":	2.000056,
				"seconds":	2.0000560283660889,
				"bytes":	999857652,
				"bits_per_second":	3999318570.3575168,
				"packets":	717259,
				"omitted":	false,
				"sender":	true
			}
		}, {
			"streams":	[{
					"socket":	5,
					"start":	2.000056,
					"end":	4.000057,
					"seconds":	2.0000009536743164,
					"bytes":	999978930,
					"bits_per_second":	3999913812.6924644,
					"packets":	717345,
					"omitted":	false,
					"sender":	true
				}],
			"sum":	{
				"start":	2.000056,
				"end":	4.000057,
				"seconds":	2.0000009536743164,
				"bytes":	999978930,
				"bits_per_second":	3999913812.6924644,
				"packets":	717345,
				"omitted":	false,
				"sender":	true
			}
		}, {
			"streams":	[{
					"socket":	5,
					"start":	4.000057,
					"end":	6.000056,
					"seconds":	1.9999990463256836,
					"bytes":	1000059782,
					"bits_per_second":	4000241035.4635673,
					"packets":	717403,
					"omitted":	false,
					"sender":	true
				}],
			"sum":	{
				"start":	4.000057,
				"end":	6.000056,
				"seconds":	1.9999990463256836,
				"bytes":	1000059782,
				"bits_per_second":	4000241035.4635673,
				"packets":	717403,
				"omitted":	false,
				"sender":	true
			}
		}, {
			"streams":	[{
					"socket":	5,
					"start":	6.000056,
					"end":	8.000057,
					"seconds":	2.0000009536743164,
					"bytes":	1000002628,
					"bits_per_second":	4000008604.647264,
					"packets":	717362,
					"omitted":	false,
					"sender":	true
				}],
			"sum":	{
				"start":	6.000056,
				"end":	8.000057,
				"seconds":	2.0000009536743164,
				"bytes":	1000002628,
				"bits_per_second":	4000008604.647264,
				"packets":	717362,
				"omitted":	false,
				"sender":	true
			}
		}, {
			"streams":	[{
					"socket":	5,
					"start":	8.000057,
					"end":	10.000185,
					"seconds":	2.0001280307769775,
					"bytes":	999826984,
					"bits_per_second":	3999051935.1367855,
					"packets":	717235,
					"omitted":	false,
					"sender":	true
				}],
			"sum":	{
				"start":	8.000057,
				"end":	10.000185,
				"seconds":	2.0001280307769775,
				"bytes":	999826984,
				"bits_per_second":	3999051935.1367855,
				"packets":	717235,
				"omitted":	false,
				"sender":	true
			}
		}],
	"end":	{
		"streams":	[{
				"udp":	{
					"socket":	5,
					"start":	0,
					"end":	10.000185,
					"seconds":	10.000185,
					"bytes":	4999725976,
					"bits_per_second":	3999706786.2244549,
					"jitter_ms":	0.0010576450690455404,
					"lost_packets":	219450,
					"packets":	3586604,
					"lost_percent":	6.1186013287221,
					"out_of_order":	0,
					"sender":	true
				}
			}],
		"sum":	{
			"start":	0,
			"end":	10.001825,
			"seconds":	10.001825,
			"bytes":	4999725976,
			"bits_per_second":	3999706786.2244549,
			"jitter_ms":	0.0010576450690455404,
			"lost_packets":	219450,
			"packets":	3586604,
			"lost_percent":	6.1186013287221,
			"sender":	true
		},
		"sum_sent":	{
			"start":	0,
			"end":	10.000185,
			"seconds":	10.000185,
			"bytes":	4999725976,
			"bits_per_second":	3999706786.2244549,
			"jitter_ms":	0,
			"lost_packets":	0,
			"packets":	3586604,
			"lost_percent":	0,
			"sender":	true
		},
		"sum_received":	{
			"start":	0,
			"end":	10.001825,
			"seconds":	10.001825,
			"bytes":	4693791766,
			"bits_per_second":	3754348244.2454252,
			"jitter_ms":	0.0010576450690455404,
			"lost_packets":	219450,
			"packets":	3586589,
			"lost_percent":	6.1186013287221,
			"sender":	false
		},
		"cpu_utilization_percent":	{
			"host_total":	100.27613169246878,
			"host_user":	21.54951126740297,
			"host_system":	78.726600426391741,
			"remote_total":	115.10143737609775,
			"remote_user":	17.28585631678024,
			"remote_system":	97.815591057481839
		}
	}
}
