{
	"start":	{
		"connected":	[{
				"socket":	5,
				"local_host":	"192.0.1.254",
				"local_port":	43768,
				"remote_host":	"192.0.2.254",
				"remote_port":	5201
			}],
		"version":	"iperf 3.16",
		"system_info":	"Linux lab-dd2 6.8.0-100-generic #100-Ubuntu SMP PREEMPT_DYNAMIC Tue Jan 13 16:40:06 UTC 2026 x86_64",
		"timestamp":	{
			"time":	"Thu, 19 Mar 2026 06:47:00 GMT",
			"timesecs":	1773902820
		},
		"connecting_to":	{
			"host":	"192.0.2.254",
			"port":	5201
		},
		"cookie":	"ozkvudm7z73ogdr5p6o742mju5ppthz4rkbw",
		"target_bitrate":	7000000000,
		"fq_rate":	0,
		"sock_bufsize":	0,
		"sndbuf_actual":	212992,
		"rcvbuf_actual":	212992,
		"test_start":	{
			"protocol":	"UDP",
			"num_streams":	1,
			"blksize":	1394,
			"omit":	0,
			"duration":	10,
			"bytes":	0,
			"blocks":	0,
			"reverse":	0,
			"tos":	0,
			"target_bitrate":	7000000000,
			"bidir":	0,
			"fqrate":	0
		}
	},
	"intervals":	[{
			"streams":	[{
					"socket":	5,
					"start":	0,
					"end":	2.000059,
					"seconds":	2.0000588893890381,
					"bytes":	1560078372,
					"bits_per_second":	6240129749.2857733,
					"packets":	1119139,
					"omitted":	false,
					"sender":	true
				}],
			"sum":	{
				"start":	0,
				"end":	2.000059,
				"seconds":	2.0000588893890381,
				"bytes":	1560078372,
				"bits_per_second":	6240129749.2857733,
				"packets":	1119139,
				"omitted":	false,
				"sender":	true
			}
		}, {
			"streams":	[{
					"socket":	5,
					"start":	2.000059,
					"end":	4.000017,
					"seconds":	1.9999580383300781,
					"bytes":	1571209462,
					"bits_per_second":	6284969711.91226,
					"packets":	1127124,
					"omitted":	false,
					"sender":	true
				}],
			"sum":	{
				"start":	2.000059,
				"end":	4.000017,
				"seconds":	1.9999580383300781,
				"bytes":	1571209462,
				"bits_per_second":	6284969711.91226,
				"packets":	1127124,
				"omitted":	false,
				"sender":	true
			}
		}, {
			"streams":	[{
					"socket":	5,
					"start":	4.000017,
					"end":	6.000018,
					"seconds":	2.0000009536743164,
					"bytes":	1571117458,
					"bits_per_second":	6284466835.3326931,
					"packets":	1127057,
					"omitted":	false,
					"sender":	true
				}],
			"sum":	{
				"start":	4.000017,
				"end":	6.000018,
				"seconds":	2.0000009536743164,
				"bytes":	1571117458,
				"bits_per_second":	6284466835.3326931,
				"packets":	1127057,
				"omitted":	false,
				"sender":	true
			}
		}, {
			"streams":	[{
					"socket":	5,
					"start":	6.000018,
					"end":	8.000017,
					"seconds":	1.9999990463256836,
					"bytes":	1580023724,
					"bits_per_second":	6320097909.657527,
					"packets":	1133446,
					"omitted":	false,
					"sender":	true
				}],
			"sum":	{
				"start":	6.000018,
				"end":	8.000017,
				"seconds":	1.9999990463256836,
				"bytes":	1580023724,
				"bits_per_second":	6320097909.657527,
				"packets":	1133446,
				"omitted":	false,
				"sender":	true
			}
		}, {
			"streams":	[{
					"socket":	5,
					"start":	8.000017,
					"end":	10.000245,
					"seconds":	2.0002279281616211,
					"bytes":	1578427594,
					"bits_per_second":	6312990921.7924328,
					"packets":	1132300,
					"omitted":	false,
					"sender":	true
				}],
			"sum":	{
				"start":	8.000017,
				"end":	10.000245,
				"seconds":	2.0002279281616211,
				"bytes":	1578427594,
				"bits_per_second":	6312990921.7924328,
				"packets":	1132300,
				"omitted":	false,
				"sender":	true
			}
		}],
	"end":	{
		"streams":	[{
				"udp":	{
					"socket":	5,
					"start":	0,
					"end":	10.000245,
					"seconds":	10.000245,
					"bytes":	7860858004,
					"bits_per_second":	6288532334.1578131,
					"jitter_ms":	0.000751409460794358,
					"lost_packets":	858937,
					"packets":	5639066,
					"lost_percent":	15.23190187878631,
					"out_of_order":	0,
					"sender":	true
				}
			}],
		"sum":	{
			"start":	0,
			"end":	10.001211,
			"seconds":	10.001211,
			"bytes":	7860858004,
			"bits_per_second":	6288532334.1578131,
			"jitter_ms":	0.000751409460794358,
			"lost_packets":	858937,
			"packets":	5639066,
			"lost_percent":	15.23190187878631,
			"sender":	true
		},
		"sum_sent":	{
			"start":	0,
			"end":	10.000245,
			"seconds":	10.000245,
			"bytes":	7860858004,
			"bits_per_second":	6288532334.1578131,
			"jitter_ms":	0,
			"lost_packets":	0,
			"packets":	5639066,
			"lost_percent":	0,
			"sender":	true
		},
		"sum_received":	{
			"start":	0,
			"end":	10.001211,
			"seconds":	10.001211,
			"bytes":	6663453824,
			"bits_per_second":	5330117581.960825,
			"jitter_ms":	0.000751409460794358,
			"lost_packets":	858937,
			"packets":	5639033,
			"lost_percent":	15.23190187878631,
			"sender":	false
		},
		"cpu_utilization_percent":	{
			"host_total":	100.45805999707018,
			"host_user":	13.500955687402474,
			"host_system":	86.957104309667727,
			"remote_total":	122.81095109630049,
			"remote_user":	18.387003914619676,
			"remote_system":	104.42393718290765
		}
	}
}
