{
	"start":	{
		"connected":	[{
				"socket":	5,
				"local_host":	"192.0.1.254",
				"local_port":	59948,
				"remote_host":	"192.0.2.254",
				"remote_port":	5201
			}],
		"version":	"iperf 3.16",
		"system_info":	"Linux lab-dd2 6.8.0-100-generic #100-Ubuntu SMP PREEMPT_DYNAMIC Tue Jan 13 16:40:06 UTC 2026 x86_64",
		"timestamp":	{
			"time":	"Thu, 19 Mar 2026 06:54:31 GMT",
			"timesecs":	1773903271
		},
		"connecting_to":	{
			"host":	"192.0.2.254",
			"port":	5201
		},
		"cookie":	"lzbs4hyro3bq3oxk5qqgvnqt4cbs7onhz2lm",
		"target_bitrate":	10000000000,
		"fq_rate":	0,
		"sock_bufsize":	0,
		"sndbuf_actual":	212992,
		"rcvbuf_actual":	212992,
		"test_start":	{
			"protocol":	"UDP",
			"num_streams":	1,
			"blksize":	1394,
			"omit":	0,
			"duration":	10,
			"bytes":	0,
			"blocks":	0,
			"reverse":	0,
			"tos":	0,
			"target_bitrate":	10000000000,
			"bidir":	0,
			"fqrate":	0
		}
	},
	"intervals":	[{
			"streams":	[{
					"socket":	5,
					"start":	0,
					"end":	2.000009,
					"seconds":	2.0000090599060059,
					"bytes":	1513684658,
					"bits_per_second":	6054711204.4427977,
					"packets":	1085858,
					"omitted":	false,
					"sender":	true
				}],
			"sum":	{
				"start":	0,
				"end":	2.000009,
				"seconds":	2.0000090599060059,
				"bytes":	1513684658,
				"bits_per_second":	6054711204.4427977,
				"packets":	1085858,
				"omitted":	false,
				"sender":	true
			}
		}, {
			"streams":	[{
					"socket":	5,
					"start":	2.000009,
					"end":	4.000009,
					"seconds":	2,
					"bytes":	1571194128,
					"bits_per_second":	6284776512,
					"packets":	1127112,
					"omitted":	false,
					"sender":	true
				}],
			"sum":	{
				"start":	2.000009,
				"end":	4.000009,
				"seconds":	2,
				"bytes":	1571194128,
				"bits_per_second":	6284776512,
				"packets":	1127112,
				"omitted":	false,
				"sender":	true
			}
		}, {
			"streams":	[{
					"socket":	5,
					"start":	4.000009,
					"end":	6.000058,
					"seconds":	2.0000491142272949,
					"bytes":	1574157772,
					"bits_per_second":	6296476464.7118778,
					"packets":	1129238,
					"omitted":	false,
					"sender":	true
				}],
			"sum":	{
				"start":	4.000009,
				"end":	6.000058,
				"seconds":	2.0000491142272949,
				"bytes":	1574157772,
				"bits_per_second":	6296476464.7118778,
				"packets":	1129238,
				"omitted":	false,
				"sender":	true
			}
		}, {
			"streams":	[{
					"socket":	5,
					"start":	6.000058,
					"end":	8.00006,
					"seconds":	2.0000019073486328,
					"bytes":	1634400876,
					"bits_per_second":	6537597269.2613935,
					"packets":	1172454,
					"omitted":	false,
					"sender":	true
				}],
			"sum":	{
				"start":	6.000058,
				"end":	8.00006,
				"seconds":	2.0000019073486328,
				"bytes":	1634400876,
				"bits_per_second":	6537597269.2613935,
				"packets":	1172454,
				"omitted":	false,
				"sender":	true
			}
		}, {
			"streams":	[{
					"socket":	5,
					"start":	8.00006,
					"end":	10.000191,
					"seconds":	2.0001308917999268,
					"bytes":	1643512060,
					"bits_per_second":	6573618023.6524267,
					"packets":	1178990,
					"omitted":	false,
					"sender":	true
				}],
			"sum":	{
				"start":	8.00006,
				"end":	10.000191,
				"seconds":	2.0001308917999268,
				"bytes":	1643512060,
				"bits_per_second":	6573618023.6524267,
				"packets":	1178990,
				"omitted":	false,
				"sender":	true
			}
		}],
	"end":	{
		"streams":	[{
				"udp":	{
					"socket":	5,
					"start":	0,
					"end":	10.000191,
					"seconds":	10.000191,
					"bytes":	7936950888,
					"bits_per_second":	6349439436.10677,
					"jitter_ms":	0.0010996747940748746,
					"lost_packets":	824158,
					"packets":	5693652,
					"lost_percent":	14.475032896285196,
					"out_of_order":	0,
					"sender":	true
				}
			}],
		"sum":	{
			"start":	0,
			"end":	10.001227,
			"seconds":	10.001227,
			"bytes":	7936950888,
			"bits_per_second":	6349439436.10677,
			"jitter_ms":	0.0010996747940748746,
			"lost_packets":	824158,
			"packets":	5693652,
			"lost_percent":	14.475032896285196,
			"sender":	true
		},
		"sum_sent":	{
			"start":	0,
			"end":	10.000191,
			"seconds":	10.000191,
			"bytes":	7936950888,
			"bits_per_second":	6349439436.10677,
			"jitter_ms":	0,
			"lost_packets":	0,
			"packets":	5693652,
			"lost_percent":	0,
			"sender":	true
		},
		"sum_received":	{
			"start":	0,
			"end":	10.001227,
			"seconds":	10.001227,
			"bytes":	6788049544,
			"bits_per_second":	5429773402.0035744,
			"jitter_ms":	0.0010996747940748746,
			"lost_packets":	824158,
			"packets":	5693634,
			"lost_percent":	14.475032896285196,
			"sender":	false
		},
		"cpu_utilization_percent":	{
			"host_total":	100.45718877400674,
			"host_user":	13.0276602108076,
			"host_system":	87.429528563199128,
			"remote_total":	126.28149160763729,
			"remote_user":	18.742903377142586,
			"remote_system":	107.53857823173057
		}
	}
}
