{
	"start":	{
		"connected":	[{
				"socket":	5,
				"local_host":	"192.0.1.254",
				"local_port":	43626,
				"remote_host":	"192.0.2.254",
				"remote_port":	5201
			}],
		"version":	"iperf 3.16",
		"system_info":	"Linux lab-dd2 6.8.0-100-generic #100-Ubuntu SMP PREEMPT_DYNAMIC Tue Jan 13 16:40:06 UTC 2026 x86_64",
		"timestamp":	{
			"time":	"Thu, 19 Mar 2026 06:42:10 GMT",
			"timesecs":	1773902530
		},
		"connecting_to":	{
			"host":	"192.0.2.254",
			"port":	5201
		},
		"cookie":	"sbco4prfhvmo4h2wo3z4iifyuyscou6lgtya",
		"target_bitrate":	4000000000,
		"fq_rate":	0,
		"sock_bufsize":	0,
		"sndbuf_actual":	212992,
		"rcvbuf_actual":	212992,
		"test_start":	{
			"protocol":	"UDP",
			"num_streams":	1,
			"blksize":	1394,
			"omit":	0,
			"duration":	10,
			"bytes":	0,
			"blocks":	0,
			"reverse":	0,
			"tos":	0,
			"target_bitrate":	4000000000,
			"bidir":	0,
			"fqrate":	0
		}
	},
	"intervals":	[{
			"streams":	[{
					"socket":	5,
					"start":	0,
					"end":	2.000055,
					"seconds":	2.0000550746917725,
					"bytes":	999843712,
					"bits_per_second":	3999264718.8641462,
					"packets":	717248,
					"omitted":	false,
					"sender":	true
				}],
			"sum":	{
				"start":	0,
				"end":	2.000055,
				"seconds":	2.0000550746917725,
				"bytes":	999843712,
				"bits_per_second":	3999264718.8641462,
				"packets":	717248,
				"omitted":	false,
				"sender":	true
			}
		}, {
			"streams":	[{
					"socket":	5,
					"start":	2.000055,
					"end":	4.000055,
					"seconds":	2,
					"bytes":	1000161544,
					"bits_per_second":	4000646176,
					"packets":	717477,
					"omitted":	false,
					"sender":	true
				}],
			"sum":	{
				"start":	2.000055,
				"end":	4.000055,
				"seconds":	2,
				"bytes":	1000161544,
				"bits_per_second":	4000646176,
				"packets":	717477,
				"omitted":	false,
				"sender":	true
			}
		}, {
			"streams":	[{
					"socket":	5,
					"start":	4.000055,
					"end":	6.000054,
					"seconds":	1.9999990463256836,
					"bytes":	999794922,
					"bits_per_second":	3999181594.9583869,
					"packets":	717213,
					"omitted":	false,
					"sender":	true
				}],
			"sum":	{
				"start":	4.000055,
				"end":	6.000054,
				"seconds":	1.9999990463256836,
				"bytes":	999794922,
				"bits_per_second":	3999181594.9583869,
				"packets":	717213,
				"omitted":	false,
				"sender":	true
			}
		}, {
			"streams":	[{
					"socket":	5,
					"start":	6.000054,
					"end":	8.000054,
					"seconds":	2,
					"bytes":	999952444,
					"bits_per_second":	3999809776,
					"packets":	717325,
					"omitted":	false,
					"sender":	true
				}],
			"sum":	{
				"start":	6.000054,
				"end":	8.000054,
				"seconds":	2,
				"bytes":	999952444,
				"bits_per_second":	3999809776,
				"packets":	717325,
				"omitted":	false,
				"sender":	true
			}
		}, {
			"streams":	[{
					"socket":	5,
					"start":	8.000054,
					"end":	10.00019,
					"seconds":	2.0001358985900879,
					"bytes":	1000204758,
					"bits_per_second":	4000547197.63813,
					"packets":	717507,
					"omitted":	false,
					"sender":	true
				}],
			"sum":	{
				"start":	8.000054,
				"end":	10.00019,
				"seconds":	2.0001358985900879,
				"bytes":	1000204758,
				"bits_per_second":	4000547197.63813,
				"packets":	717507,
				"omitted":	false,
				"sender":	true
			}
		}],
	"end":	{
		"streams":	[{
				"udp":	{
					"socket":	5,
					"start":	0,
					"end":	10.00019,
					"seconds":	10.00019,
					"bytes":	4999957380,
					"bits_per_second":	3999889906.0917845,
					"jitter_ms":	0.00064795690425219221,
					"lost_packets":	196315,
					"packets":	3586770,
					"lost_percent":	5.4733088544846753,
					"out_of_order":	0,
					"sender":	true
				}
			}],
		"sum":	{
			"start":	0,
			"end":	10.000288,
			"seconds":	10.000288,
			"bytes":	4999957380,
			"bits_per_second":	3999889906.0917845,
			"jitter_ms":	0.00064795690425219221,
			"lost_packets":	196315,
			"packets":	3586770,
			"lost_percent":	5.4733088544846753,
			"sender":	true
		},
		"sum_sent":	{
			"start":	0,
			"end":	10.00019,
			"seconds":	10.00019,
			"bytes":	4999957380,
			"bits_per_second":	3999889906.0917845,
			"jitter_ms":	0,
			"lost_packets":	0,
			"packets":	3586770,
			"lost_percent":	0,
			"sender":	true
		},
		"sum_received":	{
			"start":	0,
			"end":	10.000288,
			"seconds":	10.000288,
			"bytes":	4726284512,
			"bits_per_second":	3780918719.1408892,
			"jitter_ms":	0.00064795690425219221,
			"lost_packets":	196315,
			"packets":	3586763,
			"lost_percent":	5.4733088544846753,
			"sender":	false
		},
		"cpu_utilization_percent":	{
			"host_total":	100.2768656583589,
			"host_user":	30.053013253913445,
			"host_system":	70.2238424049634,
			"remote_total":	111.79428150412083,
			"remote_user":	16.09130817945525,
			"remote_system":	95.7030033238046
		}
	}
}
