{
	"start":	{
		"connected":	[{
				"socket":	5,
				"local_host":	"192.0.1.254",
				"local_port":	40324,
				"remote_host":	"192.0.2.254",
				"remote_port":	5201
			}],
		"version":	"iperf 3.16",
		"system_info":	"Linux lab-dd2 6.8.0-100-generic #100-Ubuntu SMP PREEMPT_DYNAMIC Tue Jan 13 16:40:06 UTC 2026 x86_64",
		"timestamp":	{
			"time":	"Thu, 19 Mar 2026 06:43:30 GMT",
			"timesecs":	1773902610
		},
		"connecting_to":	{
			"host":	"192.0.2.254",
			"port":	5201
		},
		"cookie":	"7ecn7t4bdyyv544c3z2ejghnijpgueyron3a",
		"target_bitrate":	5000000000,
		"fq_rate":	0,
		"sock_bufsize":	0,
		"sndbuf_actual":	212992,
		"rcvbuf_actual":	212992,
		"test_start":	{
			"protocol":	"UDP",
			"num_streams":	1,
			"blksize":	1394,
			"omit":	0,
			"duration":	10,
			"bytes":	0,
			"blocks":	0,
			"reverse":	0,
			"tos":	0,
			"target_bitrate":	5000000000,
			"bidir":	0,
			"fqrate":	0
		}
	},
	"intervals":	[{
			"streams":	[{
					"socket":	5,
					"start":	0,
					"end":	2.000021,
					"seconds":	2.0000209808349609,
					"bytes":	1061231290,
					"bits_per_second":	4244880629.4300427,
					"packets":	761286,
					"omitted":	false,
					"sender":	true
				}],
			"sum":	{
				"start":	0,
				"end":	2.000021,
				"seconds":	2.0000209808349609,
				"bytes":	1061231290,
				"bits_per_second":	4244880629.4300427,
				"packets":	761286,
				"omitted":	false,
				"sender":	true
			}
		}, {
			"streams":	[{
					"socket":	5,
					"start":	2.000021,
					"end":	4.00002,
					"seconds":	1.9999990463256836,
					"bytes":	940437008,
					"bits_per_second":	3761749825.7420969,
					"packets":	674632,
					"omitted":	false,
					"sender":	true
				}],
			"sum":	{
				"start":	2.000021,
				"end":	4.00002,
				"seconds":	1.9999990463256836,
				"bytes":	940437008,
				"bits_per_second":	3761749825.7420969,
				"packets":	674632,
				"omitted":	false,
				"sender":	true
			}
		}, {
			"streams":	[{
					"socket":	5,
					"start":	4.00002,
					"end":	6.00002,
					"seconds":	2,
					"bytes":	1482861924,
					"bits_per_second":	5931447696,
					"packets":	1063746,
					"omitted":	false,
					"sender":	true
				}],
			"sum":	{
				"start":	4.00002,
				"end":	6.00002,
				"seconds":	2,
				"bytes":	1482861924,
				"bits_per_second":	5931447696,
				"packets":	1063746,
				"omitted":	false,
				"sender":	true
			}
		}, {
			"streams":	[{
					"socket":	5,
					"start":	6.00002,
					"end":	8.00002,
					"seconds":	2,
					"bytes":	1477902072,
					"bits_per_second":	5911608288,
					"packets":	1060188,
					"omitted":	false,
					"sender":	true
				}],
			"sum":	{
				"start":	6.00002,
				"end":	8.00002,
				"seconds":	2,
				"bytes":	1477902072,
				"bits_per_second":	5911608288,
				"packets":	1060188,
				"omitted":	false,
				"sender":	true
			}
		}, {
			"streams":	[{
					"socket":	5,
					"start":	8.00002,
					"end":	10.000253,
					"seconds":	2.0002329349517822,
					"bytes":	1026315772,
					"bits_per_second":	4104785014.0503378,
					"packets":	736237,
					"omitted":	false,
					"sender":	true
				}],
			"sum":	{
				"start":	8.00002,
				"end":	10.000253,
				"seconds":	2.0002329349517822,
				"bytes":	1026315772,
				"bits_per_second":	4104785014.0503378,
				"packets":	736237,
				"omitted":	false,
				"sender":	true
			}
		}],
	"end":	{
		"streams":	[{
				"udp":	{
					"socket":	5,
					"start":	0,
					"end":	10.000253,
					"seconds":	10.000253,
					"bytes":	5988748066,
					"bits_per_second":	4790877243.6057367,
					"jitter_ms":	0.0020919815452987078,
					"lost_packets":	435324,
					"packets":	4296089,
					"lost_percent":	10.133030298022224,
					"out_of_order":	0,
					"sender":	true
				}
			}],
		"sum":	{
			"start":	0,
			"end":	10.002211,
			"seconds":	10.002211,
			"bytes":	5988748066,
			"bits_per_second":	4790877243.6057367,
			"jitter_ms":	0.0020919815452987078,
			"lost_packets":	435324,
			"packets":	4296089,
			"lost_percent":	10.133030298022224,
			"sender":	true
		},
		"sum_sent":	{
			"start":	0,
			"end":	10.000253,
			"seconds":	10.000253,
			"bytes":	5988748066,
			"bits_per_second":	4790877243.6057367,
			"jitter_ms":	0,
			"lost_packets":	0,
			"packets":	4296089,
			"lost_percent":	0,
			"sender":	true
		},
		"sum_received":	{
			"start":	0,
			"end":	10.002211,
			"seconds":	10.002211,
			"bytes":	5381872954,
			"bits_per_second":	4304546627.9405622,
			"jitter_ms":	0.0020919815452987078,
			"lost_packets":	435324,
			"packets":	4296065,
			"lost_percent":	10.133030298022224,
			"sender":	false
		},
		"cpu_utilization_percent":	{
			"host_total":	100.46295588015164,
			"host_user":	20.412355609391589,
			"host_system":	80.050600270760043,
			"remote_total":	120.40798371320427,
			"remote_user":	17.440090507970584,
			"remote_system":	102.96790320302117
		}
	}
}
