{
	"start":	{
		"connected":	[{
				"socket":	5,
				"local_host":	"192.0.1.254",
				"local_port":	38114,
				"remote_host":	"192.0.2.254",
				"remote_port":	5201
			}],
		"version":	"iperf 3.16",
		"system_info":	"Linux lab-dd2 6.8.0-100-generic #100-Ubuntu SMP PREEMPT_DYNAMIC Tue Jan 13 16:40:06 UTC 2026 x86_64",
		"timestamp":	{
			"time":	"Thu, 19 Mar 2026 06:45:30 GMT",
			"timesecs":	1773902730
		},
		"connecting_to":	{
			"host":	"192.0.2.254",
			"port":	5201
		},
		"cookie":	"a5bsjvwoscsuzpy3ixxnrtvgijlrb3nesk4q",
		"target_bitrate":	6000000000,
		"fq_rate":	0,
		"sock_bufsize":	0,
		"sndbuf_actual":	212992,
		"rcvbuf_actual":	212992,
		"test_start":	{
			"protocol":	"UDP",
			"num_streams":	1,
			"blksize":	1394,
			"omit":	0,
			"duration":	10,
			"bytes":	0,
			"blocks":	0,
			"reverse":	0,
			"tos":	0,
			"target_bitrate":	6000000000,
			"bidir":	0,
			"fqrate":	0
		}
	},
	"intervals":	[{
			"streams":	[{
					"socket":	5,
					"start":	0,
					"end":	2.000055,
					"seconds":	2.0000550746917725,
					"bytes":	1499719566,
					"bits_per_second":	5998713075.3631716,
					"packets":	1075840,
					"omitted":	false,
					"sender":	true
				}],
			"sum":	{
				"start":	0,
				"end":	2.000055,
				"seconds":	2.0000550746917725,
				"bytes":	1499719566,
				"bits_per_second":	5998713075.3631716,
				"packets":	1075840,
				"omitted":	false,
				"sender":	true
			}
		}, {
			"streams":	[{
					"socket":	5,
					"start":	2.000055,
					"end":	4.000055,
					"seconds":	2,
					"bytes":	1396093788,
					"bits_per_second":	5584375152,
					"packets":	1001503,
					"omitted":	false,
					"sender":	true
				}],
			"sum":	{
				"start":	2.000055,
				"end":	4.000055,
				"seconds":	2,
				"bytes":	1396093788,
				"bits_per_second":	5584375152,
				"packets":	1001503,
				"omitted":	false,
				"sender":	true
			}
		}, {
			"streams":	[{
					"socket":	5,
					"start":	4.000055,
					"end":	6.000055,
					"seconds":	2,
					"bytes":	1403278464,
					"bits_per_second":	5613113856,
					"packets":	1006656,
					"omitted":	false,
					"sender":	true
				}],
			"sum":	{
				"start":	4.000055,
				"end":	6.000055,
				"seconds":	2,
				"bytes":	1403278464,
				"bits_per_second":	5613113856,
				"packets":	1006656,
				"omitted":	false,
				"sender":	true
			}
		}, {
			"streams":	[{
					"socket":	5,
					"start":	6.000055,
					"end":	8.000055,
					"seconds":	2,
					"bytes":	1404651554,
					"bits_per_second":	5618606216,
					"packets":	1007641,
					"omitted":	false,
					"sender":	true
				}],
			"sum":	{
				"start":	6.000055,
				"end":	8.000055,
				"seconds":	2,
				"bytes":	1404651554,
				"bits_per_second":	5618606216,
				"packets":	1007641,
				"omitted":	false,
				"sender":	true
			}
		}, {
			"streams":	[{
					"socket":	5,
					"start":	8.000055,
					"end":	10.00019,
					"seconds":	2.0001349449157715,
					"bytes":	1402110292,
					"bits_per_second":	5608062778.220376,
					"packets":	1005817,
					"omitted":	false,
					"sender":	true
				}],
			"sum":	{
				"start":	8.000055,
				"end":	10.00019,
				"seconds":	2.0001349449157715,
				"bytes":	1402110292,
				"bits_per_second":	5608062778.220376,
				"packets":	1005817,
				"omitted":	false,
				"sender":	true
			}
		}],
	"end":	{
		"streams":	[{
				"udp":	{
					"socket":	5,
					"start":	0,
					"end":	10.00019,
					"seconds":	10.00019,
					"bytes":	7105855058,
					"bits_per_second":	5684576039.45525,
					"jitter_ms":	0.0017157700443286349,
					"lost_packets":	221435,
					"packets":	5097457,
					"lost_percent":	4.3440287971041247,
					"out_of_order":	0,
					"sender":	true
				}
			}],
		"sum":	{
			"start":	0,
			"end":	10.00127,
			"seconds":	10.00127,
			"bytes":	7105855058,
			"bits_per_second":	5684576039.45525,
			"jitter_ms":	0.0017157700443286349,
			"lost_packets":	221435,
			"packets":	5097457,
			"lost_percent":	4.3440287971041247,
			"sender":	true
		},
		"sum_sent":	{
			"start":	0,
			"end":	10.00019,
			"seconds":	10.00019,
			"bytes":	7105855058,
			"bits_per_second":	5684576039.45525,
			"jitter_ms":	0,
			"lost_packets":	0,
			"packets":	5097457,
			"lost_percent":	0,
			"sender":	true
		},
		"sum_received":	{
			"start":	0,
			"end":	10.00127,
			"seconds":	10.00127,
			"bytes":	6797174668,
			"bits_per_second":	5437049229.1479,
			"jitter_ms":	0.0017157700443286349,
			"lost_packets":	221435,
			"packets":	5097457,
			"lost_percent":	4.3440287971041247,
			"sender":	false
		},
		"cpu_utilization_percent":	{
			"host_total":	100.28248059358322,
			"host_user":	12.615113341713425,
			"host_system":	87.667357252556755,
			"remote_total":	123.65292661714898,
			"remote_user":	18.815642887096185,
			"remote_system":	104.83730372750513
		}
	}
}
