{
	"start":	{
		"connected":	[{
				"socket":	5,
				"local_host":	"192.0.1.254",
				"local_port":	44734,
				"remote_host":	"192.0.2.254",
				"remote_port":	5201
			}],
		"version":	"iperf 3.16",
		"system_info":	"Linux lab-dd2 6.8.0-100-generic #100-Ubuntu SMP PREEMPT_DYNAMIC Tue Jan 13 16:40:06 UTC 2026 x86_64",
		"timestamp":	{
			"time":	"Thu, 19 Mar 2026 06:52:20 GMT",
			"timesecs":	1773903140
		},
		"connecting_to":	{
			"host":	"192.0.2.254",
			"port":	5201
		},
		"cookie":	"bncj2mzm26slqviojq6sg3xguptzaz4ndedz",
		"target_bitrate":	9000000000,
		"fq_rate":	0,
		"sock_bufsize":	0,
		"sndbuf_actual":	212992,
		"rcvbuf_actual":	212992,
		"test_start":	{
			"protocol":	"UDP",
			"num_streams":	1,
			"blksize":	1394,
			"omit":	0,
			"duration":	10,
			"bytes":	0,
			"blocks":	0,
			"reverse":	0,
			"tos":	0,
			"target_bitrate":	9000000000,
			"bidir":	0,
			"fqrate":	0
		}
	},
	"intervals":	[{
			"streams":	[{
					"socket":	5,
					"start":	0,
					"end":	2.000055,
					"seconds":	2.0000550746917725,
					"bytes":	1203869552,
					"bits_per_second":	4815345606.16248,
					"packets":	863609,
					"omitted":	false,
					"sender":	true
				}],
			"sum":	{
				"start":	0,
				"end":	2.000055,
				"seconds":	2.0000550746917725,
				"bytes":	1203869552,
				"bits_per_second":	4815345606.16248,
				"packets":	863609,
				"omitted":	false,
				"sender":	true
			}
		}, {
			"streams":	[{
					"socket":	5,
					"start":	2.000055,
					"end":	4.000054,
					"seconds":	1.9999990463256836,
					"bytes":	1208097554,
					"bits_per_second":	4832392520.2643166,
					"packets":	866642,
					"omitted":	false,
					"sender":	true
				}],
			"sum":	{
				"start":	2.000055,
				"end":	4.000054,
				"seconds":	1.9999990463256836,
				"bytes":	1208097554,
				"bits_per_second":	4832392520.2643166,
				"packets":	866642,
				"omitted":	false,
				"sender":	true
			}
		}, {
			"streams":	[{
					"socket":	5,
					"start":	4.000054,
					"end":	6.000055,
					"seconds":	2.0000009536743164,
					"bytes":	1201771582,
					"bits_per_second":	4807084035.80371,
					"packets":	862103,
					"omitted":	false,
					"sender":	true
				}],
			"sum":	{
				"start":	4.000054,
				"end":	6.000055,
				"seconds":	2.0000009536743164,
				"bytes":	1201771582,
				"bits_per_second":	4807084035.80371,
				"packets":	862103,
				"omitted":	false,
				"sender":	true
			}
		}, {
			"streams":	[{
					"socket":	5,
					"start":	6.000055,
					"end":	8.000055,
					"seconds":	2,
					"bytes":	1200504436,
					"bits_per_second":	4802017744,
					"packets":	861194,
					"omitted":	false,
					"sender":	true
				}],
			"sum":	{
				"start":	6.000055,
				"end":	8.000055,
				"seconds":	2,
				"bytes":	1200504436,
				"bits_per_second":	4802017744,
				"packets":	861194,
				"omitted":	false,
				"sender":	true
			}
		}, {
			"streams":	[{
					"socket":	5,
					"start":	8.000055,
					"end":	10.000179,
					"seconds":	2.0001239776611328,
					"bytes":	1199948230,
					"bits_per_second":	4799495404.8925419,
					"packets":	860794,
					"omitted":	false,
					"sender":	true
				}],
			"sum":	{
				"start":	8.000055,
				"end":	10.000179,
				"seconds":	2.0001239776611328,
				"bytes":	1199948230,
				"bits_per_second":	4799495404.8925419,
				"packets":	860794,
				"omitted":	false,
				"sender":	true
			}
		}],
	"end":	{
		"streams":	[{
				"udp":	{
					"socket":	5,
					"start":	0,
					"end":	10.000179,
					"seconds":	10.000179,
					"bytes":	6014192748,
					"bits_per_second":	4811268076.7014275,
					"jitter_ms":	0.0012770622276536909,
					"lost_packets":	265162,
					"packets":	4314342,
					"lost_percent":	6.1460588891654861,
					"out_of_order":	0,
					"sender":	true
				}
			}],
		"sum":	{
			"start":	0,
			"end":	10.000366,
			"seconds":	10.000366,
			"bytes":	6014192748,
			"bits_per_second":	4811268076.7014275,
			"jitter_ms":	0.0012770622276536909,
			"lost_packets":	265162,
			"packets":	4314342,
			"lost_percent":	6.1460588891654861,
			"sender":	true
		},
		"sum_sent":	{
			"start":	0,
			"end":	10.000179,
			"seconds":	10.000179,
			"bytes":	6014192748,
			"bits_per_second":	4811268076.7014275,
			"jitter_ms":	0,
			"lost_packets":	0,
			"packets":	4314342,
			"lost_percent":	0,
			"sender":	true
		},
		"sum_received":	{
			"start":	0,
			"end":	10.000366,
			"seconds":	10.000366,
			"bytes":	5644536010,
			"bits_per_second":	4515463542.0343618,
			"jitter_ms":	0.0012770622276536909,
			"lost_packets":	265162,
			"packets":	4314327,
			"lost_percent":	6.1460588891654861,
			"sender":	false
		},
		"cpu_utilization_percent":	{
			"host_total":	100.27496089021813,
			"host_user":	9.16562298920225,
			"host_system":	91.109337901015877,
			"remote_total":	103.1755180601065,
			"remote_user":	14.859229405590826,
			"remote_system":	88.316258655667625
		}
	}
}
