{
	"start":	{
		"connected":	[{
				"socket":	5,
				"local_host":	"192.0.1.254",
				"local_port":	56620,
				"remote_host":	"192.0.2.254",
				"remote_port":	5201
			}],
		"version":	"iperf 3.16",
		"system_info":	"Linux lab-dd2 6.8.0-100-generic #100-Ubuntu SMP PREEMPT_DYNAMIC Tue Jan 13 16:40:06 UTC 2026 x86_64",
		"timestamp":	{
			"time":	"Thu, 19 Mar 2026 06:48:50 GMT",
			"timesecs":	1773902930
		},
		"connecting_to":	{
			"host":	"192.0.2.254",
			"port":	5201
		},
		"cookie":	"px6lhb42d7oirbas7me4xce3hidrwytqruag",
		"target_bitrate":	8000000000,
		"fq_rate":	0,
		"sock_bufsize":	0,
		"sndbuf_actual":	212992,
		"rcvbuf_actual":	212992,
		"test_start":	{
			"protocol":	"UDP",
			"num_streams":	1,
			"blksize":	1394,
			"omit":	0,
			"duration":	10,
			"bytes":	0,
			"blocks":	0,
			"reverse":	0,
			"tos":	0,
			"target_bitrate":	8000000000,
			"bidir":	0,
			"fqrate":	0
		}
	},
	"intervals":	[{
			"streams":	[{
					"socket":	5,
					"start":	0,
					"end":	2.000055,
					"seconds":	2.0000550746917725,
					"bytes":	1469043202,
					"bits_per_second":	5876010998.25271,
					"packets":	1053834,
					"omitted":	false,
					"sender":	true
				}],
			"sum":	{
				"start":	0,
				"end":	2.000055,
				"seconds":	2.0000550746917725,
				"bytes":	1469043202,
				"bits_per_second":	5876010998.25271,
				"packets":	1053834,
				"omitted":	false,
				"sender":	true
			}
		}, {
			"streams":	[{
					"socket":	5,
					"start":	2.000055,
					"end":	4.000055,
					"seconds":	2,
					"bytes":	1402213448,
					"bits_per_second":	5608853792,
					"packets":	1005892,
					"omitted":	false,
					"sender":	true
				}],
			"sum":	{
				"start":	2.000055,
				"end":	4.000055,
				"seconds":	2,
				"bytes":	1402213448,
				"bits_per_second":	5608853792,
				"packets":	1005892,
				"omitted":	false,
				"sender":	true
			}
		}, {
			"streams":	[{
					"socket":	5,
					"start":	4.000055,
					"end":	6.000055,
					"seconds":	2,
					"bytes":	1406101314,
					"bits_per_second":	5624405256,
					"packets":	1008681,
					"omitted":	false,
					"sender":	true
				}],
			"sum":	{
				"start":	4.000055,
				"end":	6.000055,
				"seconds":	2,
				"bytes":	1406101314,
				"bits_per_second":	5624405256,
				"packets":	1008681,
				"omitted":	false,
				"sender":	true
			}
		}, {
			"streams":	[{
					"socket":	5,
					"start":	6.000055,
					"end":	8.000056,
					"seconds":	2.0000009536743164,
					"bytes":	1406164044,
					"bits_per_second":	5624653493.956212,
					"packets":	1008726,
					"omitted":	false,
					"sender":	true
				}],
			"sum":	{
				"start":	6.000055,
				"end":	8.000056,
				"seconds":	2.0000009536743164,
				"bytes":	1406164044,
				"bits_per_second":	5624653493.956212,
				"packets":	1008726,
				"omitted":	false,
				"sender":	true
			}
		}, {
			"streams":	[{
					"socket":	5,
					"start":	8.000056,
					"end":	10.000191,
					"seconds":	2.0001349449157715,
					"bytes":	1404128804,
					"bits_per_second":	5616136281.481267,
					"packets":	1007265,
					"omitted":	false,
					"sender":	true
				}],
			"sum":	{
				"start":	8.000056,
				"end":	10.000191,
				"seconds":	2.0001349449157715,
				"bytes":	1404128804,
				"bits_per_second":	5616136281.481267,
				"packets":	1007265,
				"omitted":	false,
				"sender":	true
			}
		}],
	"end":	{
		"streams":	[{
				"udp":	{
					"socket":	5,
					"start":	0,
					"end":	10.000191,
					"seconds":	10.000191,
					"bytes":	7087650812,
					"bits_per_second":	5670012352.36407,
					"jitter_ms":	0.00091854094664655,
					"lost_packets":	150969,
					"packets":	5084398,
					"lost_percent":	2.96926007759424,
					"out_of_order":	0,
					"sender":	true
				}
			}],
		"sum":	{
			"start":	0,
			"end":	10.001315,
			"seconds":	10.001315,
			"bytes":	7087650812,
			"bits_per_second":	5670012352.36407,
			"jitter_ms":	0.00091854094664655,
			"lost_packets":	150969,
			"packets":	5084398,
			"lost_percent":	2.96926007759424,
			"sender":	true
		},
		"sum_sent":	{
			"start":	0,
			"end":	10.000191,
			"seconds":	10.000191,
			"bytes":	7087650812,
			"bits_per_second":	5670012352.36407,
			"jitter_ms":	0,
			"lost_packets":	0,
			"packets":	5084398,
			"lost_percent":	0,
			"sender":	true
		},
		"sum_received":	{
			"start":	0,
			"end":	10.001315,
			"seconds":	10.001315,
			"bytes":	6877186086,
			"bits_per_second":	5501025483.94886,
			"jitter_ms":	0.00091854094664655,
			"lost_packets":	150969,
			"packets":	5084388,
			"lost_percent":	2.96926007759424,
			"sender":	false
		},
		"cpu_utilization_percent":	{
			"host_total":	100.26998520481078,
			"host_user":	13.254523652103863,
			"host_system":	87.0154615527069,
			"remote_total":	128.24852554492296,
			"remote_user":	19.678058560658283,
			"remote_system":	108.5704669842647
		}
	}
}
