{
	"start":	{
		"connected":	[{
				"socket":	5,
				"local_host":	"192.0.1.254",
				"local_port":	46062,
				"remote_host":	"192.0.2.254",
				"remote_port":	5201
			}],
		"version":	"iperf 3.16",
		"system_info":	"Linux lab-dd2 6.8.0-100-generic #100-Ubuntu SMP PREEMPT_DYNAMIC Tue Jan 13 16:40:06 UTC 2026 x86_64",
		"timestamp":	{
			"time":	"Thu, 19 Mar 2026 06:52:10 GMT",
			"timesecs":	1773903130
		},
		"connecting_to":	{
			"host":	"192.0.2.254",
			"port":	5201
		},
		"cookie":	"blwsfbmkro3snn57iuhvwbefebgdglf62b7t",
		"target_bitrate":	9000000000,
		"fq_rate":	0,
		"sock_bufsize":	0,
		"sndbuf_actual":	212992,
		"rcvbuf_actual":	212992,
		"test_start":	{
			"protocol":	"UDP",
			"num_streams":	1,
			"blksize":	1394,
			"omit":	0,
			"duration":	10,
			"bytes":	0,
			"blocks":	0,
			"reverse":	0,
			"tos":	0,
			"target_bitrate":	9000000000,
			"bidir":	0,
			"fqrate":	0
		}
	},
	"intervals":	[{
			"streams":	[{
					"socket":	5,
					"start":	0,
					"end":	2.000055,
					"seconds":	2.0000550746917725,
					"bytes":	1176416116,
					"bits_per_second":	4705534886.0582628,
					"packets":	843915,
					"omitted":	false,
					"sender":	true
				}],
			"sum":	{
				"start":	0,
				"end":	2.000055,
				"seconds":	2.0000550746917725,
				"bytes":	1176416116,
				"bits_per_second":	4705534886.0582628,
				"packets":	843915,
				"omitted":	false,
				"sender":	true
			}
		}, {
			"streams":	[{
					"socket":	5,
					"start":	2.000055,
					"end":	4.000055,
					"seconds":	2,
					"bytes":	1176236290,
					"bits_per_second":	4704945160,
					"packets":	843786,
					"omitted":	false,
					"sender":	true
				}],
			"sum":	{
				"start":	2.000055,
				"end":	4.000055,
				"seconds":	2,
				"bytes":	1176236290,
				"bits_per_second":	4704945160,
				"packets":	843786,
				"omitted":	false,
				"sender":	true
			}
		}, {
			"streams":	[{
					"socket":	5,
					"start":	4.000055,
					"end":	6.000055,
					"seconds":	2,
					"bytes":	1176675400,
					"bits_per_second":	4706701600,
					"packets":	844100,
					"omitted":	false,
					"sender":	true
				}],
			"sum":	{
				"start":	4.000055,
				"end":	6.000055,
				"seconds":	2,
				"bytes":	1176675400,
				"bits_per_second":	4706701600,
				"packets":	844100,
				"omitted":	false,
				"sender":	true
			}
		}, {
			"streams":	[{
					"socket":	5,
					"start":	6.000055,
					"end":	8.000055,
					"seconds":	2,
					"bytes":	1176272534,
					"bits_per_second":	4705090136,
					"packets":	843811,
					"omitted":	false,
					"sender":	true
				}],
			"sum":	{
				"start":	6.000055,
				"end":	8.000055,
				"seconds":	2,
				"bytes":	1176272534,
				"bits_per_second":	4705090136,
				"packets":	843811,
				"omitted":	false,
				"sender":	true
			}
		}, {
			"streams":	[{
					"socket":	5,
					"start":	8.000055,
					"end":	10.000177,
					"seconds":	2.0001220703125,
					"bytes":	1174957992,
					"bits_per_second":	4699545130.5286541,
					"packets":	842867,
					"omitted":	false,
					"sender":	true
				}],
			"sum":	{
				"start":	8.000055,
				"end":	10.000177,
				"seconds":	2.0001220703125,
				"bytes":	1174957992,
				"bits_per_second":	4699545130.5286541,
				"packets":	842867,
				"omitted":	false,
				"sender":	true
			}
		}],
	"end":	{
		"streams":	[{
				"udp":	{
					"socket":	5,
					"start":	0,
					"end":	10.000177,
					"seconds":	10.000177,
					"bytes":	5880559726,
					"bits_per_second":	4704364513.54811,
					"jitter_ms":	0.001028606770388778,
					"lost_packets":	225564,
					"packets":	4218479,
					"lost_percent":	5.34704570059493,
					"out_of_order":	0,
					"sender":	true
				}
			}],
		"sum":	{
			"start":	0,
			"end":	10.000272,
			"seconds":	10.000272,
			"bytes":	5880559726,
			"bits_per_second":	4704364513.54811,
			"jitter_ms":	0.001028606770388778,
			"lost_packets":	225564,
			"packets":	4218479,
			"lost_percent":	5.34704570059493,
			"sender":	true
		},
		"sum_sent":	{
			"start":	0,
			"end":	10.000177,
			"seconds":	10.000177,
			"bytes":	5880559726,
			"bits_per_second":	4704364513.54811,
			"jitter_ms":	0,
			"lost_packets":	0,
			"packets":	4218479,
			"lost_percent":	0,
			"sender":	true
		},
		"sum_received":	{
			"start":	0,
			"end":	10.000272,
			"seconds":	10.000272,
			"bytes":	5566123510,
			"bits_per_second":	4452777692.4467649,
			"jitter_ms":	0.001028606770388778,
			"lost_packets":	225564,
			"packets":	4218479,
			"lost_percent":	5.34704570059493,
			"sender":	false
		},
		"cpu_utilization_percent":	{
			"host_total":	100.27055192713125,
			"host_user":	8.7941225526134854,
			"host_system":	91.4764293745178,
			"remote_total":	105.50667526242512,
			"remote_user":	15.445655977067045,
			"remote_system":	90.0610292850771
		}
	}
}
