{
	"start":	{
		"connected":	[{
				"socket":	5,
				"local_host":	"192.0.1.254",
				"local_port":	39795,
				"remote_host":	"192.0.2.254",
				"remote_port":	5201
			}],
		"version":	"iperf 3.16",
		"system_info":	"Linux lab-dd2 6.8.0-100-generic #100-Ubuntu SMP PREEMPT_DYNAMIC Tue Jan 13 16:40:06 UTC 2026 x86_64",
		"timestamp":	{
			"time":	"Thu, 19 Mar 2026 06:54:11 GMT",
			"timesecs":	1773903251
		},
		"connecting_to":	{
			"host":	"192.0.2.254",
			"port":	5201
		},
		"cookie":	"u65sgw27aevwimhjednybwn4toxz3vh7lt7c",
		"target_bitrate":	10000000000,
		"fq_rate":	0,
		"sock_bufsize":	0,
		"sndbuf_actual":	212992,
		"rcvbuf_actual":	212992,
		"test_start":	{
			"protocol":	"UDP",
			"num_streams":	1,
			"blksize":	1394,
			"omit":	0,
			"duration":	10,
			"bytes":	0,
			"blocks":	0,
			"reverse":	0,
			"tos":	0,
			"target_bitrate":	10000000000,
			"bidir":	0,
			"fqrate":	0
		}
	},
	"intervals":	[{
			"streams":	[{
					"socket":	5,
					"start":	0,
					"end":	2.000055,
					"seconds":	2.0000550746917725,
					"bytes":	1627479666,
					"bits_per_second":	6509739403.05443,
					"packets":	1167490,
					"omitted":	false,
					"sender":	true
				}],
			"sum":	{
				"start":	0,
				"end":	2.000055,
				"seconds":	2.0000550746917725,
				"bytes":	1627479666,
				"bits_per_second":	6509739403.05443,
				"packets":	1167490,
				"omitted":	false,
				"sender":	true
			}
		}, {
			"streams":	[{
					"socket":	5,
					"start":	2.000055,
					"end":	4.000055,
					"seconds":	2,
					"bytes":	1625044348,
					"bits_per_second":	6500177392,
					"packets":	1165743,
					"omitted":	false,
					"sender":	true
				}],
			"sum":	{
				"start":	2.000055,
				"end":	4.000055,
				"seconds":	2,
				"bytes":	1625044348,
				"bits_per_second":	6500177392,
				"packets":	1165743,
				"omitted":	false,
				"sender":	true
			}
		}, {
			"streams":	[{
					"socket":	5,
					"start":	4.000055,
					"end":	6.000055,
					"seconds":	2,
					"bytes":	1627606520,
					"bits_per_second":	6510426080,
					"packets":	1167580,
					"omitted":	false,
					"sender":	true
				}],
			"sum":	{
				"start":	4.000055,
				"end":	6.000055,
				"seconds":	2,
				"bytes":	1627606520,
				"bits_per_second":	6510426080,
				"packets":	1167580,
				"omitted":	false,
				"sender":	true
			}
		}, {
			"streams":	[{
					"socket":	5,
					"start":	6.000055,
					"end":	8.000055,
					"seconds":	2,
					"bytes":	1626508048,
					"bits_per_second":	6506032192,
					"packets":	1166792,
					"omitted":	false,
					"sender":	true
				}],
			"sum":	{
				"start":	6.000055,
				"end":	8.000055,
				"seconds":	2,
				"bytes":	1626508048,
				"bits_per_second":	6506032192,
				"packets":	1166792,
				"omitted":	false,
				"sender":	true
			}
		}, {
			"streams":	[{
					"socket":	5,
					"start":	8.000055,
					"end":	10.000188,
					"seconds":	2.0001330375671387,
					"bytes":	1625507156,
					"bits_per_second":	6501596145.7331266,
					"packets":	1166073,
					"omitted":	false,
					"sender":	true
				}],
			"sum":	{
				"start":	8.000055,
				"end":	10.000188,
				"seconds":	2.0001330375671387,
				"bytes":	1625507156,
				"bits_per_second":	6501596145.7331266,
				"packets":	1166073,
				"omitted":	false,
				"sender":	true
			}
		}],
	"end":	{
		"streams":	[{
				"udp":	{
					"socket":	5,
					"start":	0,
					"end":	10.000188,
					"seconds":	10.000188,
					"bytes":	8132147132,
					"bits_per_second":	6505595400.4064722,
					"jitter_ms":	0.0017351771472891705,
					"lost_packets":	958468,
					"packets":	5833678,
					"lost_percent":	16.429909227077669,
					"out_of_order":	0,
					"sender":	true
				}
			}],
		"sum":	{
			"start":	0,
			"end":	10.001369,
			"seconds":	10.001369,
			"bytes":	8132147132,
			"bits_per_second":	6505595400.4064722,
			"jitter_ms":	0.0017351771472891705,
			"lost_packets":	958468,
			"packets":	5833678,
			"lost_percent":	16.429909227077669,
			"sender":	true
		},
		"sum_sent":	{
			"start":	0,
			"end":	10.000188,
			"seconds":	10.000188,
			"bytes":	8132147132,
			"bits_per_second":	6505595400.4064722,
			"jitter_ms":	0,
			"lost_packets":	0,
			"packets":	5833678,
			"lost_percent":	0,
			"sender":	true
		},
		"sum_received":	{
			"start":	0,
			"end":	10.001369,
			"seconds":	10.001369,
			"bytes":	6795986980,
			"bits_per_second":	5436045389.3861933,
			"jitter_ms":	0.0017351771472891705,
			"lost_packets":	958468,
			"packets":	5833638,
			"lost_percent":	16.429909227077669,
			"sender":	false
		},
		"cpu_utilization_percent":	{
			"host_total":	100.2775339307854,
			"host_user":	12.584751342897246,
			"host_system":	87.692782587888161,
			"remote_total":	125.5504270364533,
			"remote_user":	18.789144008356455,
			"remote_system":	106.76129302672604
		}
	}
}
