{
	"start":	{
		"connected":	[{
				"socket":	5,
				"local_host":	"192.0.1.254",
				"local_port":	51428,
				"remote_host":	"192.0.2.254",
				"remote_port":	5201
			}],
		"version":	"iperf 3.16",
		"system_info":	"Linux lab-dd2 6.8.0-100-generic #100-Ubuntu SMP PREEMPT_DYNAMIC Tue Jan 13 16:40:06 UTC 2026 x86_64",
		"timestamp":	{
			"time":	"Thu, 19 Mar 2026 06:40:30 GMT",
			"timesecs":	1773902430
		},
		"connecting_to":	{
			"host":	"192.0.2.254",
			"port":	5201
		},
		"cookie":	"ytvseufkrh6hhnhsog2xtwxp62uyerhunlzs",
		"target_bitrate":	3000000000,
		"fq_rate":	0,
		"sock_bufsize":	0,
		"sndbuf_actual":	212992,
		"rcvbuf_actual":	212992,
		"test_start":	{
			"protocol":	"UDP",
			"num_streams":	1,
			"blksize":	1394,
			"omit":	0,
			"duration":	10,
			"bytes":	0,
			"blocks":	0,
			"reverse":	0,
			"tos":	0,
			"target_bitrate":	3000000000,
			"bidir":	0,
			"fqrate":	0
		}
	},
	"intervals":	[{
			"streams":	[{
					"socket":	5,
					"start":	0,
					"end":	2.000057,
					"seconds":	2.0000569820404053,
					"bytes":	749813084,
					"bits_per_second":	2999166886.67564,
					"packets":	537886,
					"omitted":	false,
					"sender":	true
				}],
			"sum":	{
				"start":	0,
				"end":	2.000057,
				"seconds":	2.0000569820404053,
				"bytes":	749813084,
				"bits_per_second":	2999166886.67564,
				"packets":	537886,
				"omitted":	false,
				"sender":	true
			}
		}, {
			"streams":	[{
					"socket":	5,
					"start":	2.000057,
					"end":	4.000057,
					"seconds":	2,
					"bytes":	749999880,
					"bits_per_second":	2999999520,
					"packets":	538020,
					"omitted":	false,
					"sender":	true
				}],
			"sum":	{
				"start":	2.000057,
				"end":	4.000057,
				"seconds":	2,
				"bytes":	749999880,
				"bits_per_second":	2999999520,
				"packets":	538020,
				"omitted":	false,
				"sender":	true
			}
		}, {
			"streams":	[{
					"socket":	5,
					"start":	4.000057,
					"end":	6.000056,
					"seconds":	1.9999990463256836,
					"bytes":	749995698,
					"bits_per_second":	2999984222.5039515,
					"packets":	538017,
					"omitted":	false,
					"sender":	true
				}],
			"sum":	{
				"start":	4.000057,
				"end":	6.000056,
				"seconds":	1.9999990463256836,
				"bytes":	749995698,
				"bits_per_second":	2999984222.5039515,
				"packets":	538017,
				"omitted":	false,
				"sender":	true
			}
		}, {
			"streams":	[{
					"socket":	5,
					"start":	6.000056,
					"end":	8.000057,
					"seconds":	2.0000009536743164,
					"bytes":	750004062,
					"bits_per_second":	3000014817.48146,
					"packets":	538023,
					"omitted":	false,
					"sender":	true
				}],
			"sum":	{
				"start":	6.000056,
				"end":	8.000057,
				"seconds":	2.0000009536743164,
				"bytes":	750004062,
				"bits_per_second":	3000014817.48146,
				"packets":	538023,
				"omitted":	false,
				"sender":	true
			}
		}, {
			"streams":	[{
					"socket":	5,
					"start":	8.000057,
					"end":	10.000162,
					"seconds":	2.0001049041748047,
					"bytes":	749997092,
					"bits_per_second":	2999831020.6011152,
					"packets":	538018,
					"omitted":	false,
					"sender":	true
				}],
			"sum":	{
				"start":	8.000057,
				"end":	10.000162,
				"seconds":	2.0001049041748047,
				"bytes":	749997092,
				"bits_per_second":	2999831020.6011152,
				"packets":	538018,
				"omitted":	false,
				"sender":	true
			}
		}],
	"end":	{
		"streams":	[{
				"udp":	{
					"socket":	5,
					"start":	0,
					"end":	10.000162,
					"seconds":	10.000162,
					"bytes":	3749809816,
					"bits_per_second":	2999799256.052052,
					"jitter_ms":	0.00080278297659356083,
					"lost_packets":	16744,
					"packets":	2689964,
					"lost_percent":	0.6224618619431338,
					"out_of_order":	0,
					"sender":	true
				}
			}],
		"sum":	{
			"start":	0,
			"end":	10.000265,
			"seconds":	10.000265,
			"bytes":	3749809816,
			"bits_per_second":	2999799256.052052,
			"jitter_ms":	0.00080278297659356083,
			"lost_packets":	16744,
			"packets":	2689964,
			"lost_percent":	0.6224618619431338,
			"sender":	true
		},
		"sum_sent":	{
			"start":	0,
			"end":	10.000162,
			"seconds":	10.000162,
			"bytes":	3749809816,
			"bits_per_second":	2999799256.052052,
			"jitter_ms":	0,
			"lost_packets":	0,
			"packets":	2689964,
			"lost_percent":	0,
			"sender":	true
		},
		"sum_received":	{
			"start":	0,
			"end":	10.000265,
			"seconds":	10.000265,
			"bytes":	3726468680,
			"bits_per_second":	2981095944.9574585,
			"jitter_ms":	0.00080278297659356083,
			"lost_packets":	16744,
			"packets":	2689964,
			"lost_percent":	0.6224618619431338,
			"sender":	false
		},
		"cpu_utilization_percent":	{
			"host_total":	100.22295878517311,
			"host_user":	98.2675671413728,
			"host_system":	1.9553916438003169,
			"remote_total":	100.60609381729509,
			"remote_user":	15.680291336221321,
			"remote_system":	84.925812480806755
		}
	}
}
