{
	"start":	{
		"connected":	[{
				"socket":	5,
				"local_host":	"192.0.1.254",
				"local_port":	48010,
				"remote_host":	"192.0.2.254",
				"remote_port":	5201
			}],
		"version":	"iperf 3.16",
		"system_info":	"Linux lab-dd2 6.8.0-100-generic #100-Ubuntu SMP PREEMPT_DYNAMIC Tue Jan 13 16:40:06 UTC 2026 x86_64",
		"timestamp":	{
			"time":	"Thu, 19 Mar 2026 06:40:10 GMT",
			"timesecs":	1773902410
		},
		"connecting_to":	{
			"host":	"192.0.2.254",
			"port":	5201
		},
		"cookie":	"ljfmi6x4mjcnmuehi6522aglazrgooeq53lp",
		"target_bitrate":	3000000000,
		"fq_rate":	0,
		"sock_bufsize":	0,
		"sndbuf_actual":	212992,
		"rcvbuf_actual":	212992,
		"test_start":	{
			"protocol":	"UDP",
			"num_streams":	1,
			"blksize":	1394,
			"omit":	0,
			"duration":	10,
			"bytes":	0,
			"blocks":	0,
			"reverse":	0,
			"tos":	0,
			"target_bitrate":	3000000000,
			"bidir":	0,
			"fqrate":	0
		}
	},
	"intervals":	[{
			"streams":	[{
					"socket":	5,
					"start":	0,
					"end":	2.000057,
					"seconds":	2.0000569820404053,
					"bytes":	749818660,
					"bits_per_second":	2999189190.040195,
					"packets":	537890,
					"omitted":	false,
					"sender":	true
				}],
			"sum":	{
				"start":	0,
				"end":	2.000057,
				"seconds":	2.0000569820404053,
				"bytes":	749818660,
				"bits_per_second":	2999189190.040195,
				"packets":	537890,
				"omitted":	false,
				"sender":	true
			}
		}, {
			"streams":	[{
					"socket":	5,
					"start":	2.000057,
					"end":	4.000058,
					"seconds":	2.0000009536743164,
					"bytes":	749998486,
					"bits_per_second":	2999992513.4920955,
					"packets":	538019,
					"omitted":	false,
					"sender":	true
				}],
			"sum":	{
				"start":	2.000057,
				"end":	4.000058,
				"seconds":	2.0000009536743164,
				"bytes":	749998486,
				"bits_per_second":	2999992513.4920955,
				"packets":	538019,
				"omitted":	false,
				"sender":	true
			}
		}, {
			"streams":	[{
					"socket":	5,
					"start":	4.000058,
					"end":	6.000057,
					"seconds":	1.9999990463256836,
					"bytes":	750002668,
					"bits_per_second":	3000012102.5172458,
					"packets":	538022,
					"omitted":	false,
					"sender":	true
				}],
			"sum":	{
				"start":	4.000058,
				"end":	6.000057,
				"seconds":	1.9999990463256836,
				"bytes":	750002668,
				"bits_per_second":	3000012102.5172458,
				"packets":	538022,
				"omitted":	false,
				"sender":	true
			}
		}, {
			"streams":	[{
					"socket":	5,
					"start":	6.000057,
					"end":	8.000057,
					"seconds":	2,
					"bytes":	749992910,
					"bits_per_second":	2999971640,
					"packets":	538015,
					"omitted":	false,
					"sender":	true
				}],
			"sum":	{
				"start":	6.000057,
				"end":	8.000057,
				"seconds":	2,
				"bytes":	749992910,
				"bits_per_second":	2999971640,
				"packets":	538015,
				"omitted":	false,
				"sender":	true
			}
		}, {
			"streams":	[{
					"socket":	5,
					"start":	8.000057,
					"end":	10.000188,
					"seconds":	2.0001308917999268,
					"bytes":	749999880,
					"bits_per_second":	2999803195.1801786,
					"packets":	538020,
					"omitted":	false,
					"sender":	true
				}],
			"sum":	{
				"start":	8.000057,
				"end":	10.000188,
				"seconds":	2.0001308917999268,
				"bytes":	749999880,
				"bits_per_second":	2999803195.1801786,
				"packets":	538020,
				"omitted":	false,
				"sender":	true
			}
		}],
	"end":	{
		"streams":	[{
				"udp":	{
					"socket":	5,
					"start":	0,
					"end":	10.000188,
					"seconds":	10.000188,
					"bytes":	3749812604,
					"bits_per_second":	2999793687.0786829,
					"jitter_ms":	0.000823809555872985,
					"lost_packets":	34566,
					"packets":	2689966,
					"lost_percent":	1.284997654245444,
					"out_of_order":	0,
					"sender":	true
				}
			}],
		"sum":	{
			"start":	0,
			"end":	10.000312,
			"seconds":	10.000312,
			"bytes":	3749812604,
			"bits_per_second":	2999793687.0786829,
			"jitter_ms":	0.000823809555872985,
			"lost_packets":	34566,
			"packets":	2689966,
			"lost_percent":	1.284997654245444,
			"sender":	true
		},
		"sum_sent":	{
			"start":	0,
			"end":	10.000188,
			"seconds":	10.000188,
			"bytes":	3749812604,
			"bits_per_second":	2999793687.0786829,
			"jitter_ms":	0,
			"lost_packets":	0,
			"packets":	2689966,
			"lost_percent":	0,
			"sender":	true
		},
		"sum_received":	{
			"start":	0,
			"end":	10.000312,
			"seconds":	10.000312,
			"bytes":	3701627600,
			"bits_per_second":	2961209690.2576642,
			"jitter_ms":	0.000823809555872985,
			"lost_packets":	34566,
			"packets":	2689966,
			"lost_percent":	1.284997654245444,
			"sender":	false
		},
		"cpu_utilization_percent":	{
			"host_total":	100.29399200768914,
			"host_user":	13.700021558680609,
			"host_system":	86.5939604496205,
			"remote_total":	105.01199111988151,
			"remote_user":	15.257446338951056,
			"remote_system":	89.754564780296462
		}
	}
}
