{
	"start":	{
		"connected":	[{
				"socket":	5,
				"local_host":	"192.0.1.254",
				"local_port":	59334,
				"remote_host":	"192.0.2.254",
				"remote_port":	5201
			}],
		"version":	"iperf 3.16",
		"system_info":	"Linux lab-dd2 6.8.0-100-generic #100-Ubuntu SMP PREEMPT_DYNAMIC Tue Jan 13 16:40:06 UTC 2026 x86_64",
		"timestamp":	{
			"time":	"Thu, 19 Mar 2026 06:49:10 GMT",
			"timesecs":	1773902950
		},
		"connecting_to":	{
			"host":	"192.0.2.254",
			"port":	5201
		},
		"cookie":	"py3ln6ss6jeutlfyehpv72fqw3aonqtdovi4",
		"target_bitrate":	8000000000,
		"fq_rate":	0,
		"sock_bufsize":	0,
		"sndbuf_actual":	212992,
		"rcvbuf_actual":	212992,
		"test_start":	{
			"protocol":	"UDP",
			"num_streams":	1,
			"blksize":	1394,
			"omit":	0,
			"duration":	10,
			"bytes":	0,
			"blocks":	0,
			"reverse":	0,
			"tos":	0,
			"target_bitrate":	8000000000,
			"bidir":	0,
			"fqrate":	0
		}
	},
	"intervals":	[{
			"streams":	[{
					"socket":	5,
					"start":	0,
					"end":	2.000056,
					"seconds":	2.0000560283660889,
					"bytes":	1463145188,
					"bits_per_second":	5852416801.3244753,
					"packets":	1049603,
					"omitted":	false,
					"sender":	true
				}],
			"sum":	{
				"start":	0,
				"end":	2.000056,
				"seconds":	2.0000560283660889,
				"bytes":	1463145188,
				"bits_per_second":	5852416801.3244753,
				"packets":	1049603,
				"omitted":	false,
				"sender":	true
			}
		}, {
			"streams":	[{
					"socket":	5,
					"start":	2.000056,
					"end":	4.000056,
					"seconds":	2,
					"bytes":	1642239338,
					"bits_per_second":	6568957352,
					"packets":	1178077,
					"omitted":	false,
					"sender":	true
				}],
			"sum":	{
				"start":	2.000056,
				"end":	4.000056,
				"seconds":	2,
				"bytes":	1642239338,
				"bits_per_second":	6568957352,
				"packets":	1178077,
				"omitted":	false,
				"sender":	true
			}
		}, {
			"streams":	[{
					"socket":	5,
					"start":	4.000056,
					"end":	6.000057,
					"seconds":	2.0000009536743164,
					"bytes":	1645247590,
					"bits_per_second":	6580987221.9407549,
					"packets":	1180235,
					"omitted":	false,
					"sender":	true
				}],
			"sum":	{
				"start":	4.000056,
				"end":	6.000057,
				"seconds":	2.0000009536743164,
				"bytes":	1645247590,
				"bits_per_second":	6580987221.9407549,
				"packets":	1180235,
				"omitted":	false,
				"sender":	true
			}
		}, {
			"streams":	[{
					"socket":	5,
					"start":	6.000057,
					"end":	8.000056,
					"seconds":	1.9999990463256836,
					"bytes":	1645448326,
					"bits_per_second":	6581796442.44511,
					"packets":	1180379,
					"omitted":	false,
					"sender":	true
				}],
			"sum":	{
				"start":	6.000057,
				"end":	8.000056,
				"seconds":	1.9999990463256836,
				"bytes":	1645448326,
				"bits_per_second":	6581796442.44511,
				"packets":	1180379,
				"omitted":	false,
				"sender":	true
			}
		}, {
			"streams":	[{
					"socket":	5,
					"start":	8.000056,
					"end":	10.000185,
					"seconds":	2.0001289844512939,
					"bytes":	1644745750,
					"bits_per_second":	6578558734.1056881,
					"packets":	1179874,
					"omitted":	false,
					"sender":	true
				}],
			"sum":	{
				"start":	8.000056,
				"end":	10.000185,
				"seconds":	2.0001289844512939,
				"bytes":	1644745750,
				"bits_per_second":	6578558734.1056881,
				"packets":	1179874,
				"omitted":	false,
				"sender":	true
			}
		}],
	"end":	{
		"streams":	[{
				"udp":	{
					"socket":	5,
					"start":	0,
					"end":	10.000185,
					"seconds":	10.000185,
					"bytes":	8040826192,
					"bits_per_second":	6432541951.5738955,
					"jitter_ms":	0.000711901255861012,
					"lost_packets":	880821,
					"packets":	5768168,
					"lost_percent":	15.270377007049726,
					"out_of_order":	0,
					"sender":	true
				}
			}],
		"sum":	{
			"start":	0,
			"end":	10.001349,
			"seconds":	10.001349,
			"bytes":	8040826192,
			"bits_per_second":	6432541951.5738955,
			"jitter_ms":	0.000711901255861012,
			"lost_packets":	880821,
			"packets":	5768168,
			"lost_percent":	15.270377007049726,
			"sender":	true
		},
		"sum_sent":	{
			"start":	0,
			"end":	10.000185,
			"seconds":	10.000185,
			"bytes":	8040826192,
			"bits_per_second":	6432541951.5738955,
			"jitter_ms":	0,
			"lost_packets":	0,
			"packets":	5768168,
			"lost_percent":	0,
			"sender":	true
		},
		"sum_received":	{
			"start":	0,
			"end":	10.001349,
			"seconds":	10.001349,
			"bytes":	6812939414,
			"bits_per_second":	5449616377.9506149,
			"jitter_ms":	0.000711901255861012,
			"lost_packets":	880821,
			"packets":	5768152,
			"lost_percent":	15.270377007049726,
			"sender":	false
		},
		"cpu_utilization_percent":	{
			"host_total":	100.282494010839,
			"host_user":	13.7188635123252,
			"host_system":	86.5636404979478,
			"remote_total":	126.69989148474723,
			"remote_user":	18.867025971170516,
			"remote_system":	107.83286551357672
		}
	}
}
