{
	"start":	{
		"connected":	[{
				"socket":	5,
				"local_host":	"192.0.1.254",
				"local_port":	40708,
				"remote_host":	"192.0.2.254",
				"remote_port":	5201
			}],
		"version":	"iperf 3.16",
		"system_info":	"Linux lab-dd2 6.8.0-100-generic #100-Ubuntu SMP PREEMPT_DYNAMIC Tue Jan 13 16:40:06 UTC 2026 x86_64",
		"timestamp":	{
			"time":	"Thu, 19 Mar 2026 06:52:51 GMT",
			"timesecs":	1773903171
		},
		"connecting_to":	{
			"host":	"192.0.2.254",
			"port":	5201
		},
		"cookie":	"3ssxn3pfpluumfjyqtefcibgn3qhagg4hbfl",
		"target_bitrate":	9000000000,
		"fq_rate":	0,
		"sock_bufsize":	0,
		"sndbuf_actual":	212992,
		"rcvbuf_actual":	212992,
		"test_start":	{
			"protocol":	"UDP",
			"num_streams":	1,
			"blksize":	1394,
			"omit":	0,
			"duration":	10,
			"bytes":	0,
			"blocks":	0,
			"reverse":	0,
			"tos":	0,
			"target_bitrate":	9000000000,
			"bidir":	0,
			"fqrate":	0
		}
	},
	"intervals":	[{
			"streams":	[{
					"socket":	5,
					"start":	0,
					"end":	2.000059,
					"seconds":	2.0000588893890381,
					"bytes":	1357072940,
					"bits_per_second":	5428131930.3135033,
					"packets":	973510,
					"omitted":	false,
					"sender":	true
				}],
			"sum":	{
				"start":	0,
				"end":	2.000059,
				"seconds":	2.0000588893890381,
				"bytes":	1357072940,
				"bits_per_second":	5428131930.3135033,
				"packets":	973510,
				"omitted":	false,
				"sender":	true
			}
		}, {
			"streams":	[{
					"socket":	5,
					"start":	2.000059,
					"end":	4.000057,
					"seconds":	1.9999979734420776,
					"bytes":	1389946248,
					"bits_per_second":	5559790625.61887,
					"packets":	997093,
					"omitted":	false,
					"sender":	true
				}],
			"sum":	{
				"start":	2.000059,
				"end":	4.000057,
				"seconds":	1.9999979734420776,
				"bytes":	1389946248,
				"bits_per_second":	5559790625.61887,
				"packets":	997093,
				"omitted":	false,
				"sender":	true
			}
		}, {
			"streams":	[{
					"socket":	5,
					"start":	4.000057,
					"end":	6.000058,
					"seconds":	2.0000009536743164,
					"bytes":	1392612970,
					"bits_per_second":	5570449223.8028221,
					"packets":	999005,
					"omitted":	false,
					"sender":	true
				}],
			"sum":	{
				"start":	4.000057,
				"end":	6.000058,
				"seconds":	2.0000009536743164,
				"bytes":	1392612970,
				"bits_per_second":	5570449223.8028221,
				"packets":	999005,
				"omitted":	false,
				"sender":	true
			}
		}, {
			"streams":	[{
					"socket":	5,
					"start":	6.000058,
					"end":	8.000057,
					"seconds":	1.9999990463256836,
					"bytes":	1393783930,
					"bits_per_second":	5575138378.43314,
					"packets":	999846,
					"omitted":	false,
					"sender":	true
				}],
			"sum":	{
				"start":	6.000058,
				"end":	8.000057,
				"seconds":	1.9999990463256836,
				"bytes":	1393783930,
				"bits_per_second":	5575138378.43314,
				"packets":	999846,
				"omitted":	false,
				"sender":	true
			}
		}, {
			"streams":	[{
					"socket":	5,
					"start":	8.000057,
					"end":	10.000311,
					"seconds":	2.0002539157867432,
					"bytes":	1392953106,
					"bits_per_second":	5571105128.2291679,
					"packets":	999249,
					"omitted":	false,
					"sender":	true
				}],
			"sum":	{
				"start":	8.000057,
				"end":	10.000311,
				"seconds":	2.0002539157867432,
				"bytes":	1392953106,
				"bits_per_second":	5571105128.2291679,
				"packets":	999249,
				"omitted":	false,
				"sender":	true
			}
		}],
	"end":	{
		"streams":	[{
				"udp":	{
					"socket":	5,
					"start":	0,
					"end":	10.000311,
					"seconds":	10.000311,
					"bytes":	6926371982,
					"bits_per_second":	5540925262.8243265,
					"jitter_ms":	0.0010596336354300087,
					"lost_packets":	111807,
					"packets":	4968703,
					"lost_percent":	2.2502250587326311,
					"out_of_order":	0,
					"sender":	true
				}
			}],
		"sum":	{
			"start":	0,
			"end":	10.001319,
			"seconds":	10.001319,
			"bytes":	6926371982,
			"bits_per_second":	5540925262.8243265,
			"jitter_ms":	0.0010596336354300087,
			"lost_packets":	111807,
			"packets":	4968703,
			"lost_percent":	2.2502250587326311,
			"sender":	true
		},
		"sum_sent":	{
			"start":	0,
			"end":	10.000311,
			"seconds":	10.000311,
			"bytes":	6926371982,
			"bits_per_second":	5540925262.8243265,
			"jitter_ms":	0,
			"lost_packets":	0,
			"packets":	4968703,
			"lost_percent":	0,
			"sender":	true
		},
		"sum_received":	{
			"start":	0,
			"end":	10.001319,
			"seconds":	10.001319,
			"bytes":	6770490720,
			"bits_per_second":	5415678248.0390835,
			"jitter_ms":	0.0010596336354300087,
			"lost_packets":	111807,
			"packets":	4968687,
			"lost_percent":	2.2502250587326311,
			"sender":	false
		},
		"cpu_utilization_percent":	{
			"host_total":	100.40331801916795,
			"host_user":	13.935600509772216,
			"host_system":	86.4677075099407,
			"remote_total":	122.93149304291833,
			"remote_user":	18.476041162566542,
			"remote_system":	104.45545188035179
		}
	}
}
