{
	"start":	{
		"connected":	[{
				"socket":	5,
				"local_host":	"192.0.1.254",
				"local_port":	38228,
				"remote_host":	"192.0.2.254",
				"remote_port":	5201
			}],
		"version":	"iperf 3.16",
		"system_info":	"Linux lab-dd2 6.8.0-100-generic #100-Ubuntu SMP PREEMPT_DYNAMIC Tue Jan 13 16:40:06 UTC 2026 x86_64",
		"timestamp":	{
			"time":	"Thu, 19 Mar 2026 06:52:30 GMT",
			"timesecs":	1773903150
		},
		"connecting_to":	{
			"host":	"192.0.2.254",
			"port":	5201
		},
		"cookie":	"qx76uku7ukvwmuo4kkosnbcqclme6f544n2z",
		"target_bitrate":	9000000000,
		"fq_rate":	0,
		"sock_bufsize":	0,
		"sndbuf_actual":	212992,
		"rcvbuf_actual":	212992,
		"test_start":	{
			"protocol":	"UDP",
			"num_streams":	1,
			"blksize":	1394,
			"omit":	0,
			"duration":	10,
			"bytes":	0,
			"blocks":	0,
			"reverse":	0,
			"tos":	0,
			"target_bitrate":	9000000000,
			"bidir":	0,
			"fqrate":	0
		}
	},
	"intervals":	[{
			"streams":	[{
					"socket":	5,
					"start":	0,
					"end":	2.000058,
					"seconds":	2.0000579357147217,
					"bytes":	1629954016,
					"bits_per_second":	6519627204.3690977,
					"packets":	1169265,
					"omitted":	false,
					"sender":	true
				}],
			"sum":	{
				"start":	0,
				"end":	2.000058,
				"seconds":	2.0000579357147217,
				"bytes":	1629954016,
				"bits_per_second":	6519627204.3690977,
				"packets":	1169265,
				"omitted":	false,
				"sender":	true
			}
		}, {
			"streams":	[{
					"socket":	5,
					"start":	2.000058,
					"end":	4.000058,
					"seconds":	2,
					"bytes":	1629579030,
					"bits_per_second":	6518316120,
					"packets":	1168995,
					"omitted":	false,
					"sender":	true
				}],
			"sum":	{
				"start":	2.000058,
				"end":	4.000058,
				"seconds":	2,
				"bytes":	1629579030,
				"bits_per_second":	6518316120,
				"packets":	1168995,
				"omitted":	false,
				"sender":	true
			}
		}, {
			"streams":	[{
					"socket":	5,
					"start":	4.000058,
					"end":	6.000057,
					"seconds":	1.9999990463256836,
					"bytes":	1627772406,
					"bits_per_second":	6511092728.7309532,
					"packets":	1167698,
					"omitted":	false,
					"sender":	true
				}],
			"sum":	{
				"start":	4.000058,
				"end":	6.000057,
				"seconds":	1.9999990463256836,
				"bytes":	1627772406,
				"bits_per_second":	6511092728.7309532,
				"packets":	1167698,
				"omitted":	false,
				"sender":	true
			}
		}, {
			"streams":	[{
					"socket":	5,
					"start":	6.000057,
					"end":	8.000058,
					"seconds":	2.0000009536743164,
					"bytes":	1627991264,
					"bits_per_second":	6511961950.85457,
					"packets":	1167857,
					"omitted":	false,
					"sender":	true
				}],
			"sum":	{
				"start":	6.000057,
				"end":	8.000058,
				"seconds":	2.0000009536743164,
				"bytes":	1627991264,
				"bits_per_second":	6511961950.85457,
				"packets":	1167857,
				"omitted":	false,
				"sender":	true
			}
		}, {
			"streams":	[{
					"socket":	5,
					"start":	8.000058,
					"end":	10.000194,
					"seconds":	2.0001358985900879,
					"bytes":	1620894410,
					"bits_per_second":	6483137115.4033356,
					"packets":	1162764,
					"omitted":	false,
					"sender":	true
				}],
			"sum":	{
				"start":	8.000058,
				"end":	10.000194,
				"seconds":	2.0001358985900879,
				"bytes":	1620894410,
				"bits_per_second":	6483137115.4033356,
				"packets":	1162764,
				"omitted":	false,
				"sender":	true
			}
		}],
	"end":	{
		"streams":	[{
				"udp":	{
					"socket":	5,
					"start":	0,
					"end":	10.000194,
					"seconds":	10.000194,
					"bytes":	8136191126,
					"bits_per_second":	6508826629.563386,
					"jitter_ms":	0.00080793367743517538,
					"lost_packets":	909237,
					"packets":	5836579,
					"lost_percent":	15.578252260442289,
					"out_of_order":	0,
					"sender":	true
				}
			}],
		"sum":	{
			"start":	0,
			"end":	10.001257,
			"seconds":	10.001257,
			"bytes":	8136191126,
			"bits_per_second":	6508826629.563386,
			"jitter_ms":	0.00080793367743517538,
			"lost_packets":	909237,
			"packets":	5836579,
			"lost_percent":	15.578252260442289,
			"sender":	true
		},
		"sum_sent":	{
			"start":	0,
			"end":	10.000194,
			"seconds":	10.000194,
			"bytes":	8136191126,
			"bits_per_second":	6508826629.563386,
			"jitter_ms":	0,
			"lost_packets":	0,
			"packets":	5836579,
			"lost_percent":	0,
			"sender":	true
		},
		"sum_received":	{
			"start":	0,
			"end":	10.001257,
			"seconds":	10.001257,
			"bytes":	6868700808,
			"bits_per_second":	5494270016.658906,
			"jitter_ms":	0.00080793367743517538,
			"lost_packets":	909237,
			"packets":	5836569,
			"lost_percent":	15.578252260442289,
			"sender":	false
		},
		"cpu_utilization_percent":	{
			"host_total":	100.28048782682832,
			"host_user":	13.006415521566364,
			"host_system":	87.2740523061299,
			"remote_total":	127.27222460858916,
			"remote_user":	18.687882801920079,
			"remote_system":	108.5843618041574
		}
	}
}
