{
	"start":	{
		"connected":	[{
				"socket":	5,
				"local_host":	"192.0.1.254",
				"local_port":	41768,
				"remote_host":	"192.0.2.254",
				"remote_port":	5201
			}],
		"version":	"iperf 3.16",
		"system_info":	"Linux lab-dd2 6.8.0-100-generic #100-Ubuntu SMP PREEMPT_DYNAMIC Tue Jan 13 16:40:06 UTC 2026 x86_64",
		"timestamp":	{
			"time":	"Thu, 19 Mar 2026 06:43:50 GMT",
			"timesecs":	1773902630
		},
		"connecting_to":	{
			"host":	"192.0.2.254",
			"port":	5201
		},
		"cookie":	"ue5w3qpanbslzuvhmou6kj3m74wiurzbsjef",
		"target_bitrate":	5000000000,
		"fq_rate":	0,
		"sock_bufsize":	0,
		"sndbuf_actual":	212992,
		"rcvbuf_actual":	212992,
		"test_start":	{
			"protocol":	"UDP",
			"num_streams":	1,
			"blksize":	1394,
			"omit":	0,
			"duration":	10,
			"bytes":	0,
			"blocks":	0,
			"reverse":	0,
			"tos":	0,
			"target_bitrate":	5000000000,
			"bidir":	0,
			"fqrate":	0
		}
	},
	"intervals":	[{
			"streams":	[{
					"socket":	5,
					"start":	0,
					"end":	2.000055,
					"seconds":	2.0000550746917725,
					"bytes":	1191080996,
					"bits_per_second":	4764192790.77525,
					"packets":	854435,
					"omitted":	false,
					"sender":	true
				}],
			"sum":	{
				"start":	0,
				"end":	2.000055,
				"seconds":	2.0000550746917725,
				"bytes":	1191080996,
				"bits_per_second":	4764192790.77525,
				"packets":	854435,
				"omitted":	false,
				"sender":	true
			}
		}, {
			"streams":	[{
					"socket":	5,
					"start":	2.000055,
					"end":	4.000056,
					"seconds":	2.0000009536743164,
					"bytes":	1196704392,
					"bits_per_second":	4786815285.4686022,
					"packets":	858468,
					"omitted":	false,
					"sender":	true
				}],
			"sum":	{
				"start":	2.000055,
				"end":	4.000056,
				"seconds":	2.0000009536743164,
				"bytes":	1196704392,
				"bits_per_second":	4786815285.4686022,
				"packets":	858468,
				"omitted":	false,
				"sender":	true
			}
		}, {
			"streams":	[{
					"socket":	5,
					"start":	4.000056,
					"end":	6.000056,
					"seconds":	2,
					"bytes":	1198215488,
					"bits_per_second":	4792861952,
					"packets":	859552,
					"omitted":	false,
					"sender":	true
				}],
			"sum":	{
				"start":	4.000056,
				"end":	6.000056,
				"seconds":	2,
				"bytes":	1198215488,
				"bits_per_second":	4792861952,
				"packets":	859552,
				"omitted":	false,
				"sender":	true
			}
		}, {
			"streams":	[{
					"socket":	5,
					"start":	6.000056,
					"end":	8.000055,
					"seconds":	1.9999990463256836,
					"bytes":	1195173780,
					"bits_per_second":	4780697399.6141624,
					"packets":	857370,
					"omitted":	false,
					"sender":	true
				}],
			"sum":	{
				"start":	6.000056,
				"end":	8.000055,
				"seconds":	1.9999990463256836,
				"bytes":	1195173780,
				"bits_per_second":	4780697399.6141624,
				"packets":	857370,
				"omitted":	false,
				"sender":	true
			}
		}, {
			"streams":	[{
					"socket":	5,
					"start":	8.000055,
					"end":	10.000209,
					"seconds":	2.0001540184021,
					"bytes":	1200650806,
					"bits_per_second":	4802233407.8420076,
					"packets":	861298,
					"omitted":	false,
					"sender":	true
				}],
			"sum":	{
				"start":	8.000055,
				"end":	10.000209,
				"seconds":	2.0001540184021,
				"bytes":	1200650806,
				"bits_per_second":	4802233407.8420076,
				"packets":	861298,
				"omitted":	false,
				"sender":	true
			}
		}],
	"end":	{
		"streams":	[{
				"udp":	{
					"socket":	5,
					"start":	0,
					"end":	10.000209,
					"seconds":	10.000209,
					"bytes":	5981825462,
					"bits_per_second":	4785360355.5685682,
					"jitter_ms":	0.000948272412792733,
					"lost_packets":	281622,
					"packets":	4291123,
					"lost_percent":	6.5628974047120066,
					"out_of_order":	0,
					"sender":	true
				}
			}],
		"sum":	{
			"start":	0,
			"end":	10.000315,
			"seconds":	10.000315,
			"bytes":	5981825462,
			"bits_per_second":	4785360355.5685682,
			"jitter_ms":	0.000948272412792733,
			"lost_packets":	281622,
			"packets":	4291123,
			"lost_percent":	6.5628974047120066,
			"sender":	true
		},
		"sum_sent":	{
			"start":	0,
			"end":	10.000209,
			"seconds":	10.000209,
			"bytes":	5981825462,
			"bits_per_second":	4785360355.5685682,
			"jitter_ms":	0,
			"lost_packets":	0,
			"packets":	4291123,
			"lost_percent":	0,
			"sender":	true
		},
		"sum_received":	{
			"start":	0,
			"end":	10.000315,
			"seconds":	10.000315,
			"bytes":	5589244394,
			"bits_per_second":	4471254670.6778736,
			"jitter_ms":	0.000948272412792733,
			"lost_packets":	281622,
			"packets":	4291123,
			"lost_percent":	6.5628974047120066,
			"sender":	false
		},
		"cpu_utilization_percent":	{
			"host_total":	100.2824005143645,
			"host_user":	8.6233149912656035,
			"host_system":	91.6590855230989,
			"remote_total":	103.89358657330563,
			"remote_user":	15.318504403410413,
			"remote_system":	88.5750821698952
		}
	}
}
