{
	"start":	{
		"connected":	[{
				"socket":	5,
				"local_host":	"192.0.1.254",
				"local_port":	34178,
				"remote_host":	"192.0.2.254",
				"remote_port":	5201
			}],
		"version":	"iperf 3.16",
		"system_info":	"Linux lab-dd2 6.8.0-100-generic #100-Ubuntu SMP PREEMPT_DYNAMIC Tue Jan 13 16:40:06 UTC 2026 x86_64",
		"timestamp":	{
			"time":	"Thu, 19 Mar 2026 06:54:01 GMT",
			"timesecs":	1773903241
		},
		"connecting_to":	{
			"host":	"192.0.2.254",
			"port":	5201
		},
		"cookie":	"z4uvuuvpj54umar46ohlfequ2v564qruaruc",
		"target_bitrate":	10000000000,
		"fq_rate":	0,
		"sock_bufsize":	0,
		"sndbuf_actual":	212992,
		"rcvbuf_actual":	212992,
		"test_start":	{
			"protocol":	"UDP",
			"num_streams":	1,
			"blksize":	1394,
			"omit":	0,
			"duration":	10,
			"bytes":	0,
			"blocks":	0,
			"reverse":	0,
			"tos":	0,
			"target_bitrate":	10000000000,
			"bidir":	0,
			"fqrate":	0
		}
	},
	"intervals":	[{
			"streams":	[{
					"socket":	5,
					"start":	0,
					"end":	2.000055,
					"seconds":	2.0000550746917725,
					"bytes":	995937724,
					"bits_per_second":	3983641197.0944691,
					"packets":	714447,
					"omitted":	false,
					"sender":	true
				}],
			"sum":	{
				"start":	0,
				"end":	2.000055,
				"seconds":	2.0000550746917725,
				"bytes":	995937724,
				"bits_per_second":	3983641197.0944691,
				"packets":	714447,
				"omitted":	false,
				"sender":	true
			}
		}, {
			"streams":	[{
					"socket":	5,
					"start":	2.000055,
					"end":	4.000054,
					"seconds":	1.9999990463256836,
					"bytes":	946118952,
					"bits_per_second":	3784477612.57955,
					"packets":	678708,
					"omitted":	false,
					"sender":	true
				}],
			"sum":	{
				"start":	2.000055,
				"end":	4.000054,
				"seconds":	1.9999990463256836,
				"bytes":	946118952,
				"bits_per_second":	3784477612.57955,
				"packets":	678708,
				"omitted":	false,
				"sender":	true
			}
		}, {
			"streams":	[{
					"socket":	5,
					"start":	4.000054,
					"end":	6.000056,
					"seconds":	2.0000019073486328,
					"bytes":	945161274,
					"bits_per_second":	3780641490.499311,
					"packets":	678020,
					"omitted":	false,
					"sender":	true
				}],
			"sum":	{
				"start":	4.000054,
				"end":	6.000056,
				"seconds":	2.0000019073486328,
				"bytes":	945161274,
				"bits_per_second":	3780641490.499311,
				"packets":	678020,
				"omitted":	false,
				"sender":	true
			}
		}, {
			"streams":	[{
					"socket":	5,
					"start":	6.000056,
					"end":	8.000056,
					"seconds":	2,
					"bytes":	945421952,
					"bits_per_second":	3781687808,
					"packets":	678209,
					"omitted":	false,
					"sender":	true
				}],
			"sum":	{
				"start":	6.000056,
				"end":	8.000056,
				"seconds":	2,
				"bytes":	945421952,
				"bits_per_second":	3781687808,
				"packets":	678209,
				"omitted":	false,
				"sender":	true
			}
		}, {
			"streams":	[{
					"socket":	5,
					"start":	8.000056,
					"end":	10.000192,
					"seconds":	2.0001358985900879,
					"bytes":	945626870,
					"bits_per_second":	3782250478.74629,
					"packets":	678354,
					"omitted":	false,
					"sender":	true
				}],
			"sum":	{
				"start":	8.000056,
				"end":	10.000192,
				"seconds":	2.0001358985900879,
				"bytes":	945626870,
				"bits_per_second":	3782250478.74629,
				"packets":	678354,
				"omitted":	false,
				"sender":	true
			}
		}],
	"end":	{
		"streams":	[{
				"udp":	{
					"socket":	5,
					"start":	0,
					"end":	10.000192,
					"seconds":	10.000192,
					"bytes":	4778266772,
					"bits_per_second":	3822540024.8315229,
					"jitter_ms":	0.0012567667415297724,
					"lost_packets":	147922,
					"packets":	3427738,
					"lost_percent":	4.3154406783715675,
					"out_of_order":	0,
					"sender":	true
				}
			}],
		"sum":	{
			"start":	0,
			"end":	10.002149,
			"seconds":	10.002149,
			"bytes":	4778266772,
			"bits_per_second":	3822540024.8315229,
			"jitter_ms":	0.0012567667415297724,
			"lost_packets":	147922,
			"packets":	3427738,
			"lost_percent":	4.3154406783715675,
			"sender":	true
		},
		"sum_sent":	{
			"start":	0,
			"end":	10.000192,
			"seconds":	10.000192,
			"bytes":	4778266772,
			"bits_per_second":	3822540024.8315229,
			"jitter_ms":	0,
			"lost_packets":	0,
			"packets":	3427738,
			"lost_percent":	0,
			"sender":	true
		},
		"sum_received":	{
			"start":	0,
			"end":	10.002149,
			"seconds":	10.002149,
			"bytes":	4572037018,
			"bits_per_second":	3656843758.6762609,
			"jitter_ms":	0.0012567667415297724,
			"lost_packets":	147922,
			"packets":	3427719,
			"lost_percent":	4.3154406783715675,
			"sender":	false
		},
		"cpu_utilization_percent":	{
			"host_total":	100.2225069388427,
			"host_user":	19.691224125143854,
			"host_system":	80.5312728142858,
			"remote_total":	118.96663027782724,
			"remote_user":	17.345219043383768,
			"remote_system":	101.62141123444349
		}
	}
}
