{
	"start":	{
		"connected":	[{
				"socket":	5,
				"local_host":	"192.0.1.254",
				"local_port":	59365,
				"remote_host":	"192.0.2.254",
				"remote_port":	5201
			}],
		"version":	"iperf 3.16",
		"system_info":	"Linux lab-dd2 6.8.0-100-generic #100-Ubuntu SMP PREEMPT_DYNAMIC Tue Jan 13 16:40:06 UTC 2026 x86_64",
		"timestamp":	{
			"time":	"Thu, 19 Mar 2026 06:43:40 GMT",
			"timesecs":	1773902620
		},
		"connecting_to":	{
			"host":	"192.0.2.254",
			"port":	5201
		},
		"cookie":	"kflvfsyrdcgwo3aespvv4amifuj7jfoz7et7",
		"target_bitrate":	5000000000,
		"fq_rate":	0,
		"sock_bufsize":	0,
		"sndbuf_actual":	212992,
		"rcvbuf_actual":	212992,
		"test_start":	{
			"protocol":	"UDP",
			"num_streams":	1,
			"blksize":	1394,
			"omit":	0,
			"duration":	10,
			"bytes":	0,
			"blocks":	0,
			"reverse":	0,
			"tos":	0,
			"target_bitrate":	5000000000,
			"bidir":	0,
			"fqrate":	0
		}
	},
	"intervals":	[{
			"streams":	[{
					"socket":	5,
					"start":	0,
					"end":	2.000057,
					"seconds":	2.0000569820404053,
					"bytes":	1084310354,
					"bits_per_second":	4337117847.0877972,
					"packets":	777842,
					"omitted":	false,
					"sender":	true
				}],
			"sum":	{
				"start":	0,
				"end":	2.000057,
				"seconds":	2.0000569820404053,
				"bytes":	1084310354,
				"bits_per_second":	4337117847.0877972,
				"packets":	777842,
				"omitted":	false,
				"sender":	true
			}
		}, {
			"streams":	[{
					"socket":	5,
					"start":	2.000057,
					"end":	4.000056,
					"seconds":	1.9999990463256836,
					"bytes":	1336438952,
					"bits_per_second":	5345758357.0562239,
					"packets":	958709,
					"omitted":	false,
					"sender":	true
				}],
			"sum":	{
				"start":	2.000057,
				"end":	4.000056,
				"seconds":	1.9999990463256836,
				"bytes":	1336438952,
				"bits_per_second":	5345758357.0562239,
				"packets":	958709,
				"omitted":	false,
				"sender":	true
			}
		}, {
			"streams":	[{
					"socket":	5,
					"start":	4.000056,
					"end":	6.000057,
					"seconds":	2.0000009536743164,
					"bytes":	1329158090,
					"bits_per_second":	5316629824.8333435,
					"packets":	953484,
					"omitted":	false,
					"sender":	true
				}],
			"sum":	{
				"start":	4.000056,
				"end":	6.000057,
				"seconds":	2.0000009536743164,
				"bytes":	1329158090,
				"bits_per_second":	5316629824.8333435,
				"packets":	953484,
				"omitted":	false,
				"sender":	true
			}
		}, {
			"streams":	[{
					"socket":	5,
					"start":	6.000057,
					"end":	8.000055,
					"seconds":	1.9999979734420776,
					"bytes":	982725392,
					"bits_per_second":	3930905551.1038933,
					"packets":	704969,
					"omitted":	false,
					"sender":	true
				}],
			"sum":	{
				"start":	6.000057,
				"end":	8.000055,
				"seconds":	1.9999979734420776,
				"bytes":	982725392,
				"bits_per_second":	3930905551.1038933,
				"packets":	704969,
				"omitted":	false,
				"sender":	true
			}
		}, {
			"streams":	[{
					"socket":	5,
					"start":	8.000055,
					"end":	10.000148,
					"seconds":	2.00009298324585,
					"bytes":	948647668,
					"bits_per_second":	3794414263.52284,
					"packets":	680521,
					"omitted":	false,
					"sender":	true
				}],
			"sum":	{
				"start":	8.000055,
				"end":	10.000148,
				"seconds":	2.00009298324585,
				"bytes":	948647668,
				"bits_per_second":	3794414263.52284,
				"packets":	680521,
				"omitted":	false,
				"sender":	true
			}
		}],
	"end":	{
		"streams":	[{
				"udp":	{
					"socket":	5,
					"start":	0,
					"end":	10.000148,
					"seconds":	10.000148,
					"bytes":	5681281850,
					"bits_per_second":	4544958214.6184235,
					"jitter_ms":	0.0029929707714473515,
					"lost_packets":	323917,
					"packets":	4075525,
					"lost_percent":	7.9478594782267313,
					"out_of_order":	0,
					"sender":	true
				}
			}],
		"sum":	{
			"start":	0,
			"end":	10.00027,
			"seconds":	10.00027,
			"bytes":	5681281850,
			"bits_per_second":	4544958214.6184235,
			"jitter_ms":	0.0029929707714473515,
			"lost_packets":	323917,
			"packets":	4075525,
			"lost_percent":	7.9478594782267313,
			"sender":	true
		},
		"sum_sent":	{
			"start":	0,
			"end":	10.000148,
			"seconds":	10.000148,
			"bytes":	5681281850,
			"bits_per_second":	4544958214.6184235,
			"jitter_ms":	0,
			"lost_packets":	0,
			"packets":	4075525,
			"lost_percent":	0,
			"sender":	true
		},
		"sum_received":	{
			"start":	0,
			"end":	10.00027,
			"seconds":	10.00027,
			"bytes":	5229712278,
			"bits_per_second":	4183656863.664681,
			"jitter_ms":	0.0029929707714473515,
			"lost_packets":	323917,
			"packets":	4075504,
			"lost_percent":	7.9478594782267313,
			"sender":	false
		},
		"cpu_utilization_percent":	{
			"host_total":	100.2404785772676,
			"host_user":	18.473702499131292,
			"host_system":	81.76675607908625,
			"remote_total":	119.55064213266242,
			"remote_user":	17.944495498621539,
			"remote_system":	101.60616663350091
		}
	}
}
