{
	"start":	{
		"connected":	[{
				"socket":	5,
				"local_host":	"192.0.1.254",
				"local_port":	45692,
				"remote_host":	"192.0.2.254",
				"remote_port":	5201
			}],
		"version":	"iperf 3.16",
		"system_info":	"Linux lab-dd2 6.8.0-100-generic #100-Ubuntu SMP PREEMPT_DYNAMIC Tue Jan 13 16:40:06 UTC 2026 x86_64",
		"timestamp":	{
			"time":	"Thu, 19 Mar 2026 06:48:30 GMT",
			"timesecs":	1773902910
		},
		"connecting_to":	{
			"host":	"192.0.2.254",
			"port":	5201
		},
		"cookie":	"7tnsnj3ne2klvjwdbdkzyqywfi3pxpdsfukk",
		"target_bitrate":	8000000000,
		"fq_rate":	0,
		"sock_bufsize":	0,
		"sndbuf_actual":	212992,
		"rcvbuf_actual":	212992,
		"test_start":	{
			"protocol":	"UDP",
			"num_streams":	1,
			"blksize":	1394,
			"omit":	0,
			"duration":	10,
			"bytes":	0,
			"blocks":	0,
			"reverse":	0,
			"tos":	0,
			"target_bitrate":	8000000000,
			"bidir":	0,
			"fqrate":	0
		}
	},
	"intervals":	[{
			"streams":	[{
					"socket":	5,
					"start":	0,
					"end":	2.000056,
					"seconds":	2.0000560283660889,
					"bytes":	1564165580,
					"bits_per_second":	6256487049.6265764,
					"packets":	1122070,
					"omitted":	false,
					"sender":	true
				}],
			"sum":	{
				"start":	0,
				"end":	2.000056,
				"seconds":	2.0000560283660889,
				"bytes":	1564165580,
				"bits_per_second":	6256487049.6265764,
				"packets":	1122070,
				"omitted":	false,
				"sender":	true
			}
		}, {
			"streams":	[{
					"socket":	5,
					"start":	2.000056,
					"end":	4.000056,
					"seconds":	2,
					"bytes":	1620877682,
					"bits_per_second":	6483510728,
					"packets":	1162754,
					"omitted":	false,
					"sender":	true
				}],
			"sum":	{
				"start":	2.000056,
				"end":	4.000056,
				"seconds":	2,
				"bytes":	1620877682,
				"bits_per_second":	6483510728,
				"packets":	1162754,
				"omitted":	false,
				"sender":	true
			}
		}, {
			"streams":	[{
					"socket":	5,
					"start":	4.000056,
					"end":	6.000057,
					"seconds":	2.0000009536743164,
					"bytes":	1626693450,
					"bits_per_second":	6506770697.32995,
					"packets":	1166925,
					"omitted":	false,
					"sender":	true
				}],
			"sum":	{
				"start":	4.000056,
				"end":	6.000057,
				"seconds":	2.0000009536743164,
				"bytes":	1626693450,
				"bits_per_second":	6506770697.32995,
				"packets":	1166925,
				"omitted":	false,
				"sender":	true
			}
		}, {
			"streams":	[{
					"socket":	5,
					"start":	6.000057,
					"end":	8.000056,
					"seconds":	1.9999990463256836,
					"bytes":	1628805360,
					"bits_per_second":	6515224546.7011576,
					"packets":	1168440,
					"omitted":	false,
					"sender":	true
				}],
			"sum":	{
				"start":	6.000057,
				"end":	8.000056,
				"seconds":	1.9999990463256836,
				"bytes":	1628805360,
				"bits_per_second":	6515224546.7011576,
				"packets":	1168440,
				"omitted":	false,
				"sender":	true
			}
		}, {
			"streams":	[{
					"socket":	5,
					"start":	8.000056,
					"end":	10.000185,
					"seconds":	2.0001289844512939,
					"bytes":	1627946656,
					"bits_per_second":	6511366691.4700632,
					"packets":	1167823,
					"omitted":	false,
					"sender":	true
				}],
			"sum":	{
				"start":	8.000056,
				"end":	10.000185,
				"seconds":	2.0001289844512939,
				"bytes":	1627946656,
				"bits_per_second":	6511366691.4700632,
				"packets":	1167823,
				"omitted":	false,
				"sender":	true
			}
		}],
	"end":	{
		"streams":	[{
				"udp":	{
					"socket":	5,
					"start":	0,
					"end":	10.000185,
					"seconds":	10.000185,
					"bytes":	8068488728,
					"bits_per_second":	6454671570.9759369,
					"jitter_ms":	0.000975480681867631,
					"lost_packets":	904688,
					"packets":	5788012,
					"lost_percent":	15.630375334398062,
					"out_of_order":	0,
					"sender":	true
				}
			}],
		"sum":	{
			"start":	0,
			"end":	10.001341,
			"seconds":	10.001341,
			"bytes":	8068488728,
			"bits_per_second":	6454671570.9759369,
			"jitter_ms":	0.000975480681867631,
			"lost_packets":	904688,
			"packets":	5788012,
			"lost_percent":	15.630375334398062,
			"sender":	true
		},
		"sum_sent":	{
			"start":	0,
			"end":	10.000185,
			"seconds":	10.000185,
			"bytes":	8068488728,
			"bits_per_second":	6454671570.9759369,
			"jitter_ms":	0,
			"lost_packets":	0,
			"packets":	5788012,
			"lost_percent":	0,
			"sender":	true
		},
		"sum_received":	{
			"start":	0,
			"end":	10.001341,
			"seconds":	10.001341,
			"bytes":	6807338322,
			"bits_per_second":	5445140464.2637424,
			"jitter_ms":	0.000975480681867631,
			"lost_packets":	904688,
			"packets":	5788001,
			"lost_percent":	15.630375334398062,
			"sender":	false
		},
		"cpu_utilization_percent":	{
			"host_total":	100.26912264158963,
			"host_user":	12.782995496790456,
			"host_system":	87.486117145444126,
			"remote_total":	126.15249464372202,
			"remote_user":	18.093990930022631,
			"remote_system":	108.05849371504721
		}
	}
}
