{
	"start":	{
		"connected":	[{
				"socket":	5,
				"local_host":	"192.0.1.254",
				"local_port":	59492,
				"remote_host":	"192.0.2.254",
				"remote_port":	5201
			}],
		"version":	"iperf 3.16",
		"system_info":	"Linux lab-dd2 6.8.0-100-generic #100-Ubuntu SMP PREEMPT_DYNAMIC Tue Jan 13 16:40:06 UTC 2026 x86_64",
		"timestamp":	{
			"time":	"Thu, 19 Mar 2026 06:47:10 GMT",
			"timesecs":	1773902830
		},
		"connecting_to":	{
			"host":	"192.0.2.254",
			"port":	5201
		},
		"cookie":	"3qhkihmjdbtjazvfkxdezwcooxqh4fz2vrq6",
		"target_bitrate":	7000000000,
		"fq_rate":	0,
		"sock_bufsize":	0,
		"sndbuf_actual":	212992,
		"rcvbuf_actual":	212992,
		"test_start":	{
			"protocol":	"UDP",
			"num_streams":	1,
			"blksize":	1394,
			"omit":	0,
			"duration":	10,
			"bytes":	0,
			"blocks":	0,
			"reverse":	0,
			"tos":	0,
			"target_bitrate":	7000000000,
			"bidir":	0,
			"fqrate":	0
		}
	},
	"intervals":	[{
			"streams":	[{
					"socket":	5,
					"start":	0,
					"end":	2.000055,
					"seconds":	2.0000550746917725,
					"bytes":	1155171556,
					"bits_per_second":	4620558986.0690126,
					"packets":	828674,
					"omitted":	false,
					"sender":	true
				}],
			"sum":	{
				"start":	0,
				"end":	2.000055,
				"seconds":	2.0000550746917725,
				"bytes":	1155171556,
				"bits_per_second":	4620558986.0690126,
				"packets":	828674,
				"omitted":	false,
				"sender":	true
			}
		}, {
			"streams":	[{
					"socket":	5,
					"start":	2.000055,
					"end":	4.000055,
					"seconds":	2,
					"bytes":	1145575260,
					"bits_per_second":	4582301040,
					"packets":	821791,
					"omitted":	false,
					"sender":	true
				}],
			"sum":	{
				"start":	2.000055,
				"end":	4.000055,
				"seconds":	2,
				"bytes":	1145575260,
				"bits_per_second":	4582301040,
				"packets":	821791,
				"omitted":	false,
				"sender":	true
			}
		}, {
			"streams":	[{
					"socket":	5,
					"start":	4.000055,
					"end":	6.000057,
					"seconds":	2.0000019073486328,
					"bytes":	1140169328,
					"bits_per_second":	4560672962.60333,
					"packets":	817912,
					"omitted":	false,
					"sender":	true
				}],
			"sum":	{
				"start":	4.000055,
				"end":	6.000057,
				"seconds":	2.0000019073486328,
				"bytes":	1140169328,
				"bits_per_second":	4560672962.60333,
				"packets":	817912,
				"omitted":	false,
				"sender":	true
			}
		}, {
			"streams":	[{
					"socket":	5,
					"start":	6.000057,
					"end":	8.000057,
					"seconds":	2,
					"bytes":	1140410490,
					"bits_per_second":	4561641960,
					"packets":	818086,
					"omitted":	false,
					"sender":	true
				}],
			"sum":	{
				"start":	6.000057,
				"end":	8.000057,
				"seconds":	2,
				"bytes":	1140410490,
				"bits_per_second":	4561641960,
				"packets":	818086,
				"omitted":	false,
				"sender":	true
			}
		}, {
			"streams":	[{
					"socket":	5,
					"start":	8.000057,
					"end":	10.000282,
					"seconds":	2.0002250671386719,
					"bytes":	1144599460,
					"bits_per_second":	4577882674.5226345,
					"packets":	821089,
					"omitted":	false,
					"sender":	true
				}],
			"sum":	{
				"start":	8.000057,
				"end":	10.000282,
				"seconds":	2.0002250671386719,
				"bytes":	1144599460,
				"bits_per_second":	4577882674.5226345,
				"packets":	821089,
				"omitted":	false,
				"sender":	true
			}
		}],
	"end":	{
		"streams":	[{
				"udp":	{
					"socket":	5,
					"start":	0,
					"end":	10.000282,
					"seconds":	10.000282,
					"bytes":	5725927488,
					"bits_per_second":	4580612817.118557,
					"jitter_ms":	0.00124528914613387,
					"lost_packets":	291605,
					"packets":	4107552,
					"lost_percent":	7.0992406182563244,
					"out_of_order":	0,
					"sender":	true
				}
			}],
		"sum":	{
			"start":	0,
			"end":	10.001223,
			"seconds":	10.001223,
			"bytes":	5725927488,
			"bits_per_second":	4580612817.118557,
			"jitter_ms":	0.00124528914613387,
			"lost_packets":	291605,
			"packets":	4107552,
			"lost_percent":	7.0992406182563244,
			"sender":	true
		},
		"sum_sent":	{
			"start":	0,
			"end":	10.000282,
			"seconds":	10.000282,
			"bytes":	5725927488,
			"bits_per_second":	4580612817.118557,
			"jitter_ms":	0,
			"lost_packets":	0,
			"packets":	4107552,
			"lost_percent":	0,
			"sender":	true
		},
		"sum_received":	{
			"start":	0,
			"end":	10.001223,
			"seconds":	10.001223,
			"bytes":	5319414784,
			"bits_per_second":	4255011439.3009739,
			"jitter_ms":	0.00124528914613387,
			"lost_packets":	291605,
			"packets":	4107541,
			"lost_percent":	7.0992406182563244,
			"sender":	false
		},
		"cpu_utilization_percent":	{
			"host_total":	100.39293819193036,
			"host_user":	9.14348253671921,
			"host_system":	91.249455655211136,
			"remote_total":	103.07046448219384,
			"remote_user":	14.6695759108661,
			"remote_system":	88.4008985701049
		}
	}
}
